<?xml version="1.0" encoding="UTF-8"?>
<!-- Created with BasicAirData GPS Logger for Android - ver. 3.3.0 -->
<!-- Track 2 = 2942 TrackPoints + 0 Placemarks -->

<!-- Track Statistics (based on Total Time | Time in Movement): -->
<!--  Distance = 35,1 km -->
<!--  Duration = 49:01 | 32:34 -->
<!--  Altitude Gap = -1 m -->
<!--  Max Speed = 106 km/h -->
<!--  Avg Speed = 43,1 | 64,8 km/h -->
<!--  Direction = NNE -->
<!--  Activity = flying -->
<!--  Altitudes = Corrected using EGM96 grid (bilinear interpolation) -->

<gpx version="1.0"
     creator="BasicAirData GPS Logger 3.3.0"
     xmlns="http://www.topografix.com/GPX/1/0"
     xmlns:xsi="http://www.w3.org/2001/XMLSchema-instance"
     xsi:schemaLocation="http://www.topografix.com/GPX/1/0 http://www.topografix.com/GPX/1/0/gpx.xsd">
<name>GPS Logger 20260822-102433</name>
<desc>260822 Vol pendulaire</desc>
<time>2026-08-22T09:18:16Z</time>
<keywords>flying</keywords>
<bounds minlat="44.68809813" minlon="-0.81606670" maxlat="44.70416307" maxlon="-0.77724304" />

<trk>
 <name>Tracé 20260822-102433</name>
 <trkseg>
  <trkpt lat="44.70224529" lon="-0.78081595"><ele>65.587</ele><time>2026-08-22T08:24:33Z</time><speed>0.740</speed><sat>38</sat></trkpt>
  <trkpt lat="44.70224218" lon="-0.78082199"><ele>65.646</ele><time>2026-08-22T08:24:34Z</time><speed>0.680</speed><sat>38</sat></trkpt>
  <trkpt lat="44.70223792" lon="-0.78082679"><ele>65.424</ele><time>2026-08-22T08:24:35Z</time><speed>0.760</speed><sat>38</sat></trkpt>
  <trkpt lat="44.70223241" lon="-0.78083141"><ele>65.181</ele><time>2026-08-22T08:24:36Z</time><speed>0.810</speed><sat>38</sat></trkpt>
  <trkpt lat="44.70222486" lon="-0.78083544"><ele>65.082</ele><time>2026-08-22T08:24:37Z</time><speed>0.980</speed><sat>37</sat></trkpt>
  <trkpt lat="44.70221847" lon="-0.78084153"><ele>65.048</ele><time>2026-08-22T08:24:38Z</time><speed>0.940</speed><sat>37</sat></trkpt>
  <trkpt lat="44.70221296" lon="-0.78085057"><ele>65.093</ele><time>2026-08-22T08:24:39Z</time><speed>1.040</speed><sat>36</sat></trkpt>
  <trkpt lat="44.70220743" lon="-0.78086196"><ele>64.977</ele><time>2026-08-22T08:24:40Z</time><speed>1.120</speed><sat>36</sat></trkpt>
  <trkpt lat="44.70220214" lon="-0.78087626"><ele>64.651</ele><time>2026-08-22T08:24:41Z</time><speed>1.290</speed><sat>36</sat></trkpt>
  <trkpt lat="44.70219869" lon="-0.78089131"><ele>64.381</ele><time>2026-08-22T08:24:42Z</time><speed>1.190</speed><sat>36</sat></trkpt>
  <trkpt lat="44.70219432" lon="-0.78090560"><ele>64.439</ele><time>2026-08-22T08:24:43Z</time><speed>1.220</speed><sat>36</sat></trkpt>
  <trkpt lat="44.70218860" lon="-0.78091612"><ele>64.119</ele><time>2026-08-22T08:24:44Z</time><speed>1.070</speed><sat>34</sat></trkpt>
  <trkpt lat="44.70218209" lon="-0.78092628"><ele>63.901</ele><time>2026-08-22T08:24:45Z</time><speed>1.020</speed><sat>34</sat></trkpt>
  <trkpt lat="44.70217660" lon="-0.78093896"><ele>63.776</ele><time>2026-08-22T08:24:46Z</time><speed>1.180</speed><sat>32</sat></trkpt>
  <trkpt lat="44.70217063" lon="-0.78095028"><ele>63.734</ele><time>2026-08-22T08:24:47Z</time><speed>1.080</speed><sat>32</sat></trkpt>
  <trkpt lat="44.70216527" lon="-0.78096149"><ele>63.558</ele><time>2026-08-22T08:24:48Z</time><speed>1.070</speed><sat>32</sat></trkpt>
  <trkpt lat="44.70215961" lon="-0.78097387"><ele>63.262</ele><time>2026-08-22T08:24:49Z</time><speed>1.130</speed><sat>32</sat></trkpt>
  <trkpt lat="44.70215288" lon="-0.78098187"><ele>62.817</ele><time>2026-08-22T08:24:50Z</time><speed>0.950</speed><sat>33</sat></trkpt>
  <trkpt lat="44.70214843" lon="-0.78099223"><ele>62.721</ele><time>2026-08-22T08:24:51Z</time><speed>1.010</speed><sat>34</sat></trkpt>
  <trkpt lat="44.70214110" lon="-0.78100319"><ele>63.033</ele><time>2026-08-22T08:24:52Z</time><speed>1.110</speed><sat>35</sat></trkpt>
  <trkpt lat="44.70213279" lon="-0.78101663"><ele>63.073</ele><time>2026-08-22T08:24:53Z</time><speed>1.340</speed><sat>35</sat></trkpt>
  <trkpt lat="44.70212689" lon="-0.78103333"><ele>63.178</ele><time>2026-08-22T08:24:54Z</time><speed>1.260</speed><sat>35</sat></trkpt>
  <trkpt lat="44.70212278" lon="-0.78104404"><ele>63.259</ele><time>2026-08-22T08:24:55Z</time><speed>0.990</speed><sat>36</sat></trkpt>
  <trkpt lat="44.70211874" lon="-0.78105349"><ele>63.260</ele><time>2026-08-22T08:24:56Z</time><speed>0.820</speed><sat>36</sat></trkpt>
  <trkpt lat="44.70211622" lon="-0.78106002"><ele>63.191</ele><time>2026-08-22T08:24:57Z</time><speed>0.590</speed><sat>36</sat></trkpt>
  <trkpt lat="44.70211187" lon="-0.78106814"><ele>63.468</ele><time>2026-08-22T08:24:58Z</time><speed>0.790</speed><sat>36</sat></trkpt>
  <trkpt lat="44.70211149" lon="-0.78106921"><ele>63.431</ele><time>2026-08-22T08:24:59Z</time><speed>0.000</speed><sat>36</sat></trkpt>
  <trkpt lat="44.70211159" lon="-0.78106917"><ele>63.430</ele><time>2026-08-22T08:25:00Z</time><speed>0.000</speed><sat>36</sat></trkpt>
  <trkpt lat="44.70211158" lon="-0.78106920"><ele>63.429</ele><time>2026-08-22T08:25:01Z</time><speed>0.000</speed><sat>35</sat></trkpt>
  <trkpt lat="44.70211155" lon="-0.78106924"><ele>63.429</ele><time>2026-08-22T08:25:02Z</time><speed>0.000</speed><sat>35</sat></trkpt>
  <trkpt lat="44.70210949" lon="-0.78107128"><ele>63.402</ele><time>2026-08-22T08:25:03Z</time><speed>0.250</speed><sat>35</sat></trkpt>
  <trkpt lat="44.70210565" lon="-0.78107177"><ele>63.579</ele><time>2026-08-22T08:25:04Z</time><speed>0.460</speed><sat>28</sat></trkpt>
  <trkpt lat="44.70209923" lon="-0.78106482"><ele>63.804</ele><time>2026-08-22T08:25:05Z</time><speed>0.910</speed><sat>28</sat></trkpt>
  <trkpt lat="44.70210239" lon="-0.78106611"><ele>63.638</ele><time>2026-08-22T08:25:06Z</time><speed>0.000</speed><sat>30</sat></trkpt>
  <trkpt lat="44.70210002" lon="-0.78106339"><ele>63.717</ele><time>2026-08-22T08:25:07Z</time><speed>0.430</speed><sat>30</sat></trkpt>
  <trkpt lat="44.70210000" lon="-0.78106359"><ele>63.743</ele><time>2026-08-22T08:25:08Z</time><speed>0.000</speed><sat>31</sat></trkpt>
  <trkpt lat="44.70209858" lon="-0.78106342"><ele>63.579</ele><time>2026-08-22T08:25:09Z</time><speed>0.290</speed><sat>31</sat></trkpt>
  <trkpt lat="44.70209666" lon="-0.78106619"><ele>63.586</ele><time>2026-08-22T08:25:10Z</time><speed>0.310</speed><sat>33</sat></trkpt>
  <trkpt lat="44.70209544" lon="-0.78107124"><ele>63.599</ele><time>2026-08-22T08:25:11Z</time><speed>0.380</speed><sat>34</sat></trkpt>
  <trkpt lat="44.70209618" lon="-0.78107350"><ele>63.595</ele><time>2026-08-22T08:25:12Z</time><speed>0.000</speed><sat>35</sat></trkpt>
  <trkpt lat="44.70209649" lon="-0.78107426"><ele>63.589</ele><time>2026-08-22T08:25:13Z</time><speed>0.000</speed><sat>37</sat></trkpt>
  <trkpt lat="44.70209649" lon="-0.78107478"><ele>63.568</ele><time>2026-08-22T08:25:14Z</time><speed>0.000</speed><sat>37</sat></trkpt>
  <trkpt lat="44.70209638" lon="-0.78107500"><ele>63.570</ele><time>2026-08-22T08:25:15Z</time><speed>0.000</speed><sat>37</sat></trkpt>
  <trkpt lat="44.70209631" lon="-0.78107514"><ele>63.577</ele><time>2026-08-22T08:25:16Z</time><speed>0.000</speed><sat>37</sat></trkpt>
  <trkpt lat="44.70209627" lon="-0.78107528"><ele>63.597</ele><time>2026-08-22T08:25:17Z</time><speed>0.000</speed><sat>37</sat></trkpt>
  <trkpt lat="44.70209621" lon="-0.78107545"><ele>63.589</ele><time>2026-08-22T08:25:18Z</time><speed>0.000</speed><sat>37</sat></trkpt>
  <trkpt lat="44.70209615" lon="-0.78107559"><ele>63.597</ele><time>2026-08-22T08:25:19Z</time><speed>0.000</speed><sat>37</sat></trkpt>
  <trkpt lat="44.70209605" lon="-0.78107570"><ele>63.568</ele><time>2026-08-22T08:25:20Z</time><speed>0.000</speed><sat>37</sat></trkpt>
  <trkpt lat="44.70209605" lon="-0.78107566"><ele>63.582</ele><time>2026-08-22T08:25:21Z</time><speed>0.000</speed><sat>37</sat></trkpt>
  <trkpt lat="44.70209600" lon="-0.78107566"><ele>63.592</ele><time>2026-08-22T08:25:22Z</time><speed>0.000</speed><sat>36</sat></trkpt>
  <trkpt lat="44.70209603" lon="-0.78107576"><ele>63.601</ele><time>2026-08-22T08:25:23Z</time><speed>0.000</speed><sat>37</sat></trkpt>
  <trkpt lat="44.70209598" lon="-0.78107577"><ele>63.605</ele><time>2026-08-22T08:25:24Z</time><speed>0.000</speed><sat>35</sat></trkpt>
  <trkpt lat="44.70209598" lon="-0.78107581"><ele>63.621</ele><time>2026-08-22T08:25:25Z</time><speed>0.000</speed><sat>35</sat></trkpt>
  <trkpt lat="44.70209589" lon="-0.78107595"><ele>63.625</ele><time>2026-08-22T08:25:26Z</time><speed>0.000</speed><sat>34</sat></trkpt>
  <trkpt lat="44.70209584" lon="-0.78107600"><ele>63.630</ele><time>2026-08-22T08:25:27Z</time><speed>0.000</speed><sat>34</sat></trkpt>
  <trkpt lat="44.70209574" lon="-0.78107604"><ele>63.634</ele><time>2026-08-22T08:25:28Z</time><speed>0.000</speed><sat>34</sat></trkpt>
  <trkpt lat="44.70209569" lon="-0.78107608"><ele>63.638</ele><time>2026-08-22T08:25:29Z</time><speed>0.000</speed><sat>35</sat></trkpt>
  <trkpt lat="44.70209602" lon="-0.78107773"><ele>63.603</ele><time>2026-08-22T08:25:30Z</time><speed>0.000</speed><sat>35</sat></trkpt>
  <trkpt lat="44.70209840" lon="-0.78108575"><ele>63.528</ele><time>2026-08-22T08:25:31Z</time><speed>0.590</speed><sat>36</sat></trkpt>
  <trkpt lat="44.70210049" lon="-0.78109044"><ele>63.604</ele><time>2026-08-22T08:25:32Z</time><speed>0.220</speed><sat>37</sat></trkpt>
  <trkpt lat="44.70210142" lon="-0.78109327"><ele>63.454</ele><time>2026-08-22T08:25:33Z</time><speed>0.180</speed><sat>37</sat></trkpt>
  <trkpt lat="44.70210125" lon="-0.78109611"><ele>63.494</ele><time>2026-08-22T08:25:34Z</time><speed>0.220</speed><sat>37</sat></trkpt>
  <trkpt lat="44.70210072" lon="-0.78109562"><ele>63.436</ele><time>2026-08-22T08:25:35Z</time><speed>0.000</speed><sat>37</sat></trkpt>
  <trkpt lat="44.70210136" lon="-0.78109310"><ele>63.438</ele><time>2026-08-22T08:25:36Z</time><speed>0.000</speed><sat>37</sat></trkpt>
  <trkpt lat="44.70210153" lon="-0.78109245"><ele>63.440</ele><time>2026-08-22T08:25:37Z</time><speed>0.000</speed><sat>37</sat></trkpt>
  <trkpt lat="44.70210160" lon="-0.78109213"><ele>63.443</ele><time>2026-08-22T08:25:38Z</time><speed>0.000</speed><sat>37</sat></trkpt>
  <trkpt lat="44.70210165" lon="-0.78109193"><ele>63.444</ele><time>2026-08-22T08:25:39Z</time><speed>0.000</speed><sat>35</sat></trkpt>
  <trkpt lat="44.70210168" lon="-0.78109183"><ele>63.443</ele><time>2026-08-22T08:25:40Z</time><speed>0.000</speed><sat>34</sat></trkpt>
  <trkpt lat="44.70210169" lon="-0.78109173"><ele>63.447</ele><time>2026-08-22T08:25:41Z</time><speed>0.000</speed><sat>31</sat></trkpt>
  <trkpt lat="44.70210174" lon="-0.78109161"><ele>63.450</ele><time>2026-08-22T08:25:42Z</time><speed>0.000</speed><sat>30</sat></trkpt>
  <trkpt lat="44.70210184" lon="-0.78109147"><ele>63.448</ele><time>2026-08-22T08:25:43Z</time><speed>0.000</speed><sat>30</sat></trkpt>
  <trkpt lat="44.70210189" lon="-0.78109136"><ele>63.447</ele><time>2026-08-22T08:25:44Z</time><speed>0.000</speed><sat>30</sat></trkpt>
  <trkpt lat="44.70210189" lon="-0.78109124"><ele>63.452</ele><time>2026-08-22T08:25:45Z</time><speed>0.000</speed><sat>29</sat></trkpt>
  <trkpt lat="44.70210194" lon="-0.78109112"><ele>63.446</ele><time>2026-08-22T08:25:46Z</time><speed>0.000</speed><sat>30</sat></trkpt>
  <trkpt lat="44.70210199" lon="-0.78109102"><ele>63.442</ele><time>2026-08-22T08:25:47Z</time><speed>0.000</speed><sat>31</sat></trkpt>
  <trkpt lat="44.70210198" lon="-0.78109101"><ele>63.452</ele><time>2026-08-22T08:25:48Z</time><speed>0.000</speed><sat>31</sat></trkpt>
  <trkpt lat="44.70210196" lon="-0.78109099"><ele>63.462</ele><time>2026-08-22T08:25:49Z</time><speed>0.000</speed><sat>33</sat></trkpt>
  <trkpt lat="44.70210197" lon="-0.78109094"><ele>63.460</ele><time>2026-08-22T08:25:50Z</time><speed>0.000</speed><sat>33</sat></trkpt>
  <trkpt lat="44.70210196" lon="-0.78109088"><ele>63.460</ele><time>2026-08-22T08:25:51Z</time><speed>0.000</speed><sat>33</sat></trkpt>
  <trkpt lat="44.70210200" lon="-0.78109079"><ele>63.465</ele><time>2026-08-22T08:25:52Z</time><speed>0.000</speed><sat>33</sat></trkpt>
  <trkpt lat="44.70210194" lon="-0.78109064"><ele>63.452</ele><time>2026-08-22T08:25:53Z</time><speed>0.000</speed><sat>33</sat></trkpt>
  <trkpt lat="44.70210194" lon="-0.78109055"><ele>63.454</ele><time>2026-08-22T08:25:54Z</time><speed>0.000</speed><sat>33</sat></trkpt>
  <trkpt lat="44.70210205" lon="-0.78109038"><ele>63.457</ele><time>2026-08-22T08:25:55Z</time><speed>0.000</speed><sat>33</sat></trkpt>
  <trkpt lat="44.70210210" lon="-0.78109028"><ele>63.459</ele><time>2026-08-22T08:25:56Z</time><speed>0.000</speed><sat>33</sat></trkpt>
  <trkpt lat="44.70210212" lon="-0.78109025"><ele>63.463</ele><time>2026-08-22T08:25:57Z</time><speed>0.000</speed><sat>33</sat></trkpt>
  <trkpt lat="44.70210215" lon="-0.78109016"><ele>63.452</ele><time>2026-08-22T08:25:58Z</time><speed>0.000</speed><sat>34</sat></trkpt>
  <trkpt lat="44.70210221" lon="-0.78109007"><ele>63.449</ele><time>2026-08-22T08:25:59Z</time><speed>0.000</speed><sat>35</sat></trkpt>
  <trkpt lat="44.70210229" lon="-0.78109004"><ele>63.451</ele><time>2026-08-22T08:26:00Z</time><speed>0.000</speed><sat>35</sat></trkpt>
  <trkpt lat="44.70210228" lon="-0.78109007"><ele>63.454</ele><time>2026-08-22T08:26:01Z</time><speed>0.000</speed><sat>35</sat></trkpt>
  <trkpt lat="44.70210228" lon="-0.78109004"><ele>63.456</ele><time>2026-08-22T08:26:02Z</time><speed>0.000</speed><sat>35</sat></trkpt>
  <trkpt lat="44.70210229" lon="-0.78109007"><ele>63.456</ele><time>2026-08-22T08:26:03Z</time><speed>0.000</speed><sat>35</sat></trkpt>
  <trkpt lat="44.70210226" lon="-0.78109002"><ele>63.460</ele><time>2026-08-22T08:26:04Z</time><speed>0.000</speed><sat>34</sat></trkpt>
  <trkpt lat="44.70210226" lon="-0.78108997"><ele>63.463</ele><time>2026-08-22T08:26:05Z</time><speed>0.000</speed><sat>35</sat></trkpt>
  <trkpt lat="44.70210222" lon="-0.78109002"><ele>63.463</ele><time>2026-08-22T08:26:06Z</time><speed>0.000</speed><sat>35</sat></trkpt>
  <trkpt lat="44.70210216" lon="-0.78108987"><ele>63.472</ele><time>2026-08-22T08:26:07Z</time><speed>0.000</speed><sat>35</sat></trkpt>
  <trkpt lat="44.70210420" lon="-0.78109182"><ele>63.537</ele><time>2026-08-22T08:26:08Z</time><speed>0.330</speed><sat>35</sat></trkpt>
  <trkpt lat="44.70210413" lon="-0.78109323"><ele>63.541</ele><time>2026-08-22T08:26:09Z</time><speed>0.000</speed><sat>35</sat></trkpt>
  <trkpt lat="44.70210411" lon="-0.78109360"><ele>63.536</ele><time>2026-08-22T08:26:10Z</time><speed>0.000</speed><sat>35</sat></trkpt>
  <trkpt lat="44.70210409" lon="-0.78109385"><ele>63.537</ele><time>2026-08-22T08:26:11Z</time><speed>0.000</speed><sat>35</sat></trkpt>
  <trkpt lat="44.70210583" lon="-0.78109340"><ele>63.329</ele><time>2026-08-22T08:26:12Z</time><speed>0.000</speed><sat>35</sat></trkpt>
  <trkpt lat="44.70210716" lon="-0.78109258"><ele>63.318</ele><time>2026-08-22T08:26:13Z</time><speed>0.000</speed><sat>35</sat></trkpt>
  <trkpt lat="44.70210976" lon="-0.78109182"><ele>63.363</ele><time>2026-08-22T08:26:14Z</time><speed>0.330</speed><sat>35</sat></trkpt>
  <trkpt lat="44.70211245" lon="-0.78108746"><ele>63.261</ele><time>2026-08-22T08:26:15Z</time><speed>0.430</speed><sat>35</sat></trkpt>
  <trkpt lat="44.70211441" lon="-0.78108737"><ele>63.532</ele><time>2026-08-22T08:26:16Z</time><speed>0.250</speed><sat>35</sat></trkpt>
  <trkpt lat="44.70211005" lon="-0.78109773"><ele>63.445</ele><time>2026-08-22T08:26:17Z</time><speed>0.860</speed><sat>35</sat></trkpt>
  <trkpt lat="44.70210817" lon="-0.78110477"><ele>62.994</ele><time>2026-08-22T08:26:18Z</time><speed>0.620</speed><sat>35</sat></trkpt>
  <trkpt lat="44.70210785" lon="-0.78110506"><ele>63.064</ele><time>2026-08-22T08:26:19Z</time><speed>0.000</speed><sat>35</sat></trkpt>
  <trkpt lat="44.70210780" lon="-0.78110467"><ele>63.052</ele><time>2026-08-22T08:26:20Z</time><speed>0.000</speed><sat>35</sat></trkpt>
  <trkpt lat="44.70210779" lon="-0.78110449"><ele>63.053</ele><time>2026-08-22T08:26:21Z</time><speed>0.000</speed><sat>35</sat></trkpt>
  <trkpt lat="44.70210779" lon="-0.78110440"><ele>63.056</ele><time>2026-08-22T08:26:22Z</time><speed>0.000</speed><sat>35</sat></trkpt>
  <trkpt lat="44.70210778" lon="-0.78110423"><ele>63.064</ele><time>2026-08-22T08:26:23Z</time><speed>0.000</speed><sat>34</sat></trkpt>
  <trkpt lat="44.70210779" lon="-0.78110400"><ele>63.060</ele><time>2026-08-22T08:26:24Z</time><speed>0.000</speed><sat>34</sat></trkpt>
  <trkpt lat="44.70210779" lon="-0.78110389"><ele>63.061</ele><time>2026-08-22T08:26:25Z</time><speed>0.000</speed><sat>35</sat></trkpt>
  <trkpt lat="44.70210782" lon="-0.78110380"><ele>63.044</ele><time>2026-08-22T08:26:26Z</time><speed>0.000</speed><sat>35</sat></trkpt>
  <trkpt lat="44.70210787" lon="-0.78110375"><ele>63.039</ele><time>2026-08-22T08:26:27Z</time><speed>0.000</speed><sat>35</sat></trkpt>
  <trkpt lat="44.70210792" lon="-0.78110370"><ele>63.046</ele><time>2026-08-22T08:26:28Z</time><speed>0.000</speed><sat>33</sat></trkpt>
  <trkpt lat="44.70210807" lon="-0.78110366"><ele>63.075</ele><time>2026-08-22T08:26:29Z</time><speed>0.000</speed><sat>32</sat></trkpt>
  <trkpt lat="44.70210814" lon="-0.78110356"><ele>63.083</ele><time>2026-08-22T08:26:30Z</time><speed>0.000</speed><sat>32</sat></trkpt>
  <trkpt lat="44.70210809" lon="-0.78110349"><ele>63.078</ele><time>2026-08-22T08:26:31Z</time><speed>0.000</speed><sat>32</sat></trkpt>
  <trkpt lat="44.70210813" lon="-0.78110341"><ele>63.089</ele><time>2026-08-22T08:26:32Z</time><speed>0.000</speed><sat>32</sat></trkpt>
  <trkpt lat="44.70210816" lon="-0.78110332"><ele>63.100</ele><time>2026-08-22T08:26:33Z</time><speed>0.000</speed><sat>32</sat></trkpt>
  <trkpt lat="44.70210817" lon="-0.78110327"><ele>63.088</ele><time>2026-08-22T08:26:34Z</time><speed>0.000</speed><sat>32</sat></trkpt>
  <trkpt lat="44.70210683" lon="-0.78110193"><ele>63.171</ele><time>2026-08-22T08:26:35Z</time><speed>0.150</speed><sat>34</sat></trkpt>
  <trkpt lat="44.70210643" lon="-0.78110059"><ele>63.189</ele><time>2026-08-22T08:26:36Z</time><speed>0.000</speed><sat>34</sat></trkpt>
  <trkpt lat="44.70210635" lon="-0.78110027"><ele>63.201</ele><time>2026-08-22T08:26:37Z</time><speed>0.000</speed><sat>35</sat></trkpt>
  <trkpt lat="44.70210636" lon="-0.78110010"><ele>63.231</ele><time>2026-08-22T08:26:38Z</time><speed>0.000</speed><sat>35</sat></trkpt>
  <trkpt lat="44.70210656" lon="-0.78110332"><ele>63.041</ele><time>2026-08-22T08:26:39Z</time><speed>0.390</speed><sat>35</sat></trkpt>
  <trkpt lat="44.70210600" lon="-0.78110934"><ele>62.972</ele><time>2026-08-22T08:26:40Z</time><speed>0.560</speed><sat>35</sat></trkpt>
  <trkpt lat="44.70210368" lon="-0.78111509"><ele>63.017</ele><time>2026-08-22T08:26:41Z</time><speed>0.550</speed><sat>35</sat></trkpt>
  <trkpt lat="44.70210171" lon="-0.78111890"><ele>63.006</ele><time>2026-08-22T08:26:42Z</time><speed>0.450</speed><sat>36</sat></trkpt>
  <trkpt lat="44.70210059" lon="-0.78112224"><ele>63.015</ele><time>2026-08-22T08:26:43Z</time><speed>0.370</speed><sat>36</sat></trkpt>
  <trkpt lat="44.70210028" lon="-0.78112186"><ele>62.984</ele><time>2026-08-22T08:26:44Z</time><speed>0.000</speed><sat>36</sat></trkpt>
  <trkpt lat="44.70210044" lon="-0.78111920"><ele>62.981</ele><time>2026-08-22T08:26:45Z</time><speed>0.000</speed><sat>36</sat></trkpt>
  <trkpt lat="44.70210038" lon="-0.78111866"><ele>62.984</ele><time>2026-08-22T08:26:46Z</time><speed>0.000</speed><sat>36</sat></trkpt>
  <trkpt lat="44.70210031" lon="-0.78111861"><ele>62.973</ele><time>2026-08-22T08:26:47Z</time><speed>0.000</speed><sat>36</sat></trkpt>
  <trkpt lat="44.70210032" lon="-0.78111860"><ele>62.974</ele><time>2026-08-22T08:26:48Z</time><speed>0.000</speed><sat>36</sat></trkpt>
  <trkpt lat="44.70210029" lon="-0.78111861"><ele>62.976</ele><time>2026-08-22T08:26:49Z</time><speed>0.000</speed><sat>36</sat></trkpt>
  <trkpt lat="44.70210027" lon="-0.78111855"><ele>62.974</ele><time>2026-08-22T08:26:50Z</time><speed>0.000</speed><sat>36</sat></trkpt>
  <trkpt lat="44.70210031" lon="-0.78111833"><ele>62.976</ele><time>2026-08-22T08:26:51Z</time><speed>0.000</speed><sat>36</sat></trkpt>
  <trkpt lat="44.70210035" lon="-0.78111804"><ele>62.981</ele><time>2026-08-22T08:26:52Z</time><speed>0.000</speed><sat>36</sat></trkpt>
  <trkpt lat="44.70210044" lon="-0.78111777"><ele>63.002</ele><time>2026-08-22T08:26:53Z</time><speed>0.000</speed><sat>36</sat></trkpt>
  <trkpt lat="44.70210043" lon="-0.78111769"><ele>63.001</ele><time>2026-08-22T08:26:54Z</time><speed>0.000</speed><sat>36</sat></trkpt>
  <trkpt lat="44.70210040" lon="-0.78111774"><ele>62.998</ele><time>2026-08-22T08:26:55Z</time><speed>0.000</speed><sat>36</sat></trkpt>
  <trkpt lat="44.70210033" lon="-0.78111776"><ele>62.982</ele><time>2026-08-22T08:26:56Z</time><speed>0.000</speed><sat>36</sat></trkpt>
  <trkpt lat="44.70210026" lon="-0.78111775"><ele>62.971</ele><time>2026-08-22T08:26:57Z</time><speed>0.000</speed><sat>36</sat></trkpt>
  <trkpt lat="44.70210026" lon="-0.78111774"><ele>62.972</ele><time>2026-08-22T08:26:58Z</time><speed>0.000</speed><sat>36</sat></trkpt>
  <trkpt lat="44.70210028" lon="-0.78111761"><ele>62.966</ele><time>2026-08-22T08:26:59Z</time><speed>0.000</speed><sat>36</sat></trkpt>
  <trkpt lat="44.70210043" lon="-0.78111732"><ele>62.982</ele><time>2026-08-22T08:27:00Z</time><speed>0.000</speed><sat>35</sat></trkpt>
  <trkpt lat="44.70210038" lon="-0.78111737"><ele>62.976</ele><time>2026-08-22T08:27:01Z</time><speed>0.000</speed><sat>35</sat></trkpt>
  <trkpt lat="44.70210027" lon="-0.78111745"><ele>62.963</ele><time>2026-08-22T08:27:02Z</time><speed>0.000</speed><sat>34</sat></trkpt>
  <trkpt lat="44.70210022" lon="-0.78111751"><ele>62.956</ele><time>2026-08-22T08:27:03Z</time><speed>0.000</speed><sat>34</sat></trkpt>
  <trkpt lat="44.70210014" lon="-0.78111758"><ele>62.950</ele><time>2026-08-22T08:27:04Z</time><speed>0.000</speed><sat>34</sat></trkpt>
  <trkpt lat="44.70210012" lon="-0.78111755"><ele>62.951</ele><time>2026-08-22T08:27:05Z</time><speed>0.000</speed><sat>34</sat></trkpt>
  <trkpt lat="44.70210012" lon="-0.78111754"><ele>62.949</ele><time>2026-08-22T08:27:06Z</time><speed>0.000</speed><sat>34</sat></trkpt>
  <trkpt lat="44.70210005" lon="-0.78111755"><ele>62.947</ele><time>2026-08-22T08:27:07Z</time><speed>0.000</speed><sat>34</sat></trkpt>
  <trkpt lat="44.70210003" lon="-0.78111755"><ele>62.945</ele><time>2026-08-22T08:27:08Z</time><speed>0.000</speed><sat>35</sat></trkpt>
  <trkpt lat="44.70209926" lon="-0.78111670"><ele>62.946</ele><time>2026-08-22T08:27:09Z</time><speed>0.000</speed><sat>36</sat></trkpt>
  <trkpt lat="44.70209795" lon="-0.78111669"><ele>62.947</ele><time>2026-08-22T08:27:10Z</time><speed>0.000</speed><sat>36</sat></trkpt>
  <trkpt lat="44.70209739" lon="-0.78111680"><ele>62.951</ele><time>2026-08-22T08:27:11Z</time><speed>0.000</speed><sat>36</sat></trkpt>
  <trkpt lat="44.70209725" lon="-0.78111680"><ele>62.952</ele><time>2026-08-22T08:27:12Z</time><speed>0.000</speed><sat>35</sat></trkpt>
  <trkpt lat="44.70209724" lon="-0.78111683"><ele>62.952</ele><time>2026-08-22T08:27:13Z</time><speed>0.000</speed><sat>36</sat></trkpt>
  <trkpt lat="44.70209722" lon="-0.78111684"><ele>62.954</ele><time>2026-08-22T08:27:14Z</time><speed>0.000</speed><sat>36</sat></trkpt>
  <trkpt lat="44.70209722" lon="-0.78111676"><ele>62.958</ele><time>2026-08-22T08:27:15Z</time><speed>0.000</speed><sat>34</sat></trkpt>
  <trkpt lat="44.70209718" lon="-0.78111664"><ele>62.949</ele><time>2026-08-22T08:27:16Z</time><speed>0.000</speed><sat>35</sat></trkpt>
  <trkpt lat="44.70209709" lon="-0.78111672"><ele>62.943</ele><time>2026-08-22T08:27:17Z</time><speed>0.000</speed><sat>35</sat></trkpt>
  <trkpt lat="44.70209713" lon="-0.78111664"><ele>62.941</ele><time>2026-08-22T08:27:18Z</time><speed>0.000</speed><sat>35</sat></trkpt>
  <trkpt lat="44.70209713" lon="-0.78111662"><ele>62.940</ele><time>2026-08-22T08:27:19Z</time><speed>0.000</speed><sat>34</sat></trkpt>
  <trkpt lat="44.70209716" lon="-0.78111656"><ele>62.939</ele><time>2026-08-22T08:27:20Z</time><speed>0.000</speed><sat>35</sat></trkpt>
  <trkpt lat="44.70209717" lon="-0.78111645"><ele>62.928</ele><time>2026-08-22T08:27:21Z</time><speed>0.000</speed><sat>35</sat></trkpt>
  <trkpt lat="44.70209718" lon="-0.78111632"><ele>62.920</ele><time>2026-08-22T08:27:22Z</time><speed>0.000</speed><sat>34</sat></trkpt>
  <trkpt lat="44.70209722" lon="-0.78111621"><ele>62.914</ele><time>2026-08-22T08:27:23Z</time><speed>0.000</speed><sat>33</sat></trkpt>
  <trkpt lat="44.70209714" lon="-0.78111609"><ele>62.902</ele><time>2026-08-22T08:27:24Z</time><speed>0.000</speed><sat>34</sat></trkpt>
  <trkpt lat="44.70209707" lon="-0.78111604"><ele>62.898</ele><time>2026-08-22T08:27:25Z</time><speed>0.000</speed><sat>34</sat></trkpt>
  <trkpt lat="44.70209699" lon="-0.78111602"><ele>62.891</ele><time>2026-08-22T08:27:26Z</time><speed>0.000</speed><sat>35</sat></trkpt>
  <trkpt lat="44.70209700" lon="-0.78111601"><ele>62.893</ele><time>2026-08-22T08:27:27Z</time><speed>0.000</speed><sat>36</sat></trkpt>
  <trkpt lat="44.70209696" lon="-0.78111606"><ele>62.882</ele><time>2026-08-22T08:27:28Z</time><speed>0.000</speed><sat>36</sat></trkpt>
  <trkpt lat="44.70209688" lon="-0.78111614"><ele>62.882</ele><time>2026-08-22T08:27:29Z</time><speed>0.000</speed><sat>36</sat></trkpt>
  <trkpt lat="44.70209685" lon="-0.78111615"><ele>62.890</ele><time>2026-08-22T08:27:30Z</time><speed>0.000</speed><sat>36</sat></trkpt>
  <trkpt lat="44.70209675" lon="-0.78111627"><ele>62.889</ele><time>2026-08-22T08:27:31Z</time><speed>0.000</speed><sat>36</sat></trkpt>
  <trkpt lat="44.70209665" lon="-0.78111636"><ele>62.895</ele><time>2026-08-22T08:27:32Z</time><speed>0.000</speed><sat>36</sat></trkpt>
  <trkpt lat="44.70209663" lon="-0.78111634"><ele>62.887</ele><time>2026-08-22T08:27:33Z</time><speed>0.000</speed><sat>35</sat></trkpt>
  <trkpt lat="44.70209664" lon="-0.78111630"><ele>62.882</ele><time>2026-08-22T08:27:34Z</time><speed>0.000</speed><sat>36</sat></trkpt>
  <trkpt lat="44.70209655" lon="-0.78111621"><ele>62.859</ele><time>2026-08-22T08:27:35Z</time><speed>0.000</speed><sat>36</sat></trkpt>
  <trkpt lat="44.70209639" lon="-0.78111627"><ele>62.836</ele><time>2026-08-22T08:27:36Z</time><speed>0.000</speed><sat>36</sat></trkpt>
  <trkpt lat="44.70209634" lon="-0.78111628"><ele>62.837</ele><time>2026-08-22T08:27:37Z</time><speed>0.000</speed><sat>36</sat></trkpt>
  <trkpt lat="44.70209681" lon="-0.78111562"><ele>62.704</ele><time>2026-08-22T08:27:38Z</time><speed>0.000</speed><sat>36</sat></trkpt>
  <trkpt lat="44.70209730" lon="-0.78111463"><ele>62.718</ele><time>2026-08-22T08:27:39Z</time><speed>0.000</speed><sat>36</sat></trkpt>
  <trkpt lat="44.70209740" lon="-0.78111438"><ele>62.716</ele><time>2026-08-22T08:27:40Z</time><speed>0.000</speed><sat>36</sat></trkpt>
  <trkpt lat="44.70209731" lon="-0.78111432"><ele>62.707</ele><time>2026-08-22T08:27:41Z</time><speed>0.000</speed><sat>36</sat></trkpt>
  <trkpt lat="44.70209728" lon="-0.78111432"><ele>62.708</ele><time>2026-08-22T08:27:42Z</time><speed>0.000</speed><sat>36</sat></trkpt>
  <trkpt lat="44.70209726" lon="-0.78111434"><ele>62.709</ele><time>2026-08-22T08:27:43Z</time><speed>0.000</speed><sat>36</sat></trkpt>
  <trkpt lat="44.70209733" lon="-0.78111442"><ele>62.699</ele><time>2026-08-22T08:27:44Z</time><speed>0.000</speed><sat>36</sat></trkpt>
  <trkpt lat="44.70209746" lon="-0.78111452"><ele>62.686</ele><time>2026-08-22T08:27:45Z</time><speed>0.000</speed><sat>35</sat></trkpt>
  <trkpt lat="44.70209751" lon="-0.78111459"><ele>62.686</ele><time>2026-08-22T08:27:46Z</time><speed>0.000</speed><sat>34</sat></trkpt>
  <trkpt lat="44.70209751" lon="-0.78111460"><ele>62.684</ele><time>2026-08-22T08:27:47Z</time><speed>0.000</speed><sat>32</sat></trkpt>
  <trkpt lat="44.70209757" lon="-0.78111449"><ele>62.697</ele><time>2026-08-22T08:27:48Z</time><speed>0.000</speed><sat>32</sat></trkpt>
  <trkpt lat="44.70209766" lon="-0.78111427"><ele>62.713</ele><time>2026-08-22T08:27:49Z</time><speed>0.000</speed><sat>33</sat></trkpt>
  <trkpt lat="44.70209764" lon="-0.78111424"><ele>62.709</ele><time>2026-08-22T08:27:50Z</time><speed>0.000</speed><sat>33</sat></trkpt>
  <trkpt lat="44.70209762" lon="-0.78111425"><ele>62.702</ele><time>2026-08-22T08:27:51Z</time><speed>0.000</speed><sat>33</sat></trkpt>
  <trkpt lat="44.70209760" lon="-0.78111427"><ele>62.701</ele><time>2026-08-22T08:27:52Z</time><speed>0.000</speed><sat>34</sat></trkpt>
  <trkpt lat="44.70209764" lon="-0.78111423"><ele>62.708</ele><time>2026-08-22T08:27:53Z</time><speed>0.000</speed><sat>34</sat></trkpt>
  <trkpt lat="44.70209769" lon="-0.78111417"><ele>62.715</ele><time>2026-08-22T08:27:54Z</time><speed>0.000</speed><sat>34</sat></trkpt>
  <trkpt lat="44.70209779" lon="-0.78111406"><ele>62.723</ele><time>2026-08-22T08:27:55Z</time><speed>0.000</speed><sat>34</sat></trkpt>
  <trkpt lat="44.70209779" lon="-0.78111418"><ele>62.722</ele><time>2026-08-22T08:27:56Z</time><speed>0.000</speed><sat>34</sat></trkpt>
  <trkpt lat="44.70209783" lon="-0.78111411"><ele>62.729</ele><time>2026-08-22T08:27:57Z</time><speed>0.000</speed><sat>34</sat></trkpt>
  <trkpt lat="44.70209792" lon="-0.78111420"><ele>62.724</ele><time>2026-08-22T08:27:58Z</time><speed>0.000</speed><sat>33</sat></trkpt>
  <trkpt lat="44.70209792" lon="-0.78111394"><ele>62.729</ele><time>2026-08-22T08:27:59Z</time><speed>0.000</speed><sat>33</sat></trkpt>
  <trkpt lat="44.70209798" lon="-0.78111385"><ele>62.730</ele><time>2026-08-22T08:28:00Z</time><speed>0.000</speed><sat>34</sat></trkpt>
  <trkpt lat="44.70209804" lon="-0.78111375"><ele>62.753</ele><time>2026-08-22T08:28:01Z</time><speed>0.000</speed><sat>34</sat></trkpt>
  <trkpt lat="44.70209804" lon="-0.78111370"><ele>62.744</ele><time>2026-08-22T08:28:02Z</time><speed>0.000</speed><sat>34</sat></trkpt>
  <trkpt lat="44.70209814" lon="-0.78111379"><ele>62.735</ele><time>2026-08-22T08:28:03Z</time><speed>0.000</speed><sat>35</sat></trkpt>
  <trkpt lat="44.70209819" lon="-0.78111385"><ele>62.737</ele><time>2026-08-22T08:28:04Z</time><speed>0.000</speed><sat>35</sat></trkpt>
  <trkpt lat="44.70209821" lon="-0.78111375"><ele>62.738</ele><time>2026-08-22T08:28:05Z</time><speed>0.000</speed><sat>35</sat></trkpt>
  <trkpt lat="44.70209824" lon="-0.78111369"><ele>62.737</ele><time>2026-08-22T08:28:06Z</time><speed>0.000</speed><sat>35</sat></trkpt>
  <trkpt lat="44.70209820" lon="-0.78111351"><ele>62.750</ele><time>2026-08-22T08:28:07Z</time><speed>0.000</speed><sat>35</sat></trkpt>
  <trkpt lat="44.70209823" lon="-0.78111348"><ele>62.746</ele><time>2026-08-22T08:28:08Z</time><speed>0.000</speed><sat>35</sat></trkpt>
  <trkpt lat="44.70209829" lon="-0.78111348"><ele>62.742</ele><time>2026-08-22T08:28:09Z</time><speed>0.000</speed><sat>34</sat></trkpt>
  <trkpt lat="44.70209835" lon="-0.78111352"><ele>62.738</ele><time>2026-08-22T08:28:10Z</time><speed>0.000</speed><sat>34</sat></trkpt>
  <trkpt lat="44.70209836" lon="-0.78111356"><ele>62.732</ele><time>2026-08-22T08:28:11Z</time><speed>0.000</speed><sat>34</sat></trkpt>
  <trkpt lat="44.70209838" lon="-0.78111349"><ele>62.733</ele><time>2026-08-22T08:28:12Z</time><speed>0.000</speed><sat>33</sat></trkpt>
  <trkpt lat="44.70209833" lon="-0.78111367"><ele>62.715</ele><time>2026-08-22T08:28:13Z</time><speed>0.000</speed><sat>34</sat></trkpt>
  <trkpt lat="44.70209830" lon="-0.78111376"><ele>62.708</ele><time>2026-08-22T08:28:14Z</time><speed>0.000</speed><sat>35</sat></trkpt>
  <trkpt lat="44.70209834" lon="-0.78111385"><ele>62.689</ele><time>2026-08-22T08:28:15Z</time><speed>0.000</speed><sat>34</sat></trkpt>
  <trkpt lat="44.70209835" lon="-0.78111388"><ele>62.691</ele><time>2026-08-22T08:28:16Z</time><speed>0.000</speed><sat>34</sat></trkpt>
  <trkpt lat="44.70209838" lon="-0.78111388"><ele>62.686</ele><time>2026-08-22T08:28:17Z</time><speed>0.000</speed><sat>34</sat></trkpt>
  <trkpt lat="44.70209845" lon="-0.78111382"><ele>62.688</ele><time>2026-08-22T08:28:18Z</time><speed>0.000</speed><sat>35</sat></trkpt>
  <trkpt lat="44.70209851" lon="-0.78111400"><ele>62.686</ele><time>2026-08-22T08:28:19Z</time><speed>0.000</speed><sat>35</sat></trkpt>
  <trkpt lat="44.70209846" lon="-0.78111398"><ele>62.684</ele><time>2026-08-22T08:28:20Z</time><speed>0.000</speed><sat>35</sat></trkpt>
  <trkpt lat="44.70209855" lon="-0.78111394"><ele>62.674</ele><time>2026-08-22T08:28:21Z</time><speed>0.000</speed><sat>34</sat></trkpt>
  <trkpt lat="44.70209860" lon="-0.78111406"><ele>62.676</ele><time>2026-08-22T08:28:22Z</time><speed>0.000</speed><sat>34</sat></trkpt>
  <trkpt lat="44.70209866" lon="-0.78111411"><ele>62.670</ele><time>2026-08-22T08:28:23Z</time><speed>0.000</speed><sat>34</sat></trkpt>
  <trkpt lat="44.70209870" lon="-0.78111418"><ele>62.672</ele><time>2026-08-22T08:28:24Z</time><speed>0.000</speed><sat>32</sat></trkpt>
  <trkpt lat="44.70209872" lon="-0.78111428"><ele>62.677</ele><time>2026-08-22T08:28:25Z</time><speed>0.000</speed><sat>32</sat></trkpt>
  <trkpt lat="44.70209874" lon="-0.78111423"><ele>62.687</ele><time>2026-08-22T08:28:26Z</time><speed>0.000</speed><sat>33</sat></trkpt>
  <trkpt lat="44.70209871" lon="-0.78111430"><ele>62.668</ele><time>2026-08-22T08:28:27Z</time><speed>0.000</speed><sat>33</sat></trkpt>
  <trkpt lat="44.70209882" lon="-0.78111433"><ele>62.666</ele><time>2026-08-22T08:28:28Z</time><speed>0.000</speed><sat>33</sat></trkpt>
  <trkpt lat="44.70209879" lon="-0.78111440"><ele>62.645</ele><time>2026-08-22T08:28:29Z</time><speed>0.000</speed><sat>33</sat></trkpt>
  <trkpt lat="44.70209887" lon="-0.78111450"><ele>62.637</ele><time>2026-08-22T08:28:30Z</time><speed>0.000</speed><sat>33</sat></trkpt>
  <trkpt lat="44.70209885" lon="-0.78111458"><ele>62.633</ele><time>2026-08-22T08:28:31Z</time><speed>0.000</speed><sat>33</sat></trkpt>
  <trkpt lat="44.70209889" lon="-0.78111481"><ele>62.614</ele><time>2026-08-22T08:28:32Z</time><speed>0.000</speed><sat>33</sat></trkpt>
  <trkpt lat="44.70209892" lon="-0.78111485"><ele>62.606</ele><time>2026-08-22T08:28:33Z</time><speed>0.000</speed><sat>33</sat></trkpt>
  <trkpt lat="44.70210127" lon="-0.78111400"><ele>62.512</ele><time>2026-08-22T08:28:34Z</time><speed>0.240</speed><sat>34</sat></trkpt>
  <trkpt lat="44.70210242" lon="-0.78111246"><ele>62.531</ele><time>2026-08-22T08:28:35Z</time><speed>0.000</speed><sat>34</sat></trkpt>
  <trkpt lat="44.70210240" lon="-0.78111155"><ele>62.544</ele><time>2026-08-22T08:28:36Z</time><speed>0.000</speed><sat>34</sat></trkpt>
  <trkpt lat="44.70210236" lon="-0.78111126"><ele>62.543</ele><time>2026-08-22T08:28:37Z</time><speed>0.000</speed><sat>35</sat></trkpt>
  <trkpt lat="44.70210229" lon="-0.78111106"><ele>62.546</ele><time>2026-08-22T08:28:38Z</time><speed>0.000</speed><sat>35</sat></trkpt>
  <trkpt lat="44.70210224" lon="-0.78111098"><ele>62.547</ele><time>2026-08-22T08:28:39Z</time><speed>0.000</speed><sat>35</sat></trkpt>
  <trkpt lat="44.70210216" lon="-0.78111098"><ele>62.545</ele><time>2026-08-22T08:28:40Z</time><speed>0.000</speed><sat>35</sat></trkpt>
  <trkpt lat="44.70210223" lon="-0.78111088"><ele>62.557</ele><time>2026-08-22T08:28:41Z</time><speed>0.000</speed><sat>34</sat></trkpt>
  <trkpt lat="44.70210227" lon="-0.78111084"><ele>62.555</ele><time>2026-08-22T08:28:42Z</time><speed>0.000</speed><sat>34</sat></trkpt>
  <trkpt lat="44.70210228" lon="-0.78111083"><ele>62.555</ele><time>2026-08-22T08:28:43Z</time><speed>0.000</speed><sat>34</sat></trkpt>
  <trkpt lat="44.70210224" lon="-0.78111081"><ele>62.556</ele><time>2026-08-22T08:28:44Z</time><speed>0.000</speed><sat>34</sat></trkpt>
  <trkpt lat="44.70210218" lon="-0.78111079"><ele>62.558</ele><time>2026-08-22T08:28:45Z</time><speed>0.000</speed><sat>34</sat></trkpt>
  <trkpt lat="44.70210213" lon="-0.78111078"><ele>62.560</ele><time>2026-08-22T08:28:46Z</time><speed>0.000</speed><sat>34</sat></trkpt>
  <trkpt lat="44.70210209" lon="-0.78111071"><ele>62.559</ele><time>2026-08-22T08:28:47Z</time><speed>0.000</speed><sat>34</sat></trkpt>
  <trkpt lat="44.70210253" lon="-0.78111104"><ele>62.502</ele><time>2026-08-22T08:28:48Z</time><speed>0.000</speed><sat>34</sat></trkpt>
  <trkpt lat="44.70210252" lon="-0.78111121"><ele>62.517</ele><time>2026-08-22T08:28:49Z</time><speed>0.000</speed><sat>34</sat></trkpt>
  <trkpt lat="44.70210245" lon="-0.78111113"><ele>62.516</ele><time>2026-08-22T08:28:50Z</time><speed>0.000</speed><sat>35</sat></trkpt>
  <trkpt lat="44.70210244" lon="-0.78111115"><ele>62.511</ele><time>2026-08-22T08:28:51Z</time><speed>0.000</speed><sat>35</sat></trkpt>
  <trkpt lat="44.70210231" lon="-0.78111115"><ele>62.502</ele><time>2026-08-22T08:28:52Z</time><speed>0.000</speed><sat>35</sat></trkpt>
  <trkpt lat="44.70210225" lon="-0.78111122"><ele>62.492</ele><time>2026-08-22T08:28:53Z</time><speed>0.000</speed><sat>35</sat></trkpt>
  <trkpt lat="44.70210227" lon="-0.78111129"><ele>62.486</ele><time>2026-08-22T08:28:54Z</time><speed>0.000</speed><sat>35</sat></trkpt>
  <trkpt lat="44.70210229" lon="-0.78111131"><ele>62.482</ele><time>2026-08-22T08:28:55Z</time><speed>0.000</speed><sat>35</sat></trkpt>
  <trkpt lat="44.70210229" lon="-0.78111134"><ele>62.480</ele><time>2026-08-22T08:28:56Z</time><speed>0.000</speed><sat>35</sat></trkpt>
  <trkpt lat="44.70210222" lon="-0.78111133"><ele>62.469</ele><time>2026-08-22T08:28:57Z</time><speed>0.000</speed><sat>35</sat></trkpt>
  <trkpt lat="44.70210220" lon="-0.78111130"><ele>62.451</ele><time>2026-08-22T08:28:58Z</time><speed>0.000</speed><sat>35</sat></trkpt>
  <trkpt lat="44.70210220" lon="-0.78111131"><ele>62.445</ele><time>2026-08-22T08:28:59Z</time><speed>0.000</speed><sat>35</sat></trkpt>
  <trkpt lat="44.70210145" lon="-0.78111265"><ele>62.501</ele><time>2026-08-22T08:29:00Z</time><speed>0.000</speed><sat>35</sat></trkpt>
  <trkpt lat="44.70210139" lon="-0.78111312"><ele>62.484</ele><time>2026-08-22T08:29:01Z</time><speed>0.000</speed><sat>35</sat></trkpt>
  <trkpt lat="44.70210136" lon="-0.78111316"><ele>62.481</ele><time>2026-08-22T08:29:02Z</time><speed>0.000</speed><sat>35</sat></trkpt>
  <trkpt lat="44.70210139" lon="-0.78111322"><ele>62.472</ele><time>2026-08-22T08:29:03Z</time><speed>0.000</speed><sat>35</sat></trkpt>
  <trkpt lat="44.70210139" lon="-0.78111326"><ele>62.471</ele><time>2026-08-22T08:29:04Z</time><speed>0.000</speed><sat>35</sat></trkpt>
  <trkpt lat="44.70210138" lon="-0.78111326"><ele>62.469</ele><time>2026-08-22T08:29:05Z</time><speed>0.000</speed><sat>35</sat></trkpt>
  <trkpt lat="44.70210140" lon="-0.78111324"><ele>62.470</ele><time>2026-08-22T08:29:06Z</time><speed>0.000</speed><sat>35</sat></trkpt>
  <trkpt lat="44.70210148" lon="-0.78111320"><ele>62.476</ele><time>2026-08-22T08:29:07Z</time><speed>0.000</speed><sat>35</sat></trkpt>
  <trkpt lat="44.70210155" lon="-0.78111322"><ele>62.481</ele><time>2026-08-22T08:29:08Z</time><speed>0.000</speed><sat>35</sat></trkpt>
  <trkpt lat="44.70210158" lon="-0.78111322"><ele>62.482</ele><time>2026-08-22T08:29:09Z</time><speed>0.000</speed><sat>35</sat></trkpt>
  <trkpt lat="44.70210168" lon="-0.78111315"><ele>62.492</ele><time>2026-08-22T08:29:10Z</time><speed>0.000</speed><sat>35</sat></trkpt>
  <trkpt lat="44.70210171" lon="-0.78111308"><ele>62.498</ele><time>2026-08-22T08:29:11Z</time><speed>0.000</speed><sat>35</sat></trkpt>
  <trkpt lat="44.70210180" lon="-0.78111309"><ele>62.500</ele><time>2026-08-22T08:29:12Z</time><speed>0.000</speed><sat>34</sat></trkpt>
  <trkpt lat="44.70210187" lon="-0.78111310"><ele>62.499</ele><time>2026-08-22T08:29:13Z</time><speed>0.000</speed><sat>34</sat></trkpt>
  <trkpt lat="44.70210180" lon="-0.78111309"><ele>62.490</ele><time>2026-08-22T08:29:14Z</time><speed>0.000</speed><sat>35</sat></trkpt>
  <trkpt lat="44.70210172" lon="-0.78111304"><ele>62.478</ele><time>2026-08-22T08:29:15Z</time><speed>0.000</speed><sat>35</sat></trkpt>
  <trkpt lat="44.70210168" lon="-0.78111302"><ele>62.481</ele><time>2026-08-22T08:29:16Z</time><speed>0.000</speed><sat>35</sat></trkpt>
  <trkpt lat="44.70209986" lon="-0.78111365"><ele>62.578</ele><time>2026-08-22T08:29:17Z</time><speed>0.180</speed><sat>35</sat></trkpt>
  <trkpt lat="44.70209934" lon="-0.78111348"><ele>62.610</ele><time>2026-08-22T08:29:18Z</time><speed>0.000</speed><sat>35</sat></trkpt>
  <trkpt lat="44.70209931" lon="-0.78111359"><ele>62.628</ele><time>2026-08-22T08:29:19Z</time><speed>0.000</speed><sat>35</sat></trkpt>
  <trkpt lat="44.70209931" lon="-0.78111366"><ele>62.629</ele><time>2026-08-22T08:29:20Z</time><speed>0.000</speed><sat>35</sat></trkpt>
  <trkpt lat="44.70209932" lon="-0.78111368"><ele>62.632</ele><time>2026-08-22T08:29:21Z</time><speed>0.000</speed><sat>35</sat></trkpt>
  <trkpt lat="44.70209933" lon="-0.78111370"><ele>62.633</ele><time>2026-08-22T08:29:22Z</time><speed>0.000</speed><sat>35</sat></trkpt>
  <trkpt lat="44.70209934" lon="-0.78111363"><ele>62.633</ele><time>2026-08-22T08:29:23Z</time><speed>0.000</speed><sat>35</sat></trkpt>
  <trkpt lat="44.70209934" lon="-0.78111362"><ele>62.634</ele><time>2026-08-22T08:29:24Z</time><speed>0.000</speed><sat>34</sat></trkpt>
  <trkpt lat="44.70209934" lon="-0.78111359"><ele>62.635</ele><time>2026-08-22T08:29:25Z</time><speed>0.000</speed><sat>34</sat></trkpt>
  <trkpt lat="44.70209929" lon="-0.78111354"><ele>62.636</ele><time>2026-08-22T08:29:26Z</time><speed>0.000</speed><sat>33</sat></trkpt>
  <trkpt lat="44.70209926" lon="-0.78111353"><ele>62.631</ele><time>2026-08-22T08:29:27Z</time><speed>0.000</speed><sat>33</sat></trkpt>
  <trkpt lat="44.70209927" lon="-0.78111349"><ele>62.632</ele><time>2026-08-22T08:29:28Z</time><speed>0.000</speed><sat>35</sat></trkpt>
  <trkpt lat="44.70209926" lon="-0.78111342"><ele>62.629</ele><time>2026-08-22T08:29:29Z</time><speed>0.000</speed><sat>35</sat></trkpt>
  <trkpt lat="44.70209920" lon="-0.78111332"><ele>62.625</ele><time>2026-08-22T08:29:30Z</time><speed>0.000</speed><sat>35</sat></trkpt>
  <trkpt lat="44.70209918" lon="-0.78111348"><ele>62.635</ele><time>2026-08-22T08:29:31Z</time><speed>0.000</speed><sat>35</sat></trkpt>
  <trkpt lat="44.70209919" lon="-0.78111356"><ele>62.639</ele><time>2026-08-22T08:29:32Z</time><speed>0.000</speed><sat>35</sat></trkpt>
  <trkpt lat="44.70209921" lon="-0.78111350"><ele>62.644</ele><time>2026-08-22T08:29:33Z</time><speed>0.000</speed><sat>34</sat></trkpt>
  <trkpt lat="44.70209921" lon="-0.78111339"><ele>62.645</ele><time>2026-08-22T08:29:34Z</time><speed>0.000</speed><sat>34</sat></trkpt>
  <trkpt lat="44.70209925" lon="-0.78111327"><ele>62.648</ele><time>2026-08-22T08:29:35Z</time><speed>0.000</speed><sat>34</sat></trkpt>
  <trkpt lat="44.70209929" lon="-0.78111311"><ele>62.644</ele><time>2026-08-22T08:29:36Z</time><speed>0.000</speed><sat>35</sat></trkpt>
  <trkpt lat="44.70209932" lon="-0.78111307"><ele>62.641</ele><time>2026-08-22T08:29:37Z</time><speed>0.000</speed><sat>35</sat></trkpt>
  <trkpt lat="44.70209930" lon="-0.78111312"><ele>62.646</ele><time>2026-08-22T08:29:38Z</time><speed>0.000</speed><sat>35</sat></trkpt>
  <trkpt lat="44.70209925" lon="-0.78111312"><ele>62.647</ele><time>2026-08-22T08:29:39Z</time><speed>0.000</speed><sat>35</sat></trkpt>
  <trkpt lat="44.70209923" lon="-0.78111310"><ele>62.645</ele><time>2026-08-22T08:29:40Z</time><speed>0.000</speed><sat>35</sat></trkpt>
  <trkpt lat="44.70209918" lon="-0.78111308"><ele>62.646</ele><time>2026-08-22T08:29:41Z</time><speed>0.000</speed><sat>35</sat></trkpt>
  <trkpt lat="44.70209906" lon="-0.78111400"><ele>62.516</ele><time>2026-08-22T08:29:42Z</time><speed>0.000</speed><sat>35</sat></trkpt>
  <trkpt lat="44.70209979" lon="-0.78111469"><ele>62.515</ele><time>2026-08-22T08:29:43Z</time><speed>0.000</speed><sat>35</sat></trkpt>
  <trkpt lat="44.70210000" lon="-0.78111475"><ele>62.508</ele><time>2026-08-22T08:29:44Z</time><speed>0.000</speed><sat>34</sat></trkpt>
  <trkpt lat="44.70210001" lon="-0.78111471"><ele>62.506</ele><time>2026-08-22T08:29:45Z</time><speed>0.000</speed><sat>34</sat></trkpt>
  <trkpt lat="44.70210002" lon="-0.78111470"><ele>62.509</ele><time>2026-08-22T08:29:46Z</time><speed>0.000</speed><sat>35</sat></trkpt>
  <trkpt lat="44.70210000" lon="-0.78111469"><ele>62.509</ele><time>2026-08-22T08:29:47Z</time><speed>0.000</speed><sat>35</sat></trkpt>
  <trkpt lat="44.70209999" lon="-0.78111462"><ele>62.517</ele><time>2026-08-22T08:29:48Z</time><speed>0.000</speed><sat>34</sat></trkpt>
  <trkpt lat="44.70209997" lon="-0.78111460"><ele>62.517</ele><time>2026-08-22T08:29:49Z</time><speed>0.000</speed><sat>34</sat></trkpt>
  <trkpt lat="44.70209995" lon="-0.78111460"><ele>62.518</ele><time>2026-08-22T08:29:50Z</time><speed>0.000</speed><sat>34</sat></trkpt>
  <trkpt lat="44.70209996" lon="-0.78111456"><ele>62.518</ele><time>2026-08-22T08:29:51Z</time><speed>0.000</speed><sat>33</sat></trkpt>
  <trkpt lat="44.70209998" lon="-0.78111447"><ele>62.517</ele><time>2026-08-22T08:29:52Z</time><speed>0.000</speed><sat>33</sat></trkpt>
  <trkpt lat="44.70209995" lon="-0.78111440"><ele>62.519</ele><time>2026-08-22T08:29:53Z</time><speed>0.000</speed><sat>33</sat></trkpt>
  <trkpt lat="44.70209993" lon="-0.78111440"><ele>62.518</ele><time>2026-08-22T08:29:54Z</time><speed>0.000</speed><sat>33</sat></trkpt>
  <trkpt lat="44.70209986" lon="-0.78111437"><ele>62.506</ele><time>2026-08-22T08:29:55Z</time><speed>0.000</speed><sat>34</sat></trkpt>
  <trkpt lat="44.70209983" lon="-0.78111434"><ele>62.505</ele><time>2026-08-22T08:29:56Z</time><speed>0.000</speed><sat>34</sat></trkpt>
  <trkpt lat="44.70209982" lon="-0.78111434"><ele>62.503</ele><time>2026-08-22T08:29:57Z</time><speed>0.000</speed><sat>34</sat></trkpt>
  <trkpt lat="44.70209978" lon="-0.78111425"><ele>62.499</ele><time>2026-08-22T08:29:58Z</time><speed>0.000</speed><sat>34</sat></trkpt>
  <trkpt lat="44.70209977" lon="-0.78111426"><ele>62.497</ele><time>2026-08-22T08:29:59Z</time><speed>0.000</speed><sat>33</sat></trkpt>
  <trkpt lat="44.70209976" lon="-0.78111431"><ele>62.497</ele><time>2026-08-22T08:30:00Z</time><speed>0.000</speed><sat>33</sat></trkpt>
  <trkpt lat="44.70209971" lon="-0.78111427"><ele>62.483</ele><time>2026-08-22T08:30:01Z</time><speed>0.000</speed><sat>34</sat></trkpt>
  <trkpt lat="44.70209968" lon="-0.78111427"><ele>62.483</ele><time>2026-08-22T08:30:02Z</time><speed>0.000</speed><sat>34</sat></trkpt>
  <trkpt lat="44.70209962" lon="-0.78111425"><ele>62.473</ele><time>2026-08-22T08:30:03Z</time><speed>0.000</speed><sat>33</sat></trkpt>
  <trkpt lat="44.70209959" lon="-0.78111425"><ele>62.473</ele><time>2026-08-22T08:30:04Z</time><speed>0.000</speed><sat>34</sat></trkpt>
  <trkpt lat="44.70209986" lon="-0.78111365"><ele>62.532</ele><time>2026-08-22T08:30:05Z</time><speed>0.000</speed><sat>34</sat></trkpt>
  <trkpt lat="44.70210265" lon="-0.78111243"><ele>62.579</ele><time>2026-08-22T08:30:06Z</time><speed>0.430</speed><sat>34</sat></trkpt>
  <trkpt lat="44.70210476" lon="-0.78111210"><ele>62.589</ele><time>2026-08-22T08:30:07Z</time><speed>0.000</speed><sat>34</sat></trkpt>
  <trkpt lat="44.70210524" lon="-0.78111203"><ele>62.594</ele><time>2026-08-22T08:30:08Z</time><speed>0.000</speed><sat>34</sat></trkpt>
  <trkpt lat="44.70210545" lon="-0.78111189"><ele>62.592</ele><time>2026-08-22T08:30:09Z</time><speed>0.000</speed><sat>34</sat></trkpt>
  <trkpt lat="44.70210559" lon="-0.78111179"><ele>62.595</ele><time>2026-08-22T08:30:10Z</time><speed>0.000</speed><sat>34</sat></trkpt>
  <trkpt lat="44.70210577" lon="-0.78111180"><ele>62.617</ele><time>2026-08-22T08:30:11Z</time><speed>0.000</speed><sat>34</sat></trkpt>
  <trkpt lat="44.70210579" lon="-0.78111189"><ele>62.631</ele><time>2026-08-22T08:30:12Z</time><speed>0.000</speed><sat>34</sat></trkpt>
  <trkpt lat="44.70210576" lon="-0.78111188"><ele>62.630</ele><time>2026-08-22T08:30:13Z</time><speed>0.000</speed><sat>34</sat></trkpt>
  <trkpt lat="44.70210575" lon="-0.78111187"><ele>62.634</ele><time>2026-08-22T08:30:14Z</time><speed>0.000</speed><sat>33</sat></trkpt>
  <trkpt lat="44.70210580" lon="-0.78111182"><ele>62.640</ele><time>2026-08-22T08:30:15Z</time><speed>0.000</speed><sat>31</sat></trkpt>
  <trkpt lat="44.70210584" lon="-0.78111174"><ele>62.646</ele><time>2026-08-22T08:30:16Z</time><speed>0.000</speed><sat>31</sat></trkpt>
  <trkpt lat="44.70210581" lon="-0.78111165"><ele>62.646</ele><time>2026-08-22T08:30:17Z</time><speed>0.000</speed><sat>30</sat></trkpt>
  <trkpt lat="44.70210585" lon="-0.78111162"><ele>62.658</ele><time>2026-08-22T08:30:18Z</time><speed>0.000</speed><sat>30</sat></trkpt>
  <trkpt lat="44.70210586" lon="-0.78111160"><ele>62.667</ele><time>2026-08-22T08:30:19Z</time><speed>0.000</speed><sat>31</sat></trkpt>
  <trkpt lat="44.70210583" lon="-0.78111161"><ele>62.677</ele><time>2026-08-22T08:30:20Z</time><speed>0.000</speed><sat>29</sat></trkpt>
  <trkpt lat="44.70210583" lon="-0.78111158"><ele>62.690</ele><time>2026-08-22T08:30:21Z</time><speed>0.000</speed><sat>30</sat></trkpt>
  <trkpt lat="44.70210576" lon="-0.78111157"><ele>62.694</ele><time>2026-08-22T08:30:22Z</time><speed>0.000</speed><sat>30</sat></trkpt>
  <trkpt lat="44.70210565" lon="-0.78111140"><ele>62.680</ele><time>2026-08-22T08:30:23Z</time><speed>0.000</speed><sat>30</sat></trkpt>
  <trkpt lat="44.70210564" lon="-0.78111138"><ele>62.691</ele><time>2026-08-22T08:30:24Z</time><speed>0.000</speed><sat>30</sat></trkpt>
  <trkpt lat="44.70210556" lon="-0.78111139"><ele>62.688</ele><time>2026-08-22T08:30:25Z</time><speed>0.000</speed><sat>30</sat></trkpt>
  <trkpt lat="44.70210872" lon="-0.78111024"><ele>62.678</ele><time>2026-08-22T08:30:26Z</time><speed>0.320</speed><sat>30</sat></trkpt>
  <trkpt lat="44.70210908" lon="-0.78110823"><ele>62.793</ele><time>2026-08-22T08:30:27Z</time><speed>0.280</speed><sat>34</sat></trkpt>
  <trkpt lat="44.70210603" lon="-0.78110490"><ele>62.890</ele><time>2026-08-22T08:30:28Z</time><speed>0.410</speed><sat>34</sat></trkpt>
  <trkpt lat="44.70210475" lon="-0.78110066"><ele>62.903</ele><time>2026-08-22T08:30:29Z</time><speed>0.360</speed><sat>34</sat></trkpt>
  <trkpt lat="44.70210468" lon="-0.78109716"><ele>62.723</ele><time>2026-08-22T08:30:30Z</time><speed>0.240</speed><sat>34</sat></trkpt>
  <trkpt lat="44.70210508" lon="-0.78109465"><ele>62.737</ele><time>2026-08-22T08:30:31Z</time><speed>0.200</speed><sat>34</sat></trkpt>
  <trkpt lat="44.70210519" lon="-0.78109487"><ele>62.663</ele><time>2026-08-22T08:30:32Z</time><speed>0.200</speed><sat>34</sat></trkpt>
  <trkpt lat="44.70210512" lon="-0.78109580"><ele>62.679</ele><time>2026-08-22T08:30:33Z</time><speed>0.000</speed><sat>33</sat></trkpt>
  <trkpt lat="44.70210642" lon="-0.78109664"><ele>62.743</ele><time>2026-08-22T08:30:34Z</time><speed>0.190</speed><sat>33</sat></trkpt>
  <trkpt lat="44.70210813" lon="-0.78109752"><ele>62.739</ele><time>2026-08-22T08:30:35Z</time><speed>0.000</speed><sat>33</sat></trkpt>
  <trkpt lat="44.70211027" lon="-0.78109807"><ele>62.846</ele><time>2026-08-22T08:30:36Z</time><speed>0.170</speed><sat>33</sat></trkpt>
  <trkpt lat="44.70211024" lon="-0.78109439"><ele>62.682</ele><time>2026-08-22T08:30:37Z</time><speed>0.540</speed><sat>34</sat></trkpt>
  <trkpt lat="44.70210769" lon="-0.78108840"><ele>62.749</ele><time>2026-08-22T08:30:38Z</time><speed>0.440</speed><sat>34</sat></trkpt>
  <trkpt lat="44.70210598" lon="-0.78108793"><ele>62.746</ele><time>2026-08-22T08:30:39Z</time><speed>0.000</speed><sat>34</sat></trkpt>
  <trkpt lat="44.70210862" lon="-0.78108946"><ele>62.729</ele><time>2026-08-22T08:30:40Z</time><speed>0.600</speed><sat>34</sat></trkpt>
  <trkpt lat="44.70210924" lon="-0.78109382"><ele>62.725</ele><time>2026-08-22T08:30:41Z</time><speed>0.000</speed><sat>34</sat></trkpt>
  <trkpt lat="44.70210915" lon="-0.78109465"><ele>62.716</ele><time>2026-08-22T08:30:42Z</time><speed>0.000</speed><sat>34</sat></trkpt>
  <trkpt lat="44.70210911" lon="-0.78109483"><ele>62.707</ele><time>2026-08-22T08:30:43Z</time><speed>0.000</speed><sat>34</sat></trkpt>
  <trkpt lat="44.70210918" lon="-0.78109489"><ele>62.719</ele><time>2026-08-22T08:30:44Z</time><speed>0.000</speed><sat>34</sat></trkpt>
  <trkpt lat="44.70210919" lon="-0.78109487"><ele>62.716</ele><time>2026-08-22T08:30:45Z</time><speed>0.000</speed><sat>34</sat></trkpt>
  <trkpt lat="44.70210918" lon="-0.78109483"><ele>62.707</ele><time>2026-08-22T08:30:46Z</time><speed>0.000</speed><sat>34</sat></trkpt>
  <trkpt lat="44.70210927" lon="-0.78109490"><ele>62.719</ele><time>2026-08-22T08:30:47Z</time><speed>0.000</speed><sat>33</sat></trkpt>
  <trkpt lat="44.70210927" lon="-0.78109483"><ele>62.712</ele><time>2026-08-22T08:30:48Z</time><speed>0.000</speed><sat>33</sat></trkpt>
  <trkpt lat="44.70210929" lon="-0.78109482"><ele>62.712</ele><time>2026-08-22T08:30:49Z</time><speed>0.000</speed><sat>32</sat></trkpt>
  <trkpt lat="44.70210929" lon="-0.78109481"><ele>62.710</ele><time>2026-08-22T08:30:50Z</time><speed>0.000</speed><sat>32</sat></trkpt>
  <trkpt lat="44.70210930" lon="-0.78109482"><ele>62.708</ele><time>2026-08-22T08:30:51Z</time><speed>0.000</speed><sat>33</sat></trkpt>
  <trkpt lat="44.70210931" lon="-0.78109482"><ele>62.707</ele><time>2026-08-22T08:30:52Z</time><speed>0.000</speed><sat>34</sat></trkpt>
  <trkpt lat="44.70210936" lon="-0.78109481"><ele>62.704</ele><time>2026-08-22T08:30:53Z</time><speed>0.000</speed><sat>34</sat></trkpt>
  <trkpt lat="44.70210941" lon="-0.78109480"><ele>62.703</ele><time>2026-08-22T08:30:54Z</time><speed>0.000</speed><sat>34</sat></trkpt>
  <trkpt lat="44.70210943" lon="-0.78109480"><ele>62.701</ele><time>2026-08-22T08:30:55Z</time><speed>0.000</speed><sat>33</sat></trkpt>
  <trkpt lat="44.70210946" lon="-0.78109479"><ele>62.703</ele><time>2026-08-22T08:30:56Z</time><speed>0.000</speed><sat>33</sat></trkpt>
  <trkpt lat="44.70210961" lon="-0.78109634"><ele>62.734</ele><time>2026-08-22T08:30:57Z</time><speed>0.000</speed><sat>33</sat></trkpt>
  <trkpt lat="44.70211077" lon="-0.78110030"><ele>62.712</ele><time>2026-08-22T08:30:58Z</time><speed>0.000</speed><sat>34</sat></trkpt>
  <trkpt lat="44.70211108" lon="-0.78110166"><ele>62.683</ele><time>2026-08-22T08:30:59Z</time><speed>0.000</speed><sat>34</sat></trkpt>
  <trkpt lat="44.70211114" lon="-0.78110200"><ele>62.688</ele><time>2026-08-22T08:31:00Z</time><speed>0.000</speed><sat>34</sat></trkpt>
  <trkpt lat="44.70211103" lon="-0.78110206"><ele>62.703</ele><time>2026-08-22T08:31:01Z</time><speed>0.000</speed><sat>34</sat></trkpt>
  <trkpt lat="44.70211090" lon="-0.78110207"><ele>62.717</ele><time>2026-08-22T08:31:02Z</time><speed>0.000</speed><sat>34</sat></trkpt>
  <trkpt lat="44.70211080" lon="-0.78110196"><ele>62.720</ele><time>2026-08-22T08:31:03Z</time><speed>0.000</speed><sat>34</sat></trkpt>
  <trkpt lat="44.70211074" lon="-0.78110191"><ele>62.723</ele><time>2026-08-22T08:31:04Z</time><speed>0.000</speed><sat>34</sat></trkpt>
  <trkpt lat="44.70211071" lon="-0.78110190"><ele>62.724</ele><time>2026-08-22T08:31:05Z</time><speed>0.000</speed><sat>34</sat></trkpt>
  <trkpt lat="44.70211070" lon="-0.78110192"><ele>62.725</ele><time>2026-08-22T08:31:06Z</time><speed>0.000</speed><sat>34</sat></trkpt>
  <trkpt lat="44.70211065" lon="-0.78110188"><ele>62.731</ele><time>2026-08-22T08:31:07Z</time><speed>0.000</speed><sat>34</sat></trkpt>
  <trkpt lat="44.70210909" lon="-0.78109818"><ele>62.793</ele><time>2026-08-22T08:31:08Z</time><speed>0.360</speed><sat>34</sat></trkpt>
  <trkpt lat="44.70210609" lon="-0.78109297"><ele>62.741</ele><time>2026-08-22T08:31:09Z</time><speed>0.530</speed><sat>34</sat></trkpt>
  <trkpt lat="44.70210349" lon="-0.78109001"><ele>62.754</ele><time>2026-08-22T08:31:10Z</time><speed>0.250</speed><sat>34</sat></trkpt>
  <trkpt lat="44.70210257" lon="-0.78108946"><ele>62.405</ele><time>2026-08-22T08:31:11Z</time><speed>0.190</speed><sat>34</sat></trkpt>
  <trkpt lat="44.70210554" lon="-0.78109427"><ele>62.308</ele><time>2026-08-22T08:31:12Z</time><speed>0.530</speed><sat>34</sat></trkpt>
  <trkpt lat="44.70210961" lon="-0.78109777"><ele>62.409</ele><time>2026-08-22T08:31:13Z</time><speed>0.400</speed><sat>34</sat></trkpt>
  <trkpt lat="44.70211356" lon="-0.78109967"><ele>62.366</ele><time>2026-08-22T08:31:14Z</time><speed>0.270</speed><sat>34</sat></trkpt>
  <trkpt lat="44.70211462" lon="-0.78110031"><ele>62.409</ele><time>2026-08-22T08:31:15Z</time><speed>0.000</speed><sat>34</sat></trkpt>
  <trkpt lat="44.70211427" lon="-0.78109976"><ele>62.419</ele><time>2026-08-22T08:31:16Z</time><speed>0.000</speed><sat>34</sat></trkpt>
  <trkpt lat="44.70211405" lon="-0.78109966"><ele>62.428</ele><time>2026-08-22T08:31:17Z</time><speed>0.000</speed><sat>34</sat></trkpt>
  <trkpt lat="44.70211392" lon="-0.78109960"><ele>62.430</ele><time>2026-08-22T08:31:18Z</time><speed>0.000</speed><sat>34</sat></trkpt>
  <trkpt lat="44.70211386" lon="-0.78109952"><ele>62.432</ele><time>2026-08-22T08:31:19Z</time><speed>0.000</speed><sat>34</sat></trkpt>
  <trkpt lat="44.70211381" lon="-0.78109963"><ele>62.440</ele><time>2026-08-22T08:31:20Z</time><speed>0.000</speed><sat>34</sat></trkpt>
  <trkpt lat="44.70211374" lon="-0.78109975"><ele>62.447</ele><time>2026-08-22T08:31:21Z</time><speed>0.000</speed><sat>34</sat></trkpt>
  <trkpt lat="44.70211366" lon="-0.78109987"><ele>62.461</ele><time>2026-08-22T08:31:22Z</time><speed>0.000</speed><sat>33</sat></trkpt>
  <trkpt lat="44.70211362" lon="-0.78109991"><ele>62.459</ele><time>2026-08-22T08:31:23Z</time><speed>0.000</speed><sat>32</sat></trkpt>
  <trkpt lat="44.70211354" lon="-0.78109995"><ele>62.462</ele><time>2026-08-22T08:31:24Z</time><speed>0.000</speed><sat>32</sat></trkpt>
  <trkpt lat="44.70211357" lon="-0.78109988"><ele>62.451</ele><time>2026-08-22T08:31:25Z</time><speed>0.000</speed><sat>32</sat></trkpt>
  <trkpt lat="44.70211355" lon="-0.78109997"><ele>62.461</ele><time>2026-08-22T08:31:26Z</time><speed>0.000</speed><sat>32</sat></trkpt>
  <trkpt lat="44.70211356" lon="-0.78110007"><ele>62.470</ele><time>2026-08-22T08:31:27Z</time><speed>0.000</speed><sat>32</sat></trkpt>
  <trkpt lat="44.70211357" lon="-0.78110014"><ele>62.481</ele><time>2026-08-22T08:31:28Z</time><speed>0.000</speed><sat>32</sat></trkpt>
  <trkpt lat="44.70211361" lon="-0.78110023"><ele>62.493</ele><time>2026-08-22T08:31:29Z</time><speed>0.000</speed><sat>32</sat></trkpt>
  <trkpt lat="44.70211356" lon="-0.78110029"><ele>62.496</ele><time>2026-08-22T08:31:30Z</time><speed>0.000</speed><sat>32</sat></trkpt>
  <trkpt lat="44.70211355" lon="-0.78110028"><ele>62.498</ele><time>2026-08-22T08:31:31Z</time><speed>0.000</speed><sat>32</sat></trkpt>
  <trkpt lat="44.70211354" lon="-0.78110027"><ele>62.496</ele><time>2026-08-22T08:31:32Z</time><speed>0.000</speed><sat>32</sat></trkpt>
  <trkpt lat="44.70211340" lon="-0.78110024"><ele>62.490</ele><time>2026-08-22T08:31:33Z</time><speed>0.000</speed><sat>33</sat></trkpt>
  <trkpt lat="44.70211339" lon="-0.78110017"><ele>62.491</ele><time>2026-08-22T08:31:34Z</time><speed>0.000</speed><sat>33</sat></trkpt>
  <trkpt lat="44.70211329" lon="-0.78109999"><ele>62.506</ele><time>2026-08-22T08:31:35Z</time><speed>0.000</speed><sat>31</sat></trkpt>
  <trkpt lat="44.70211324" lon="-0.78109998"><ele>62.506</ele><time>2026-08-22T08:31:36Z</time><speed>0.000</speed><sat>31</sat></trkpt>
  <trkpt lat="44.70211322" lon="-0.78109997"><ele>62.506</ele><time>2026-08-22T08:31:37Z</time><speed>0.000</speed><sat>32</sat></trkpt>
  <trkpt lat="44.70211319" lon="-0.78109999"><ele>62.507</ele><time>2026-08-22T08:31:38Z</time><speed>0.000</speed><sat>32</sat></trkpt>
  <trkpt lat="44.70211320" lon="-0.78109999"><ele>62.508</ele><time>2026-08-22T08:31:39Z</time><speed>0.000</speed><sat>32</sat></trkpt>
  <trkpt lat="44.70211321" lon="-0.78109999"><ele>62.509</ele><time>2026-08-22T08:31:40Z</time><speed>0.000</speed><sat>32</sat></trkpt>
  <trkpt lat="44.70211320" lon="-0.78110004"><ele>62.509</ele><time>2026-08-22T08:31:41Z</time><speed>0.000</speed><sat>32</sat></trkpt>
  <trkpt lat="44.70211321" lon="-0.78109998"><ele>62.516</ele><time>2026-08-22T08:31:42Z</time><speed>0.000</speed><sat>32</sat></trkpt>
  <trkpt lat="44.70211322" lon="-0.78109995"><ele>62.512</ele><time>2026-08-22T08:31:43Z</time><speed>0.000</speed><sat>32</sat></trkpt>
  <trkpt lat="44.70211319" lon="-0.78109996"><ele>62.515</ele><time>2026-08-22T08:31:44Z</time><speed>0.000</speed><sat>32</sat></trkpt>
  <trkpt lat="44.70211321" lon="-0.78110009"><ele>62.523</ele><time>2026-08-22T08:31:45Z</time><speed>0.000</speed><sat>31</sat></trkpt>
  <trkpt lat="44.70211314" lon="-0.78110004"><ele>62.534</ele><time>2026-08-22T08:31:46Z</time><speed>0.000</speed><sat>30</sat></trkpt>
  <trkpt lat="44.70211308" lon="-0.78110002"><ele>62.538</ele><time>2026-08-22T08:31:47Z</time><speed>0.000</speed><sat>30</sat></trkpt>
  <trkpt lat="44.70211306" lon="-0.78110002"><ele>62.539</ele><time>2026-08-22T08:31:48Z</time><speed>0.000</speed><sat>30</sat></trkpt>
  <trkpt lat="44.70211316" lon="-0.78110006"><ele>62.542</ele><time>2026-08-22T08:31:49Z</time><speed>0.000</speed><sat>32</sat></trkpt>
  <trkpt lat="44.70211325" lon="-0.78110009"><ele>62.546</ele><time>2026-08-22T08:31:50Z</time><speed>0.000</speed><sat>32</sat></trkpt>
  <trkpt lat="44.70211336" lon="-0.78110013"><ele>62.552</ele><time>2026-08-22T08:31:51Z</time><speed>0.000</speed><sat>33</sat></trkpt>
  <trkpt lat="44.70211341" lon="-0.78110024"><ele>62.560</ele><time>2026-08-22T08:31:52Z</time><speed>0.000</speed><sat>33</sat></trkpt>
  <trkpt lat="44.70211348" lon="-0.78110035"><ele>62.574</ele><time>2026-08-22T08:31:53Z</time><speed>0.000</speed><sat>33</sat></trkpt>
  <trkpt lat="44.70211349" lon="-0.78110035"><ele>62.576</ele><time>2026-08-22T08:31:54Z</time><speed>0.000</speed><sat>33</sat></trkpt>
  <trkpt lat="44.70211347" lon="-0.78110031"><ele>62.577</ele><time>2026-08-22T08:31:55Z</time><speed>0.000</speed><sat>32</sat></trkpt>
  <trkpt lat="44.70211348" lon="-0.78110029"><ele>62.582</ele><time>2026-08-22T08:31:56Z</time><speed>0.000</speed><sat>32</sat></trkpt>
  <trkpt lat="44.70211352" lon="-0.78110025"><ele>62.592</ele><time>2026-08-22T08:31:57Z</time><speed>0.000</speed><sat>32</sat></trkpt>
  <trkpt lat="44.70211352" lon="-0.78110018"><ele>62.597</ele><time>2026-08-22T08:31:58Z</time><speed>0.000</speed><sat>31</sat></trkpt>
  <trkpt lat="44.70211354" lon="-0.78110014"><ele>62.602</ele><time>2026-08-22T08:31:59Z</time><speed>0.000</speed><sat>31</sat></trkpt>
  <trkpt lat="44.70211354" lon="-0.78110007"><ele>62.609</ele><time>2026-08-22T08:32:00Z</time><speed>0.000</speed><sat>31</sat></trkpt>
  <trkpt lat="44.70211356" lon="-0.78110001"><ele>62.612</ele><time>2026-08-22T08:32:01Z</time><speed>0.000</speed><sat>31</sat></trkpt>
  <trkpt lat="44.70211357" lon="-0.78109998"><ele>62.614</ele><time>2026-08-22T08:32:02Z</time><speed>0.000</speed><sat>31</sat></trkpt>
  <trkpt lat="44.70211357" lon="-0.78109997"><ele>62.614</ele><time>2026-08-22T08:32:03Z</time><speed>0.000</speed><sat>31</sat></trkpt>
  <trkpt lat="44.70211356" lon="-0.78109996"><ele>62.620</ele><time>2026-08-22T08:32:04Z</time><speed>0.000</speed><sat>31</sat></trkpt>
  <trkpt lat="44.70211358" lon="-0.78109999"><ele>62.632</ele><time>2026-08-22T08:32:05Z</time><speed>0.000</speed><sat>33</sat></trkpt>
  <trkpt lat="44.70211361" lon="-0.78110003"><ele>62.638</ele><time>2026-08-22T08:32:06Z</time><speed>0.000</speed><sat>33</sat></trkpt>
  <trkpt lat="44.70211364" lon="-0.78110003"><ele>62.645</ele><time>2026-08-22T08:32:07Z</time><speed>0.000</speed><sat>33</sat></trkpt>
  <trkpt lat="44.70211369" lon="-0.78110008"><ele>62.652</ele><time>2026-08-22T08:32:08Z</time><speed>0.000</speed><sat>32</sat></trkpt>
  <trkpt lat="44.70211373" lon="-0.78110009"><ele>62.656</ele><time>2026-08-22T08:32:09Z</time><speed>0.000</speed><sat>32</sat></trkpt>
  <trkpt lat="44.70211375" lon="-0.78110007"><ele>62.656</ele><time>2026-08-22T08:32:10Z</time><speed>0.000</speed><sat>32</sat></trkpt>
  <trkpt lat="44.70211377" lon="-0.78110006"><ele>62.661</ele><time>2026-08-22T08:32:11Z</time><speed>0.000</speed><sat>30</sat></trkpt>
  <trkpt lat="44.70211379" lon="-0.78110004"><ele>62.664</ele><time>2026-08-22T08:32:12Z</time><speed>0.000</speed><sat>28</sat></trkpt>
  <trkpt lat="44.70211386" lon="-0.78110000"><ele>62.665</ele><time>2026-08-22T08:32:13Z</time><speed>0.000</speed><sat>29</sat></trkpt>
  <trkpt lat="44.70211390" lon="-0.78110000"><ele>62.663</ele><time>2026-08-22T08:32:14Z</time><speed>0.000</speed><sat>28</sat></trkpt>
  <trkpt lat="44.70211397" lon="-0.78110007"><ele>62.678</ele><time>2026-08-22T08:32:15Z</time><speed>0.000</speed><sat>28</sat></trkpt>
  <trkpt lat="44.70211400" lon="-0.78110005"><ele>62.684</ele><time>2026-08-22T08:32:16Z</time><speed>0.000</speed><sat>27</sat></trkpt>
  <trkpt lat="44.70211398" lon="-0.78109997"><ele>62.685</ele><time>2026-08-22T08:32:17Z</time><speed>0.000</speed><sat>27</sat></trkpt>
  <trkpt lat="44.70211024" lon="-0.78109824"><ele>62.718</ele><time>2026-08-22T08:32:18Z</time><speed>0.420</speed><sat>32</sat></trkpt>
  <trkpt lat="44.70210997" lon="-0.78109783"><ele>62.648</ele><time>2026-08-22T08:32:19Z</time><speed>0.000</speed><sat>33</sat></trkpt>
  <trkpt lat="44.70210928" lon="-0.78109883"><ele>62.559</ele><time>2026-08-22T08:32:20Z</time><speed>0.200</speed><sat>34</sat></trkpt>
  <trkpt lat="44.70210806" lon="-0.78110036"><ele>62.662</ele><time>2026-08-22T08:32:21Z</time><speed>0.200</speed><sat>34</sat></trkpt>
  <trkpt lat="44.70210770" lon="-0.78109983"><ele>62.657</ele><time>2026-08-22T08:32:22Z</time><speed>0.000</speed><sat>34</sat></trkpt>
  <trkpt lat="44.70210762" lon="-0.78109982"><ele>62.670</ele><time>2026-08-22T08:32:23Z</time><speed>0.000</speed><sat>34</sat></trkpt>
  <trkpt lat="44.70210751" lon="-0.78109983"><ele>62.675</ele><time>2026-08-22T08:32:24Z</time><speed>0.000</speed><sat>34</sat></trkpt>
  <trkpt lat="44.70210749" lon="-0.78109992"><ele>62.680</ele><time>2026-08-22T08:32:25Z</time><speed>0.000</speed><sat>34</sat></trkpt>
  <trkpt lat="44.70210606" lon="-0.78110023"><ele>62.599</ele><time>2026-08-22T08:32:26Z</time><speed>0.230</speed><sat>34</sat></trkpt>
  <trkpt lat="44.70210588" lon="-0.78109929"><ele>62.600</ele><time>2026-08-22T08:32:27Z</time><speed>0.000</speed><sat>34</sat></trkpt>
  <trkpt lat="44.70210523" lon="-0.78109781"><ele>62.694</ele><time>2026-08-22T08:32:28Z</time><speed>0.180</speed><sat>34</sat></trkpt>
  <trkpt lat="44.70210612" lon="-0.78109707"><ele>62.317</ele><time>2026-08-22T08:32:29Z</time><speed>0.000</speed><sat>34</sat></trkpt>
  <trkpt lat="44.70210668" lon="-0.78109261"><ele>62.335</ele><time>2026-08-22T08:32:30Z</time><speed>0.340</speed><sat>34</sat></trkpt>
  <trkpt lat="44.70210800" lon="-0.78108644"><ele>62.272</ele><time>2026-08-22T08:32:31Z</time><speed>0.380</speed><sat>33</sat></trkpt>
  <trkpt lat="44.70210847" lon="-0.78108435"><ele>62.254</ele><time>2026-08-22T08:32:32Z</time><speed>0.000</speed><sat>34</sat></trkpt>
  <trkpt lat="44.70210885" lon="-0.78108166"><ele>62.089</ele><time>2026-08-22T08:32:33Z</time><speed>0.190</speed><sat>33</sat></trkpt>
  <trkpt lat="44.70210863" lon="-0.78108101"><ele>62.098</ele><time>2026-08-22T08:32:34Z</time><speed>0.000</speed><sat>33</sat></trkpt>
  <trkpt lat="44.70210664" lon="-0.78108012"><ele>61.883</ele><time>2026-08-22T08:32:35Z</time><speed>0.250</speed><sat>34</sat></trkpt>
  <trkpt lat="44.70210612" lon="-0.78108110"><ele>61.890</ele><time>2026-08-22T08:32:36Z</time><speed>0.000</speed><sat>33</sat></trkpt>
  <trkpt lat="44.70210617" lon="-0.78108135"><ele>61.892</ele><time>2026-08-22T08:32:37Z</time><speed>0.000</speed><sat>33</sat></trkpt>
  <trkpt lat="44.70210620" lon="-0.78108144"><ele>61.885</ele><time>2026-08-22T08:32:38Z</time><speed>0.000</speed><sat>34</sat></trkpt>
  <trkpt lat="44.70210626" lon="-0.78108149"><ele>61.912</ele><time>2026-08-22T08:32:39Z</time><speed>0.000</speed><sat>34</sat></trkpt>
  <trkpt lat="44.70210631" lon="-0.78108149"><ele>61.915</ele><time>2026-08-22T08:32:40Z</time><speed>0.000</speed><sat>34</sat></trkpt>
  <trkpt lat="44.70210633" lon="-0.78108150"><ele>61.913</ele><time>2026-08-22T08:32:41Z</time><speed>0.000</speed><sat>33</sat></trkpt>
  <trkpt lat="44.70210324" lon="-0.78108352"><ele>62.830</ele><time>2026-08-22T08:32:42Z</time><speed>0.340</speed><sat>33</sat></trkpt>
  <trkpt lat="44.70210258" lon="-0.78108491"><ele>62.946</ele><time>2026-08-22T08:32:43Z</time><speed>0.000</speed><sat>33</sat></trkpt>
  <trkpt lat="44.70210262" lon="-0.78108532"><ele>62.976</ele><time>2026-08-22T08:32:44Z</time><speed>0.000</speed><sat>33</sat></trkpt>
  <trkpt lat="44.70210266" lon="-0.78108555"><ele>62.970</ele><time>2026-08-22T08:32:45Z</time><speed>0.000</speed><sat>34</sat></trkpt>
  <trkpt lat="44.70210272" lon="-0.78108554"><ele>62.980</ele><time>2026-08-22T08:32:46Z</time><speed>0.000</speed><sat>34</sat></trkpt>
  <trkpt lat="44.70210277" lon="-0.78108552"><ele>62.980</ele><time>2026-08-22T08:32:47Z</time><speed>0.000</speed><sat>34</sat></trkpt>
  <trkpt lat="44.70210278" lon="-0.78108550"><ele>62.980</ele><time>2026-08-22T08:32:48Z</time><speed>0.000</speed><sat>34</sat></trkpt>
  <trkpt lat="44.70210278" lon="-0.78108543"><ele>62.993</ele><time>2026-08-22T08:32:49Z</time><speed>0.000</speed><sat>34</sat></trkpt>
  <trkpt lat="44.70210285" lon="-0.78108536"><ele>63.006</ele><time>2026-08-22T08:32:50Z</time><speed>0.000</speed><sat>34</sat></trkpt>
  <trkpt lat="44.70210290" lon="-0.78108521"><ele>63.040</ele><time>2026-08-22T08:32:51Z</time><speed>0.000</speed><sat>34</sat></trkpt>
  <trkpt lat="44.70210296" lon="-0.78108515"><ele>63.069</ele><time>2026-08-22T08:32:52Z</time><speed>0.000</speed><sat>34</sat></trkpt>
  <trkpt lat="44.70210263" lon="-0.78108602"><ele>62.852</ele><time>2026-08-22T08:32:53Z</time><speed>0.150</speed><sat>34</sat></trkpt>
  <trkpt lat="44.70210250" lon="-0.78108651"><ele>62.842</ele><time>2026-08-22T08:32:54Z</time><speed>0.000</speed><sat>33</sat></trkpt>
  <trkpt lat="44.70210255" lon="-0.78108668"><ele>62.840</ele><time>2026-08-22T08:32:55Z</time><speed>0.000</speed><sat>33</sat></trkpt>
  <trkpt lat="44.70210257" lon="-0.78108674"><ele>62.837</ele><time>2026-08-22T08:32:56Z</time><speed>0.000</speed><sat>33</sat></trkpt>
  <trkpt lat="44.70210257" lon="-0.78108676"><ele>62.837</ele><time>2026-08-22T08:32:57Z</time><speed>0.000</speed><sat>33</sat></trkpt>
  <trkpt lat="44.70210259" lon="-0.78108753"><ele>63.021</ele><time>2026-08-22T08:32:58Z</time><speed>0.000</speed><sat>31</sat></trkpt>
  <trkpt lat="44.70210273" lon="-0.78108798"><ele>63.054</ele><time>2026-08-22T08:32:59Z</time><speed>0.000</speed><sat>32</sat></trkpt>
  <trkpt lat="44.70210289" lon="-0.78108826"><ele>63.047</ele><time>2026-08-22T08:33:00Z</time><speed>0.000</speed><sat>33</sat></trkpt>
  <trkpt lat="44.70210312" lon="-0.78108838"><ele>63.067</ele><time>2026-08-22T08:33:01Z</time><speed>0.000</speed><sat>33</sat></trkpt>
  <trkpt lat="44.70210328" lon="-0.78108851"><ele>63.043</ele><time>2026-08-22T08:33:02Z</time><speed>0.000</speed><sat>34</sat></trkpt>
  <trkpt lat="44.70210334" lon="-0.78108848"><ele>63.023</ele><time>2026-08-22T08:33:03Z</time><speed>0.000</speed><sat>34</sat></trkpt>
  <trkpt lat="44.70210339" lon="-0.78108855"><ele>63.013</ele><time>2026-08-22T08:33:04Z</time><speed>0.000</speed><sat>34</sat></trkpt>
  <trkpt lat="44.70210342" lon="-0.78108860"><ele>63.010</ele><time>2026-08-22T08:33:05Z</time><speed>0.000</speed><sat>34</sat></trkpt>
  <trkpt lat="44.70210344" lon="-0.78108860"><ele>63.012</ele><time>2026-08-22T08:33:06Z</time><speed>0.000</speed><sat>34</sat></trkpt>
  <trkpt lat="44.70210344" lon="-0.78108851"><ele>63.007</ele><time>2026-08-22T08:33:07Z</time><speed>0.000</speed><sat>34</sat></trkpt>
  <trkpt lat="44.70210346" lon="-0.78108848"><ele>63.007</ele><time>2026-08-22T08:33:08Z</time><speed>0.000</speed><sat>34</sat></trkpt>
  <trkpt lat="44.70210349" lon="-0.78108847"><ele>63.008</ele><time>2026-08-22T08:33:09Z</time><speed>0.000</speed><sat>33</sat></trkpt>
  <trkpt lat="44.70210355" lon="-0.78108848"><ele>63.012</ele><time>2026-08-22T08:33:10Z</time><speed>0.000</speed><sat>33</sat></trkpt>
  <trkpt lat="44.70210359" lon="-0.78108848"><ele>63.013</ele><time>2026-08-22T08:33:11Z</time><speed>0.000</speed><sat>33</sat></trkpt>
  <trkpt lat="44.70210362" lon="-0.78108847"><ele>63.013</ele><time>2026-08-22T08:33:12Z</time><speed>0.000</speed><sat>33</sat></trkpt>
  <trkpt lat="44.70210369" lon="-0.78108845"><ele>63.018</ele><time>2026-08-22T08:33:13Z</time><speed>0.000</speed><sat>33</sat></trkpt>
  <trkpt lat="44.70210376" lon="-0.78108842"><ele>63.022</ele><time>2026-08-22T08:33:14Z</time><speed>0.000</speed><sat>34</sat></trkpt>
  <trkpt lat="44.70210378" lon="-0.78108841"><ele>63.022</ele><time>2026-08-22T08:33:15Z</time><speed>0.000</speed><sat>34</sat></trkpt>
  <trkpt lat="44.70210378" lon="-0.78108840"><ele>63.023</ele><time>2026-08-22T08:33:16Z</time><speed>0.000</speed><sat>34</sat></trkpt>
  <trkpt lat="44.70210512" lon="-0.78109380"><ele>63.096</ele><time>2026-08-22T08:33:17Z</time><speed>0.680</speed><sat>33</sat></trkpt>
  <trkpt lat="44.70210643" lon="-0.78109702"><ele>63.092</ele><time>2026-08-22T08:33:18Z</time><speed>0.000</speed><sat>33</sat></trkpt>
  <trkpt lat="44.70210794" lon="-0.78109381"><ele>62.708</ele><time>2026-08-22T08:33:19Z</time><speed>0.000</speed><sat>33</sat></trkpt>
  <trkpt lat="44.70210801" lon="-0.78109296"><ele>62.578</ele><time>2026-08-22T08:33:20Z</time><speed>0.000</speed><sat>32</sat></trkpt>
  <trkpt lat="44.70210808" lon="-0.78109271"><ele>62.577</ele><time>2026-08-22T08:33:21Z</time><speed>0.000</speed><sat>31</sat></trkpt>
  <trkpt lat="44.70210817" lon="-0.78109262"><ele>62.582</ele><time>2026-08-22T08:33:22Z</time><speed>0.000</speed><sat>32</sat></trkpt>
  <trkpt lat="44.70210827" lon="-0.78109255"><ele>62.588</ele><time>2026-08-22T08:33:23Z</time><speed>0.000</speed><sat>33</sat></trkpt>
  <trkpt lat="44.70210830" lon="-0.78109253"><ele>62.588</ele><time>2026-08-22T08:33:24Z</time><speed>0.000</speed><sat>32</sat></trkpt>
  <trkpt lat="44.70210832" lon="-0.78109255"><ele>62.588</ele><time>2026-08-22T08:33:25Z</time><speed>0.000</speed><sat>32</sat></trkpt>
  <trkpt lat="44.70210832" lon="-0.78109256"><ele>62.588</ele><time>2026-08-22T08:33:26Z</time><speed>0.000</speed><sat>32</sat></trkpt>
  <trkpt lat="44.70210832" lon="-0.78109257"><ele>62.588</ele><time>2026-08-22T08:33:27Z</time><speed>0.000</speed><sat>32</sat></trkpt>
  <trkpt lat="44.70210833" lon="-0.78109257"><ele>62.587</ele><time>2026-08-22T08:33:28Z</time><speed>0.000</speed><sat>31</sat></trkpt>
  <trkpt lat="44.70210833" lon="-0.78109256"><ele>62.587</ele><time>2026-08-22T08:33:29Z</time><speed>0.000</speed><sat>31</sat></trkpt>
  <trkpt lat="44.70210833" lon="-0.78109255"><ele>62.587</ele><time>2026-08-22T08:33:30Z</time><speed>0.000</speed><sat>26</sat></trkpt>
  <trkpt lat="44.70210832" lon="-0.78109253"><ele>62.587</ele><time>2026-08-22T08:33:31Z</time><speed>0.000</speed><sat>27</sat></trkpt>
  <trkpt lat="44.70210832" lon="-0.78109252"><ele>62.587</ele><time>2026-08-22T08:33:32Z</time><speed>0.000</speed><sat>29</sat></trkpt>
  <trkpt lat="44.70210832" lon="-0.78109249"><ele>62.587</ele><time>2026-08-22T08:33:33Z</time><speed>0.000</speed><sat>30</sat></trkpt>
  <trkpt lat="44.70210831" lon="-0.78109247"><ele>62.586</ele><time>2026-08-22T08:33:34Z</time><speed>0.000</speed><sat>29</sat></trkpt>
  <trkpt lat="44.70210831" lon="-0.78109245"><ele>62.586</ele><time>2026-08-22T08:33:35Z</time><speed>0.000</speed><sat>29</sat></trkpt>
  <trkpt lat="44.70210833" lon="-0.78109240"><ele>62.582</ele><time>2026-08-22T08:33:36Z</time><speed>0.000</speed><sat>29</sat></trkpt>
  <trkpt lat="44.70210833" lon="-0.78109238"><ele>62.578</ele><time>2026-08-22T08:33:37Z</time><speed>0.000</speed><sat>29</sat></trkpt>
  <trkpt lat="44.70210830" lon="-0.78109237"><ele>62.573</ele><time>2026-08-22T08:33:38Z</time><speed>0.000</speed><sat>29</sat></trkpt>
  <trkpt lat="44.70210828" lon="-0.78109238"><ele>62.572</ele><time>2026-08-22T08:33:39Z</time><speed>0.000</speed><sat>31</sat></trkpt>
  <trkpt lat="44.70210824" lon="-0.78109240"><ele>62.571</ele><time>2026-08-22T08:33:40Z</time><speed>0.000</speed><sat>30</sat></trkpt>
  <trkpt lat="44.70210819" lon="-0.78109241"><ele>62.568</ele><time>2026-08-22T08:33:41Z</time><speed>0.000</speed><sat>29</sat></trkpt>
  <trkpt lat="44.70210816" lon="-0.78109241"><ele>62.562</ele><time>2026-08-22T08:33:42Z</time><speed>0.000</speed><sat>29</sat></trkpt>
  <trkpt lat="44.70210819" lon="-0.78109239"><ele>62.564</ele><time>2026-08-22T08:33:43Z</time><speed>0.000</speed><sat>29</sat></trkpt>
  <trkpt lat="44.70210818" lon="-0.78109238"><ele>62.558</ele><time>2026-08-22T08:33:44Z</time><speed>0.000</speed><sat>28</sat></trkpt>
  <trkpt lat="44.70210818" lon="-0.78109236"><ele>62.558</ele><time>2026-08-22T08:33:45Z</time><speed>0.000</speed><sat>30</sat></trkpt>
  <trkpt lat="44.70210817" lon="-0.78109235"><ele>62.558</ele><time>2026-08-22T08:33:46Z</time><speed>0.000</speed><sat>30</sat></trkpt>
  <trkpt lat="44.70210817" lon="-0.78109233"><ele>62.558</ele><time>2026-08-22T08:33:47Z</time><speed>0.000</speed><sat>30</sat></trkpt>
  <trkpt lat="44.70210816" lon="-0.78109232"><ele>62.558</ele><time>2026-08-22T08:33:48Z</time><speed>0.000</speed><sat>29</sat></trkpt>
  <trkpt lat="44.70210877" lon="-0.78109227"><ele>62.405</ele><time>2026-08-22T08:33:49Z</time><speed>0.000</speed><sat>30</sat></trkpt>
  <trkpt lat="44.70210918" lon="-0.78109201"><ele>62.404</ele><time>2026-08-22T08:33:50Z</time><speed>0.000</speed><sat>34</sat></trkpt>
  <trkpt lat="44.70210938" lon="-0.78109198"><ele>62.403</ele><time>2026-08-22T08:33:51Z</time><speed>0.000</speed><sat>33</sat></trkpt>
  <trkpt lat="44.70210950" lon="-0.78109216"><ele>62.405</ele><time>2026-08-22T08:33:52Z</time><speed>0.000</speed><sat>33</sat></trkpt>
  <trkpt lat="44.70210959" lon="-0.78109235"><ele>62.404</ele><time>2026-08-22T08:33:53Z</time><speed>0.000</speed><sat>33</sat></trkpt>
  <trkpt lat="44.70210972" lon="-0.78109235"><ele>62.413</ele><time>2026-08-22T08:33:54Z</time><speed>0.000</speed><sat>34</sat></trkpt>
  <trkpt lat="44.70210976" lon="-0.78109239"><ele>62.411</ele><time>2026-08-22T08:33:55Z</time><speed>0.000</speed><sat>34</sat></trkpt>
  <trkpt lat="44.70210978" lon="-0.78109241"><ele>62.410</ele><time>2026-08-22T08:33:56Z</time><speed>0.000</speed><sat>34</sat></trkpt>
  <trkpt lat="44.70210982" lon="-0.78109252"><ele>62.398</ele><time>2026-08-22T08:33:57Z</time><speed>0.000</speed><sat>34</sat></trkpt>
  <trkpt lat="44.70210988" lon="-0.78109279"><ele>62.409</ele><time>2026-08-22T08:33:58Z</time><speed>0.000</speed><sat>34</sat></trkpt>
  <trkpt lat="44.70210978" lon="-0.78109271"><ele>62.403</ele><time>2026-08-22T08:33:59Z</time><speed>0.000</speed><sat>34</sat></trkpt>
  <trkpt lat="44.70210978" lon="-0.78109278"><ele>62.426</ele><time>2026-08-22T08:34:00Z</time><speed>0.000</speed><sat>33</sat></trkpt>
  <trkpt lat="44.70210981" lon="-0.78109306"><ele>62.423</ele><time>2026-08-22T08:34:01Z</time><speed>0.000</speed><sat>32</sat></trkpt>
  <trkpt lat="44.70210983" lon="-0.78109317"><ele>62.423</ele><time>2026-08-22T08:34:02Z</time><speed>0.000</speed><sat>32</sat></trkpt>
  <trkpt lat="44.70210982" lon="-0.78109315"><ele>62.426</ele><time>2026-08-22T08:34:03Z</time><speed>0.000</speed><sat>33</sat></trkpt>
  <trkpt lat="44.70210994" lon="-0.78109333"><ele>62.445</ele><time>2026-08-22T08:34:04Z</time><speed>0.000</speed><sat>33</sat></trkpt>
  <trkpt lat="44.70211002" lon="-0.78109324"><ele>62.465</ele><time>2026-08-22T08:34:05Z</time><speed>0.000</speed><sat>33</sat></trkpt>
  <trkpt lat="44.70211001" lon="-0.78109317"><ele>62.459</ele><time>2026-08-22T08:34:06Z</time><speed>0.000</speed><sat>34</sat></trkpt>
  <trkpt lat="44.70211006" lon="-0.78109319"><ele>62.457</ele><time>2026-08-22T08:34:07Z</time><speed>0.000</speed><sat>34</sat></trkpt>
  <trkpt lat="44.70211001" lon="-0.78109312"><ele>62.445</ele><time>2026-08-22T08:34:08Z</time><speed>0.000</speed><sat>34</sat></trkpt>
  <trkpt lat="44.70211002" lon="-0.78109308"><ele>62.450</ele><time>2026-08-22T08:34:09Z</time><speed>0.000</speed><sat>34</sat></trkpt>
  <trkpt lat="44.70210996" lon="-0.78109314"><ele>62.451</ele><time>2026-08-22T08:34:10Z</time><speed>0.000</speed><sat>33</sat></trkpt>
  <trkpt lat="44.70210999" lon="-0.78109310"><ele>62.461</ele><time>2026-08-22T08:34:11Z</time><speed>0.000</speed><sat>33</sat></trkpt>
  <trkpt lat="44.70211005" lon="-0.78109313"><ele>62.462</ele><time>2026-08-22T08:34:12Z</time><speed>0.000</speed><sat>34</sat></trkpt>
  <trkpt lat="44.70211004" lon="-0.78109310"><ele>62.466</ele><time>2026-08-22T08:34:13Z</time><speed>0.000</speed><sat>34</sat></trkpt>
  <trkpt lat="44.70210998" lon="-0.78109294"><ele>62.457</ele><time>2026-08-22T08:34:14Z</time><speed>0.000</speed><sat>34</sat></trkpt>
  <trkpt lat="44.70210999" lon="-0.78109296"><ele>62.454</ele><time>2026-08-22T08:34:15Z</time><speed>0.000</speed><sat>33</sat></trkpt>
  <trkpt lat="44.70210993" lon="-0.78109295"><ele>62.456</ele><time>2026-08-22T08:34:16Z</time><speed>0.000</speed><sat>33</sat></trkpt>
  <trkpt lat="44.70210979" lon="-0.78109289"><ele>62.461</ele><time>2026-08-22T08:34:17Z</time><speed>0.000</speed><sat>34</sat></trkpt>
  <trkpt lat="44.70210985" lon="-0.78109277"><ele>62.479</ele><time>2026-08-22T08:34:18Z</time><speed>0.000</speed><sat>34</sat></trkpt>
  <trkpt lat="44.70210982" lon="-0.78109269"><ele>62.471</ele><time>2026-08-22T08:34:19Z</time><speed>0.000</speed><sat>34</sat></trkpt>
  <trkpt lat="44.70210978" lon="-0.78109262"><ele>62.472</ele><time>2026-08-22T08:34:20Z</time><speed>0.000</speed><sat>34</sat></trkpt>
  <trkpt lat="44.70210978" lon="-0.78109261"><ele>62.463</ele><time>2026-08-22T08:34:21Z</time><speed>0.000</speed><sat>34</sat></trkpt>
  <trkpt lat="44.70210977" lon="-0.78109261"><ele>62.463</ele><time>2026-08-22T08:34:22Z</time><speed>0.000</speed><sat>34</sat></trkpt>
  <trkpt lat="44.70210977" lon="-0.78109257"><ele>62.466</ele><time>2026-08-22T08:34:23Z</time><speed>0.000</speed><sat>34</sat></trkpt>
  <trkpt lat="44.70210982" lon="-0.78109259"><ele>62.469</ele><time>2026-08-22T08:34:24Z</time><speed>0.000</speed><sat>34</sat></trkpt>
  <trkpt lat="44.70210984" lon="-0.78109258"><ele>62.461</ele><time>2026-08-22T08:34:25Z</time><speed>0.000</speed><sat>32</sat></trkpt>
  <trkpt lat="44.70210988" lon="-0.78109260"><ele>62.453</ele><time>2026-08-22T08:34:26Z</time><speed>0.000</speed><sat>32</sat></trkpt>
  <trkpt lat="44.70210988" lon="-0.78109261"><ele>62.433</ele><time>2026-08-22T08:34:27Z</time><speed>0.000</speed><sat>32</sat></trkpt>
  <trkpt lat="44.70210990" lon="-0.78109263"><ele>62.430</ele><time>2026-08-22T08:34:28Z</time><speed>0.000</speed><sat>32</sat></trkpt>
  <trkpt lat="44.70210991" lon="-0.78109262"><ele>62.429</ele><time>2026-08-22T08:34:29Z</time><speed>0.000</speed><sat>30</sat></trkpt>
  <trkpt lat="44.70210998" lon="-0.78109267"><ele>62.424</ele><time>2026-08-22T08:34:30Z</time><speed>0.000</speed><sat>32</sat></trkpt>
  <trkpt lat="44.70211000" lon="-0.78109267"><ele>62.423</ele><time>2026-08-22T08:34:31Z</time><speed>0.000</speed><sat>32</sat></trkpt>
  <trkpt lat="44.70211000" lon="-0.78109265"><ele>62.421</ele><time>2026-08-22T08:34:32Z</time><speed>0.000</speed><sat>32</sat></trkpt>
  <trkpt lat="44.70211367" lon="-0.78109029"><ele>62.492</ele><time>2026-08-22T08:34:33Z</time><speed>0.380</speed><sat>33</sat></trkpt>
  <trkpt lat="44.70211806" lon="-0.78108816"><ele>62.242</ele><time>2026-08-22T08:34:34Z</time><speed>0.400</speed><sat>34</sat></trkpt>
  <trkpt lat="44.70212217" lon="-0.78108805"><ele>62.377</ele><time>2026-08-22T08:34:35Z</time><speed>0.450</speed><sat>34</sat></trkpt>
  <trkpt lat="44.70212713" lon="-0.78108786"><ele>62.809</ele><time>2026-08-22T08:34:36Z</time><speed>0.580</speed><sat>33</sat></trkpt>
  <trkpt lat="44.70213254" lon="-0.78108917"><ele>63.044</ele><time>2026-08-22T08:34:37Z</time><speed>0.430</speed><sat>33</sat></trkpt>
  <trkpt lat="44.70213641" lon="-0.78109189"><ele>63.029</ele><time>2026-08-22T08:34:38Z</time><speed>0.360</speed><sat>33</sat></trkpt>
  <trkpt lat="44.70213980" lon="-0.78109557"><ele>62.705</ele><time>2026-08-22T08:34:39Z</time><speed>0.500</speed><sat>34</sat></trkpt>
  <trkpt lat="44.70214376" lon="-0.78110060"><ele>62.438</ele><time>2026-08-22T08:34:40Z</time><speed>0.740</speed><sat>34</sat></trkpt>
  <trkpt lat="44.70214950" lon="-0.78110796"><ele>62.567</ele><time>2026-08-22T08:34:41Z</time><speed>0.990</speed><sat>34</sat></trkpt>
  <trkpt lat="44.70215422" lon="-0.78111728"><ele>62.325</ele><time>2026-08-22T08:34:42Z</time><speed>1.020</speed><sat>34</sat></trkpt>
  <trkpt lat="44.70215880" lon="-0.78112699"><ele>62.147</ele><time>2026-08-22T08:34:43Z</time><speed>0.990</speed><sat>34</sat></trkpt>
  <trkpt lat="44.70216402" lon="-0.78113785"><ele>62.317</ele><time>2026-08-22T08:34:44Z</time><speed>1.080</speed><sat>34</sat></trkpt>
  <trkpt lat="44.70217036" lon="-0.78115135"><ele>62.277</ele><time>2026-08-22T08:34:45Z</time><speed>1.370</speed><sat>34</sat></trkpt>
  <trkpt lat="44.70215765" lon="-0.78117549"><ele>62.543</ele><time>2026-08-22T08:34:46Z</time><speed>2.630</speed><sat>34</sat></trkpt>
  <trkpt lat="44.70214208" lon="-0.78117149"><ele>63.580</ele><time>2026-08-22T08:34:47Z</time><speed>1.790</speed><sat>34</sat></trkpt>
  <trkpt lat="44.70213573" lon="-0.78117662"><ele>63.995</ele><time>2026-08-22T08:34:48Z</time><speed>1.100</speed><sat>34</sat></trkpt>
  <trkpt lat="44.70214088" lon="-0.78121304"><ele>65.712</ele><time>2026-08-22T08:34:49Z</time><speed>2.700</speed><sat>34</sat></trkpt>
  <trkpt lat="44.70215081" lon="-0.78123737"><ele>65.776</ele><time>2026-08-22T08:34:50Z</time><speed>1.630</speed><sat>34</sat></trkpt>
  <trkpt lat="44.70216608" lon="-0.78125625"><ele>65.403</ele><time>2026-08-22T08:34:51Z</time><speed>1.730</speed><sat>34</sat></trkpt>
  <trkpt lat="44.70218264" lon="-0.78127528"><ele>65.448</ele><time>2026-08-22T08:34:52Z</time><speed>1.790</speed><sat>34</sat></trkpt>
  <trkpt lat="44.70220087" lon="-0.78129377"><ele>65.139</ele><time>2026-08-22T08:34:53Z</time><speed>1.840</speed><sat>34</sat></trkpt>
  <trkpt lat="44.70221903" lon="-0.78131167"><ele>65.349</ele><time>2026-08-22T08:34:54Z</time><speed>1.880</speed><sat>34</sat></trkpt>
  <trkpt lat="44.70223887" lon="-0.78132943"><ele>65.441</ele><time>2026-08-22T08:34:55Z</time><speed>1.800</speed><sat>34</sat></trkpt>
  <trkpt lat="44.70225590" lon="-0.78134487"><ele>65.597</ele><time>2026-08-22T08:34:56Z</time><speed>1.730</speed><sat>34</sat></trkpt>
  <trkpt lat="44.70227182" lon="-0.78135957"><ele>65.588</ele><time>2026-08-22T08:34:57Z</time><speed>1.700</speed><sat>33</sat></trkpt>
  <trkpt lat="44.70228721" lon="-0.78137136"><ele>65.513</ele><time>2026-08-22T08:34:58Z</time><speed>1.580</speed><sat>31</sat></trkpt>
  <trkpt lat="44.70230300" lon="-0.78138209"><ele>65.010</ele><time>2026-08-22T08:34:59Z</time><speed>1.680</speed><sat>33</sat></trkpt>
  <trkpt lat="44.70231943" lon="-0.78139191"><ele>64.994</ele><time>2026-08-22T08:35:00Z</time><speed>1.740</speed><sat>33</sat></trkpt>
  <trkpt lat="44.70233589" lon="-0.78140012"><ele>64.680</ele><time>2026-08-22T08:35:01Z</time><speed>1.720</speed><sat>34</sat></trkpt>
  <trkpt lat="44.70235216" lon="-0.78140725"><ele>64.513</ele><time>2026-08-22T08:35:02Z</time><speed>1.590</speed><sat>33</sat></trkpt>
  <trkpt lat="44.70237304" lon="-0.78141824"><ele>64.779</ele><time>2026-08-22T08:35:03Z</time><speed>2.300</speed><sat>33</sat></trkpt>
  <trkpt lat="44.70238904" lon="-0.78142261"><ele>64.405</ele><time>2026-08-22T08:35:04Z</time><speed>1.530</speed><sat>33</sat></trkpt>
  <trkpt lat="44.70240430" lon="-0.78142413"><ele>64.126</ele><time>2026-08-22T08:35:05Z</time><speed>1.450</speed><sat>34</sat></trkpt>
  <trkpt lat="44.70242067" lon="-0.78142665"><ele>63.896</ele><time>2026-08-22T08:35:06Z</time><speed>1.590</speed><sat>33</sat></trkpt>
  <trkpt lat="44.70243793" lon="-0.78142870"><ele>63.824</ele><time>2026-08-22T08:35:07Z</time><speed>1.760</speed><sat>33</sat></trkpt>
  <trkpt lat="44.70245449" lon="-0.78142862"><ele>63.580</ele><time>2026-08-22T08:35:08Z</time><speed>1.650</speed><sat>34</sat></trkpt>
  <trkpt lat="44.70247184" lon="-0.78142547"><ele>63.140</ele><time>2026-08-22T08:35:09Z</time><speed>1.740</speed><sat>34</sat></trkpt>
  <trkpt lat="44.70249071" lon="-0.78142369"><ele>63.149</ele><time>2026-08-22T08:35:10Z</time><speed>1.950</speed><sat>34</sat></trkpt>
  <trkpt lat="44.70250933" lon="-0.78142187"><ele>63.211</ele><time>2026-08-22T08:35:11Z</time><speed>1.990</speed><sat>34</sat></trkpt>
  <trkpt lat="44.70252857" lon="-0.78141917"><ele>63.197</ele><time>2026-08-22T08:35:12Z</time><speed>2.100</speed><sat>34</sat></trkpt>
  <trkpt lat="44.70254766" lon="-0.78141539"><ele>63.265</ele><time>2026-08-22T08:35:13Z</time><speed>2.100</speed><sat>33</sat></trkpt>
  <trkpt lat="44.70256665" lon="-0.78141308"><ele>63.271</ele><time>2026-08-22T08:35:14Z</time><speed>2.080</speed><sat>34</sat></trkpt>
  <trkpt lat="44.70258475" lon="-0.78140974"><ele>63.256</ele><time>2026-08-22T08:35:15Z</time><speed>2.000</speed><sat>34</sat></trkpt>
  <trkpt lat="44.70260063" lon="-0.78140502"><ele>63.109</ele><time>2026-08-22T08:35:16Z</time><speed>1.850</speed><sat>34</sat></trkpt>
  <trkpt lat="44.70261603" lon="-0.78140105"><ele>63.284</ele><time>2026-08-22T08:35:17Z</time><speed>1.860</speed><sat>34</sat></trkpt>
  <trkpt lat="44.70263280" lon="-0.78139593"><ele>63.252</ele><time>2026-08-22T08:35:18Z</time><speed>2.040</speed><sat>34</sat></trkpt>
  <trkpt lat="44.70265174" lon="-0.78139091"><ele>63.208</ele><time>2026-08-22T08:35:19Z</time><speed>2.150</speed><sat>33</sat></trkpt>
  <trkpt lat="44.70267056" lon="-0.78138528"><ele>63.344</ele><time>2026-08-22T08:35:20Z</time><speed>2.090</speed><sat>33</sat></trkpt>
  <trkpt lat="44.70268754" lon="-0.78137946"><ele>63.081</ele><time>2026-08-22T08:35:21Z</time><speed>1.890</speed><sat>34</sat></trkpt>
  <trkpt lat="44.70270418" lon="-0.78137502"><ele>63.269</ele><time>2026-08-22T08:35:22Z</time><speed>1.840</speed><sat>34</sat></trkpt>
  <trkpt lat="44.70272238" lon="-0.78136921"><ele>63.274</ele><time>2026-08-22T08:35:23Z</time><speed>2.030</speed><sat>34</sat></trkpt>
  <trkpt lat="44.70274119" lon="-0.78136306"><ele>63.588</ele><time>2026-08-22T08:35:24Z</time><speed>2.100</speed><sat>34</sat></trkpt>
  <trkpt lat="44.70275938" lon="-0.78135690"><ele>63.884</ele><time>2026-08-22T08:35:25Z</time><speed>2.050</speed><sat>33</sat></trkpt>
  <trkpt lat="44.70277572" lon="-0.78134974"><ele>64.583</ele><time>2026-08-22T08:35:26Z</time><speed>2.020</speed><sat>34</sat></trkpt>
  <trkpt lat="44.70277859" lon="-0.78134789"><ele>64.601</ele><time>2026-08-22T08:35:27Z</time><speed>0.320</speed><sat>34</sat></trkpt>
  <trkpt lat="44.70277501" lon="-0.78134772"><ele>64.570</ele><time>2026-08-22T08:35:28Z</time><speed>0.000</speed><sat>34</sat></trkpt>
  <trkpt lat="44.70277399" lon="-0.78134782"><ele>64.549</ele><time>2026-08-22T08:35:29Z</time><speed>0.000</speed><sat>34</sat></trkpt>
  <trkpt lat="44.70277375" lon="-0.78134784"><ele>64.547</ele><time>2026-08-22T08:35:30Z</time><speed>0.000</speed><sat>33</sat></trkpt>
  <trkpt lat="44.70277371" lon="-0.78134793"><ele>64.533</ele><time>2026-08-22T08:35:31Z</time><speed>0.000</speed><sat>34</sat></trkpt>
  <trkpt lat="44.70277370" lon="-0.78134801"><ele>64.521</ele><time>2026-08-22T08:35:32Z</time><speed>0.000</speed><sat>34</sat></trkpt>
  <trkpt lat="44.70277369" lon="-0.78134804"><ele>64.519</ele><time>2026-08-22T08:35:33Z</time><speed>0.000</speed><sat>34</sat></trkpt>
  <trkpt lat="44.70277364" lon="-0.78134807"><ele>64.505</ele><time>2026-08-22T08:35:34Z</time><speed>0.000</speed><sat>34</sat></trkpt>
  <trkpt lat="44.70277362" lon="-0.78134816"><ele>64.504</ele><time>2026-08-22T08:35:35Z</time><speed>0.000</speed><sat>34</sat></trkpt>
  <trkpt lat="44.70277355" lon="-0.78134818"><ele>64.509</ele><time>2026-08-22T08:35:36Z</time><speed>0.000</speed><sat>34</sat></trkpt>
  <trkpt lat="44.70277354" lon="-0.78134829"><ele>64.504</ele><time>2026-08-22T08:35:37Z</time><speed>0.000</speed><sat>34</sat></trkpt>
  <trkpt lat="44.70277352" lon="-0.78134832"><ele>64.497</ele><time>2026-08-22T08:35:38Z</time><speed>0.000</speed><sat>32</sat></trkpt>
  <trkpt lat="44.70277350" lon="-0.78134830"><ele>64.497</ele><time>2026-08-22T08:35:39Z</time><speed>0.000</speed><sat>33</sat></trkpt>
  <trkpt lat="44.70277348" lon="-0.78134827"><ele>64.500</ele><time>2026-08-22T08:35:40Z</time><speed>0.000</speed><sat>34</sat></trkpt>
  <trkpt lat="44.70277339" lon="-0.78134840"><ele>64.534</ele><time>2026-08-22T08:35:41Z</time><speed>0.000</speed><sat>33</sat></trkpt>
  <trkpt lat="44.70277336" lon="-0.78134854"><ele>64.529</ele><time>2026-08-22T08:35:42Z</time><speed>0.000</speed><sat>33</sat></trkpt>
  <trkpt lat="44.70277331" lon="-0.78134863"><ele>64.534</ele><time>2026-08-22T08:35:43Z</time><speed>0.000</speed><sat>34</sat></trkpt>
  <trkpt lat="44.70277329" lon="-0.78134872"><ele>64.530</ele><time>2026-08-22T08:35:44Z</time><speed>0.000</speed><sat>34</sat></trkpt>
  <trkpt lat="44.70277318" lon="-0.78134874"><ele>64.528</ele><time>2026-08-22T08:35:45Z</time><speed>0.000</speed><sat>34</sat></trkpt>
  <trkpt lat="44.70277315" lon="-0.78134873"><ele>64.549</ele><time>2026-08-22T08:35:46Z</time><speed>0.000</speed><sat>34</sat></trkpt>
  <trkpt lat="44.70277313" lon="-0.78134875"><ele>64.547</ele><time>2026-08-22T08:35:47Z</time><speed>0.000</speed><sat>34</sat></trkpt>
  <trkpt lat="44.70277310" lon="-0.78134883"><ele>64.551</ele><time>2026-08-22T08:35:48Z</time><speed>0.000</speed><sat>34</sat></trkpt>
  <trkpt lat="44.70277309" lon="-0.78134895"><ele>64.551</ele><time>2026-08-22T08:35:49Z</time><speed>0.000</speed><sat>33</sat></trkpt>
  <trkpt lat="44.70277305" lon="-0.78134901"><ele>64.558</ele><time>2026-08-22T08:35:50Z</time><speed>0.000</speed><sat>34</sat></trkpt>
  <trkpt lat="44.70277304" lon="-0.78134913"><ele>64.545</ele><time>2026-08-22T08:35:51Z</time><speed>0.000</speed><sat>34</sat></trkpt>
  <trkpt lat="44.70277297" lon="-0.78134915"><ele>64.559</ele><time>2026-08-22T08:35:52Z</time><speed>0.000</speed><sat>34</sat></trkpt>
  <trkpt lat="44.70277296" lon="-0.78134923"><ele>64.555</ele><time>2026-08-22T08:35:53Z</time><speed>0.000</speed><sat>34</sat></trkpt>
  <trkpt lat="44.70277293" lon="-0.78134924"><ele>64.560</ele><time>2026-08-22T08:35:54Z</time><speed>0.000</speed><sat>34</sat></trkpt>
  <trkpt lat="44.70277289" lon="-0.78134924"><ele>64.571</ele><time>2026-08-22T08:35:55Z</time><speed>0.000</speed><sat>34</sat></trkpt>
  <trkpt lat="44.70277286" lon="-0.78134926"><ele>64.576</ele><time>2026-08-22T08:35:56Z</time><speed>0.000</speed><sat>34</sat></trkpt>
  <trkpt lat="44.70277286" lon="-0.78134934"><ele>64.562</ele><time>2026-08-22T08:35:57Z</time><speed>0.000</speed><sat>34</sat></trkpt>
  <trkpt lat="44.70277284" lon="-0.78134940"><ele>64.565</ele><time>2026-08-22T08:35:58Z</time><speed>0.000</speed><sat>34</sat></trkpt>
  <trkpt lat="44.70277280" lon="-0.78134935"><ele>64.570</ele><time>2026-08-22T08:35:59Z</time><speed>0.000</speed><sat>34</sat></trkpt>
  <trkpt lat="44.70277278" lon="-0.78134930"><ele>64.589</ele><time>2026-08-22T08:36:00Z</time><speed>0.000</speed><sat>34</sat></trkpt>
  <trkpt lat="44.70277276" lon="-0.78134929"><ele>64.590</ele><time>2026-08-22T08:36:01Z</time><speed>0.000</speed><sat>34</sat></trkpt>
  <trkpt lat="44.70277271" lon="-0.78134926"><ele>64.595</ele><time>2026-08-22T08:36:02Z</time><speed>0.000</speed><sat>34</sat></trkpt>
  <trkpt lat="44.70277266" lon="-0.78134925"><ele>64.596</ele><time>2026-08-22T08:36:03Z</time><speed>0.000</speed><sat>34</sat></trkpt>
  <trkpt lat="44.70277261" lon="-0.78134926"><ele>64.595</ele><time>2026-08-22T08:36:04Z</time><speed>0.000</speed><sat>34</sat></trkpt>
  <trkpt lat="44.70277255" lon="-0.78134932"><ele>64.583</ele><time>2026-08-22T08:36:05Z</time><speed>0.000</speed><sat>34</sat></trkpt>
  <trkpt lat="44.70277250" lon="-0.78134937"><ele>64.584</ele><time>2026-08-22T08:36:06Z</time><speed>0.000</speed><sat>34</sat></trkpt>
  <trkpt lat="44.70277245" lon="-0.78134940"><ele>64.582</ele><time>2026-08-22T08:36:07Z</time><speed>0.000</speed><sat>34</sat></trkpt>
  <trkpt lat="44.70277240" lon="-0.78134936"><ele>64.583</ele><time>2026-08-22T08:36:08Z</time><speed>0.000</speed><sat>34</sat></trkpt>
  <trkpt lat="44.70277234" lon="-0.78134933"><ele>64.585</ele><time>2026-08-22T08:36:09Z</time><speed>0.000</speed><sat>33</sat></trkpt>
  <trkpt lat="44.70277228" lon="-0.78134935"><ele>64.587</ele><time>2026-08-22T08:36:10Z</time><speed>0.000</speed><sat>33</sat></trkpt>
  <trkpt lat="44.70277223" lon="-0.78134933"><ele>64.589</ele><time>2026-08-22T08:36:11Z</time><speed>0.000</speed><sat>33</sat></trkpt>
  <trkpt lat="44.70277218" lon="-0.78134933"><ele>64.589</ele><time>2026-08-22T08:36:12Z</time><speed>0.000</speed><sat>33</sat></trkpt>
  <trkpt lat="44.70277212" lon="-0.78134930"><ele>64.599</ele><time>2026-08-22T08:36:13Z</time><speed>0.000</speed><sat>33</sat></trkpt>
  <trkpt lat="44.70277148" lon="-0.78135083"><ele>64.596</ele><time>2026-08-22T08:36:14Z</time><speed>0.000</speed><sat>33</sat></trkpt>
  <trkpt lat="44.70277082" lon="-0.78135214"><ele>64.596</ele><time>2026-08-22T08:36:15Z</time><speed>0.000</speed><sat>33</sat></trkpt>
  <trkpt lat="44.70277061" lon="-0.78135249"><ele>64.592</ele><time>2026-08-22T08:36:16Z</time><speed>0.000</speed><sat>33</sat></trkpt>
  <trkpt lat="44.70277046" lon="-0.78135246"><ele>64.582</ele><time>2026-08-22T08:36:17Z</time><speed>0.000</speed><sat>33</sat></trkpt>
  <trkpt lat="44.70277040" lon="-0.78135253"><ele>64.574</ele><time>2026-08-22T08:36:18Z</time><speed>0.000</speed><sat>34</sat></trkpt>
  <trkpt lat="44.70277034" lon="-0.78135250"><ele>64.575</ele><time>2026-08-22T08:36:19Z</time><speed>0.000</speed><sat>34</sat></trkpt>
  <trkpt lat="44.70277028" lon="-0.78135255"><ele>64.574</ele><time>2026-08-22T08:36:20Z</time><speed>0.000</speed><sat>34</sat></trkpt>
  <trkpt lat="44.70277021" lon="-0.78135254"><ele>64.568</ele><time>2026-08-22T08:36:21Z</time><speed>0.000</speed><sat>34</sat></trkpt>
  <trkpt lat="44.70277017" lon="-0.78135252"><ele>64.569</ele><time>2026-08-22T08:36:22Z</time><speed>0.000</speed><sat>34</sat></trkpt>
  <trkpt lat="44.70277015" lon="-0.78135255"><ele>64.551</ele><time>2026-08-22T08:36:23Z</time><speed>0.000</speed><sat>33</sat></trkpt>
  <trkpt lat="44.70276934" lon="-0.78135372"><ele>64.647</ele><time>2026-08-22T08:36:24Z</time><speed>0.000</speed><sat>34</sat></trkpt>
  <trkpt lat="44.70276864" lon="-0.78135454"><ele>64.654</ele><time>2026-08-22T08:36:25Z</time><speed>0.000</speed><sat>34</sat></trkpt>
  <trkpt lat="44.70276843" lon="-0.78135474"><ele>64.648</ele><time>2026-08-22T08:36:26Z</time><speed>0.000</speed><sat>34</sat></trkpt>
  <trkpt lat="44.70276835" lon="-0.78135476"><ele>64.646</ele><time>2026-08-22T08:36:27Z</time><speed>0.000</speed><sat>34</sat></trkpt>
  <trkpt lat="44.70276829" lon="-0.78135468"><ele>64.643</ele><time>2026-08-22T08:36:28Z</time><speed>0.000</speed><sat>34</sat></trkpt>
  <trkpt lat="44.70276823" lon="-0.78135462"><ele>64.634</ele><time>2026-08-22T08:36:29Z</time><speed>0.000</speed><sat>33</sat></trkpt>
  <trkpt lat="44.70276814" lon="-0.78135457"><ele>64.640</ele><time>2026-08-22T08:36:30Z</time><speed>0.000</speed><sat>33</sat></trkpt>
  <trkpt lat="44.70276808" lon="-0.78135451"><ele>64.637</ele><time>2026-08-22T08:36:31Z</time><speed>0.000</speed><sat>33</sat></trkpt>
  <trkpt lat="44.70276805" lon="-0.78135452"><ele>64.639</ele><time>2026-08-22T08:36:32Z</time><speed>0.000</speed><sat>34</sat></trkpt>
  <trkpt lat="44.70276803" lon="-0.78135452"><ele>64.637</ele><time>2026-08-22T08:36:33Z</time><speed>0.000</speed><sat>34</sat></trkpt>
  <trkpt lat="44.70276799" lon="-0.78135450"><ele>64.638</ele><time>2026-08-22T08:36:34Z</time><speed>0.000</speed><sat>33</sat></trkpt>
  <trkpt lat="44.70276795" lon="-0.78135442"><ele>64.638</ele><time>2026-08-22T08:36:35Z</time><speed>0.000</speed><sat>32</sat></trkpt>
  <trkpt lat="44.70276793" lon="-0.78135440"><ele>64.635</ele><time>2026-08-22T08:36:36Z</time><speed>0.000</speed><sat>32</sat></trkpt>
  <trkpt lat="44.70276792" lon="-0.78135439"><ele>64.635</ele><time>2026-08-22T08:36:37Z</time><speed>0.000</speed><sat>32</sat></trkpt>
  <trkpt lat="44.70276790" lon="-0.78135438"><ele>64.632</ele><time>2026-08-22T08:36:38Z</time><speed>0.000</speed><sat>33</sat></trkpt>
  <trkpt lat="44.70276789" lon="-0.78135444"><ele>64.620</ele><time>2026-08-22T08:36:39Z</time><speed>0.000</speed><sat>33</sat></trkpt>
  <trkpt lat="44.70276784" lon="-0.78135445"><ele>64.613</ele><time>2026-08-22T08:36:40Z</time><speed>0.000</speed><sat>32</sat></trkpt>
  <trkpt lat="44.70276778" lon="-0.78135440"><ele>64.618</ele><time>2026-08-22T08:36:41Z</time><speed>0.000</speed><sat>32</sat></trkpt>
  <trkpt lat="44.70276774" lon="-0.78135440"><ele>64.614</ele><time>2026-08-22T08:36:42Z</time><speed>0.000</speed><sat>32</sat></trkpt>
  <trkpt lat="44.70276773" lon="-0.78135443"><ele>64.612</ele><time>2026-08-22T08:36:43Z</time><speed>0.000</speed><sat>32</sat></trkpt>
  <trkpt lat="44.70276772" lon="-0.78135446"><ele>64.608</ele><time>2026-08-22T08:36:44Z</time><speed>0.000</speed><sat>32</sat></trkpt>
  <trkpt lat="44.70276770" lon="-0.78135446"><ele>64.611</ele><time>2026-08-22T08:36:45Z</time><speed>0.000</speed><sat>32</sat></trkpt>
  <trkpt lat="44.70276769" lon="-0.78135448"><ele>64.612</ele><time>2026-08-22T08:36:46Z</time><speed>0.000</speed><sat>33</sat></trkpt>
  <trkpt lat="44.70276769" lon="-0.78135451"><ele>64.612</ele><time>2026-08-22T08:36:47Z</time><speed>0.000</speed><sat>33</sat></trkpt>
  <trkpt lat="44.70276771" lon="-0.78135458"><ele>64.610</ele><time>2026-08-22T08:36:48Z</time><speed>0.000</speed><sat>33</sat></trkpt>
  <trkpt lat="44.70276771" lon="-0.78135456"><ele>64.620</ele><time>2026-08-22T08:36:49Z</time><speed>0.000</speed><sat>33</sat></trkpt>
  <trkpt lat="44.70276770" lon="-0.78135453"><ele>64.626</ele><time>2026-08-22T08:36:50Z</time><speed>0.000</speed><sat>33</sat></trkpt>
  <trkpt lat="44.70276766" lon="-0.78135450"><ele>64.627</ele><time>2026-08-22T08:36:51Z</time><speed>0.000</speed><sat>33</sat></trkpt>
  <trkpt lat="44.70276755" lon="-0.78135437"><ele>64.637</ele><time>2026-08-22T08:36:52Z</time><speed>0.000</speed><sat>33</sat></trkpt>
  <trkpt lat="44.70276744" lon="-0.78135428"><ele>64.629</ele><time>2026-08-22T08:36:53Z</time><speed>0.000</speed><sat>33</sat></trkpt>
  <trkpt lat="44.70276739" lon="-0.78135426"><ele>64.629</ele><time>2026-08-22T08:36:54Z</time><speed>0.000</speed><sat>33</sat></trkpt>
  <trkpt lat="44.70276736" lon="-0.78135427"><ele>64.631</ele><time>2026-08-22T08:36:55Z</time><speed>0.000</speed><sat>32</sat></trkpt>
  <trkpt lat="44.70276734" lon="-0.78135426"><ele>64.632</ele><time>2026-08-22T08:36:56Z</time><speed>0.000</speed><sat>33</sat></trkpt>
  <trkpt lat="44.70276731" lon="-0.78135427"><ele>64.634</ele><time>2026-08-22T08:36:57Z</time><speed>0.000</speed><sat>33</sat></trkpt>
  <trkpt lat="44.70276730" lon="-0.78135427"><ele>64.631</ele><time>2026-08-22T08:36:58Z</time><speed>0.000</speed><sat>33</sat></trkpt>
  <trkpt lat="44.70276728" lon="-0.78135427"><ele>64.631</ele><time>2026-08-22T08:36:59Z</time><speed>0.000</speed><sat>33</sat></trkpt>
  <trkpt lat="44.70276723" lon="-0.78135428"><ele>64.632</ele><time>2026-08-22T08:37:00Z</time><speed>0.000</speed><sat>33</sat></trkpt>
  <trkpt lat="44.70276720" lon="-0.78135429"><ele>64.631</ele><time>2026-08-22T08:37:01Z</time><speed>0.000</speed><sat>32</sat></trkpt>
  <trkpt lat="44.70276718" lon="-0.78135430"><ele>64.632</ele><time>2026-08-22T08:37:02Z</time><speed>0.000</speed><sat>32</sat></trkpt>
  <trkpt lat="44.70276717" lon="-0.78135430"><ele>64.633</ele><time>2026-08-22T08:37:03Z</time><speed>0.000</speed><sat>33</sat></trkpt>
  <trkpt lat="44.70276715" lon="-0.78135432"><ele>64.639</ele><time>2026-08-22T08:37:04Z</time><speed>0.000</speed><sat>33</sat></trkpt>
  <trkpt lat="44.70276713" lon="-0.78135433"><ele>64.637</ele><time>2026-08-22T08:37:05Z</time><speed>0.000</speed><sat>33</sat></trkpt>
  <trkpt lat="44.70276710" lon="-0.78135435"><ele>64.634</ele><time>2026-08-22T08:37:06Z</time><speed>0.000</speed><sat>33</sat></trkpt>
  <trkpt lat="44.70276709" lon="-0.78135445"><ele>64.601</ele><time>2026-08-22T08:37:07Z</time><speed>0.000</speed><sat>33</sat></trkpt>
  <trkpt lat="44.70276706" lon="-0.78135448"><ele>64.582</ele><time>2026-08-22T08:37:08Z</time><speed>0.000</speed><sat>33</sat></trkpt>
  <trkpt lat="44.70276704" lon="-0.78135454"><ele>64.573</ele><time>2026-08-22T08:37:09Z</time><speed>0.000</speed><sat>33</sat></trkpt>
  <trkpt lat="44.70276702" lon="-0.78135457"><ele>64.577</ele><time>2026-08-22T08:37:10Z</time><speed>0.000</speed><sat>34</sat></trkpt>
  <trkpt lat="44.70276698" lon="-0.78135451"><ele>64.589</ele><time>2026-08-22T08:37:11Z</time><speed>0.000</speed><sat>34</sat></trkpt>
  <trkpt lat="44.70276694" lon="-0.78135449"><ele>64.588</ele><time>2026-08-22T08:37:12Z</time><speed>0.000</speed><sat>34</sat></trkpt>
  <trkpt lat="44.70276690" lon="-0.78135443"><ele>64.599</ele><time>2026-08-22T08:37:13Z</time><speed>0.000</speed><sat>34</sat></trkpt>
  <trkpt lat="44.70276687" lon="-0.78135444"><ele>64.595</ele><time>2026-08-22T08:37:14Z</time><speed>0.000</speed><sat>34</sat></trkpt>
  <trkpt lat="44.70276685" lon="-0.78135437"><ele>64.614</ele><time>2026-08-22T08:37:15Z</time><speed>0.000</speed><sat>34</sat></trkpt>
  <trkpt lat="44.70276684" lon="-0.78135435"><ele>64.613</ele><time>2026-08-22T08:37:16Z</time><speed>0.000</speed><sat>33</sat></trkpt>
  <trkpt lat="44.70276686" lon="-0.78135440"><ele>64.601</ele><time>2026-08-22T08:37:17Z</time><speed>0.000</speed><sat>33</sat></trkpt>
  <trkpt lat="44.70276687" lon="-0.78135443"><ele>64.598</ele><time>2026-08-22T08:37:18Z</time><speed>0.000</speed><sat>33</sat></trkpt>
  <trkpt lat="44.70276698" lon="-0.78135436"><ele>64.601</ele><time>2026-08-22T08:37:19Z</time><speed>0.000</speed><sat>33</sat></trkpt>
  <trkpt lat="44.70276699" lon="-0.78135438"><ele>64.590</ele><time>2026-08-22T08:37:20Z</time><speed>0.000</speed><sat>33</sat></trkpt>
  <trkpt lat="44.70276689" lon="-0.78135441"><ele>64.603</ele><time>2026-08-22T08:37:21Z</time><speed>0.000</speed><sat>33</sat></trkpt>
  <trkpt lat="44.70276676" lon="-0.78135446"><ele>64.611</ele><time>2026-08-22T08:37:22Z</time><speed>0.000</speed><sat>33</sat></trkpt>
  <trkpt lat="44.70276669" lon="-0.78135450"><ele>64.609</ele><time>2026-08-22T08:37:23Z</time><speed>0.000</speed><sat>33</sat></trkpt>
  <trkpt lat="44.70276664" lon="-0.78135453"><ele>64.605</ele><time>2026-08-22T08:37:24Z</time><speed>0.000</speed><sat>33</sat></trkpt>
  <trkpt lat="44.70276660" lon="-0.78135454"><ele>64.608</ele><time>2026-08-22T08:37:25Z</time><speed>0.000</speed><sat>32</sat></trkpt>
  <trkpt lat="44.70276661" lon="-0.78135455"><ele>64.606</ele><time>2026-08-22T08:37:26Z</time><speed>0.000</speed><sat>32</sat></trkpt>
  <trkpt lat="44.70276647" lon="-0.78135450"><ele>64.631</ele><time>2026-08-22T08:37:27Z</time><speed>0.000</speed><sat>32</sat></trkpt>
  <trkpt lat="44.70276639" lon="-0.78135445"><ele>64.645</ele><time>2026-08-22T08:37:28Z</time><speed>0.000</speed><sat>32</sat></trkpt>
  <trkpt lat="44.70276628" lon="-0.78135436"><ele>64.656</ele><time>2026-08-22T08:37:29Z</time><speed>0.000</speed><sat>32</sat></trkpt>
  <trkpt lat="44.70276615" lon="-0.78135428"><ele>64.665</ele><time>2026-08-22T08:37:30Z</time><speed>0.000</speed><sat>32</sat></trkpt>
  <trkpt lat="44.70276608" lon="-0.78135423"><ele>64.667</ele><time>2026-08-22T08:37:31Z</time><speed>0.000</speed><sat>32</sat></trkpt>
  <trkpt lat="44.70276602" lon="-0.78135419"><ele>64.668</ele><time>2026-08-22T08:37:32Z</time><speed>0.000</speed><sat>33</sat></trkpt>
  <trkpt lat="44.70276592" lon="-0.78135419"><ele>64.670</ele><time>2026-08-22T08:37:33Z</time><speed>0.000</speed><sat>33</sat></trkpt>
  <trkpt lat="44.70276586" lon="-0.78135416"><ele>64.675</ele><time>2026-08-22T08:37:34Z</time><speed>0.000</speed><sat>33</sat></trkpt>
  <trkpt lat="44.70276583" lon="-0.78135414"><ele>64.671</ele><time>2026-08-22T08:37:35Z</time><speed>0.000</speed><sat>33</sat></trkpt>
  <trkpt lat="44.70276580" lon="-0.78135418"><ele>64.683</ele><time>2026-08-22T08:37:36Z</time><speed>0.000</speed><sat>33</sat></trkpt>
  <trkpt lat="44.70276579" lon="-0.78135420"><ele>64.689</ele><time>2026-08-22T08:37:37Z</time><speed>0.000</speed><sat>33</sat></trkpt>
  <trkpt lat="44.70276578" lon="-0.78135421"><ele>64.689</ele><time>2026-08-22T08:37:38Z</time><speed>0.000</speed><sat>33</sat></trkpt>
  <trkpt lat="44.70276571" lon="-0.78135421"><ele>64.676</ele><time>2026-08-22T08:37:39Z</time><speed>0.000</speed><sat>33</sat></trkpt>
  <trkpt lat="44.70276566" lon="-0.78135422"><ele>64.670</ele><time>2026-08-22T08:37:40Z</time><speed>0.000</speed><sat>33</sat></trkpt>
  <trkpt lat="44.70276563" lon="-0.78135423"><ele>64.669</ele><time>2026-08-22T08:37:41Z</time><speed>0.000</speed><sat>32</sat></trkpt>
  <trkpt lat="44.70276557" lon="-0.78135419"><ele>64.672</ele><time>2026-08-22T08:37:42Z</time><speed>0.000</speed><sat>33</sat></trkpt>
  <trkpt lat="44.70276553" lon="-0.78135418"><ele>64.670</ele><time>2026-08-22T08:37:43Z</time><speed>0.000</speed><sat>33</sat></trkpt>
  <trkpt lat="44.70276551" lon="-0.78135423"><ele>64.664</ele><time>2026-08-22T08:37:44Z</time><speed>0.000</speed><sat>33</sat></trkpt>
  <trkpt lat="44.70276548" lon="-0.78135424"><ele>64.660</ele><time>2026-08-22T08:37:45Z</time><speed>0.000</speed><sat>33</sat></trkpt>
  <trkpt lat="44.70276547" lon="-0.78135425"><ele>64.661</ele><time>2026-08-22T08:37:46Z</time><speed>0.000</speed><sat>33</sat></trkpt>
  <trkpt lat="44.70276540" lon="-0.78135425"><ele>64.657</ele><time>2026-08-22T08:37:47Z</time><speed>0.000</speed><sat>33</sat></trkpt>
  <trkpt lat="44.70276539" lon="-0.78135427"><ele>64.658</ele><time>2026-08-22T08:37:48Z</time><speed>0.000</speed><sat>33</sat></trkpt>
  <trkpt lat="44.70276537" lon="-0.78135435"><ele>64.654</ele><time>2026-08-22T08:37:49Z</time><speed>0.000</speed><sat>32</sat></trkpt>
  <trkpt lat="44.70276530" lon="-0.78135441"><ele>64.666</ele><time>2026-08-22T08:37:50Z</time><speed>0.000</speed><sat>33</sat></trkpt>
  <trkpt lat="44.70276521" lon="-0.78135446"><ele>64.675</ele><time>2026-08-22T08:37:51Z</time><speed>0.000</speed><sat>33</sat></trkpt>
  <trkpt lat="44.70276515" lon="-0.78135448"><ele>64.673</ele><time>2026-08-22T08:37:52Z</time><speed>0.000</speed><sat>33</sat></trkpt>
  <trkpt lat="44.70276507" lon="-0.78135445"><ele>64.676</ele><time>2026-08-22T08:37:53Z</time><speed>0.000</speed><sat>33</sat></trkpt>
  <trkpt lat="44.70276503" lon="-0.78135444"><ele>64.673</ele><time>2026-08-22T08:37:54Z</time><speed>0.000</speed><sat>33</sat></trkpt>
  <trkpt lat="44.70276503" lon="-0.78135447"><ele>64.682</ele><time>2026-08-22T08:37:55Z</time><speed>0.000</speed><sat>34</sat></trkpt>
  <trkpt lat="44.70276501" lon="-0.78135450"><ele>64.684</ele><time>2026-08-22T08:37:56Z</time><speed>0.000</speed><sat>33</sat></trkpt>
  <trkpt lat="44.70276498" lon="-0.78135454"><ele>64.678</ele><time>2026-08-22T08:37:57Z</time><speed>0.000</speed><sat>32</sat></trkpt>
  <trkpt lat="44.70276495" lon="-0.78135453"><ele>64.664</ele><time>2026-08-22T08:37:58Z</time><speed>0.000</speed><sat>34</sat></trkpt>
  <trkpt lat="44.70276496" lon="-0.78135453"><ele>64.667</ele><time>2026-08-22T08:37:59Z</time><speed>0.000</speed><sat>34</sat></trkpt>
  <trkpt lat="44.70276496" lon="-0.78135448"><ele>64.671</ele><time>2026-08-22T08:38:00Z</time><speed>0.000</speed><sat>34</sat></trkpt>
  <trkpt lat="44.70276495" lon="-0.78135446"><ele>64.673</ele><time>2026-08-22T08:38:01Z</time><speed>0.000</speed><sat>34</sat></trkpt>
  <trkpt lat="44.70276494" lon="-0.78135443"><ele>64.675</ele><time>2026-08-22T08:38:02Z</time><speed>0.000</speed><sat>34</sat></trkpt>
  <trkpt lat="44.70276491" lon="-0.78135444"><ele>64.669</ele><time>2026-08-22T08:38:03Z</time><speed>0.000</speed><sat>33</sat></trkpt>
  <trkpt lat="44.70276487" lon="-0.78135448"><ele>64.662</ele><time>2026-08-22T08:38:04Z</time><speed>0.000</speed><sat>33</sat></trkpt>
  <trkpt lat="44.70276486" lon="-0.78135450"><ele>64.665</ele><time>2026-08-22T08:38:05Z</time><speed>0.000</speed><sat>33</sat></trkpt>
  <trkpt lat="44.70276483" lon="-0.78135452"><ele>64.662</ele><time>2026-08-22T08:38:06Z</time><speed>0.000</speed><sat>33</sat></trkpt>
  <trkpt lat="44.70276483" lon="-0.78135458"><ele>64.647</ele><time>2026-08-22T08:38:07Z</time><speed>0.000</speed><sat>33</sat></trkpt>
  <trkpt lat="44.70276486" lon="-0.78135493"><ele>64.491</ele><time>2026-08-22T08:38:08Z</time><speed>0.000</speed><sat>33</sat></trkpt>
  <trkpt lat="44.70276489" lon="-0.78135498"><ele>64.491</ele><time>2026-08-22T08:38:09Z</time><speed>0.000</speed><sat>34</sat></trkpt>
  <trkpt lat="44.70276486" lon="-0.78135501"><ele>64.473</ele><time>2026-08-22T08:38:10Z</time><speed>0.000</speed><sat>33</sat></trkpt>
  <trkpt lat="44.70276484" lon="-0.78135505"><ele>64.473</ele><time>2026-08-22T08:38:11Z</time><speed>0.000</speed><sat>33</sat></trkpt>
  <trkpt lat="44.70276482" lon="-0.78135510"><ele>64.471</ele><time>2026-08-22T08:38:12Z</time><speed>0.000</speed><sat>33</sat></trkpt>
  <trkpt lat="44.70276483" lon="-0.78135519"><ele>64.469</ele><time>2026-08-22T08:38:13Z</time><speed>0.000</speed><sat>33</sat></trkpt>
  <trkpt lat="44.70276291" lon="-0.78135680"><ele>64.272</ele><time>2026-08-22T08:38:14Z</time><speed>0.180</speed><sat>34</sat></trkpt>
  <trkpt lat="44.70276231" lon="-0.78135768"><ele>64.276</ele><time>2026-08-22T08:38:15Z</time><speed>0.000</speed><sat>33</sat></trkpt>
  <trkpt lat="44.70276214" lon="-0.78135789"><ele>64.271</ele><time>2026-08-22T08:38:16Z</time><speed>0.000</speed><sat>34</sat></trkpt>
  <trkpt lat="44.70276199" lon="-0.78135796"><ele>64.265</ele><time>2026-08-22T08:38:17Z</time><speed>0.000</speed><sat>34</sat></trkpt>
  <trkpt lat="44.70276188" lon="-0.78135802"><ele>64.254</ele><time>2026-08-22T08:38:18Z</time><speed>0.000</speed><sat>34</sat></trkpt>
  <trkpt lat="44.70276180" lon="-0.78135804"><ele>64.251</ele><time>2026-08-22T08:38:19Z</time><speed>0.000</speed><sat>34</sat></trkpt>
  <trkpt lat="44.70276174" lon="-0.78135811"><ele>64.226</ele><time>2026-08-22T08:38:20Z</time><speed>0.000</speed><sat>34</sat></trkpt>
  <trkpt lat="44.70276168" lon="-0.78135814"><ele>64.223</ele><time>2026-08-22T08:38:21Z</time><speed>0.000</speed><sat>33</sat></trkpt>
  <trkpt lat="44.70276165" lon="-0.78135818"><ele>64.223</ele><time>2026-08-22T08:38:22Z</time><speed>0.000</speed><sat>34</sat></trkpt>
  <trkpt lat="44.70276159" lon="-0.78135820"><ele>64.222</ele><time>2026-08-22T08:38:23Z</time><speed>0.000</speed><sat>34</sat></trkpt>
  <trkpt lat="44.70276155" lon="-0.78135814"><ele>64.208</ele><time>2026-08-22T08:38:24Z</time><speed>0.000</speed><sat>34</sat></trkpt>
  <trkpt lat="44.70276150" lon="-0.78135815"><ele>64.209</ele><time>2026-08-22T08:38:25Z</time><speed>0.000</speed><sat>34</sat></trkpt>
  <trkpt lat="44.70276148" lon="-0.78135818"><ele>64.208</ele><time>2026-08-22T08:38:26Z</time><speed>0.000</speed><sat>34</sat></trkpt>
  <trkpt lat="44.70276145" lon="-0.78135817"><ele>64.208</ele><time>2026-08-22T08:38:27Z</time><speed>0.000</speed><sat>33</sat></trkpt>
  <trkpt lat="44.70275990" lon="-0.78135882"><ele>64.166</ele><time>2026-08-22T08:38:28Z</time><speed>0.000</speed><sat>32</sat></trkpt>
  <trkpt lat="44.70275875" lon="-0.78135927"><ele>64.166</ele><time>2026-08-22T08:38:29Z</time><speed>0.000</speed><sat>30</sat></trkpt>
  <trkpt lat="44.70275847" lon="-0.78135941"><ele>64.164</ele><time>2026-08-22T08:38:30Z</time><speed>0.000</speed><sat>30</sat></trkpt>
  <trkpt lat="44.70275839" lon="-0.78135938"><ele>64.155</ele><time>2026-08-22T08:38:31Z</time><speed>0.000</speed><sat>30</sat></trkpt>
  <trkpt lat="44.70275836" lon="-0.78135936"><ele>64.153</ele><time>2026-08-22T08:38:32Z</time><speed>0.000</speed><sat>31</sat></trkpt>
  <trkpt lat="44.70275835" lon="-0.78135935"><ele>64.152</ele><time>2026-08-22T08:38:33Z</time><speed>0.000</speed><sat>32</sat></trkpt>
  <trkpt lat="44.70275832" lon="-0.78135930"><ele>64.150</ele><time>2026-08-22T08:38:34Z</time><speed>0.000</speed><sat>32</sat></trkpt>
  <trkpt lat="44.70275829" lon="-0.78135929"><ele>64.148</ele><time>2026-08-22T08:38:35Z</time><speed>0.000</speed><sat>32</sat></trkpt>
  <trkpt lat="44.70275828" lon="-0.78135929"><ele>64.147</ele><time>2026-08-22T08:38:36Z</time><speed>0.000</speed><sat>32</sat></trkpt>
  <trkpt lat="44.70275828" lon="-0.78135927"><ele>64.139</ele><time>2026-08-22T08:38:37Z</time><speed>0.000</speed><sat>32</sat></trkpt>
  <trkpt lat="44.70275829" lon="-0.78135930"><ele>64.138</ele><time>2026-08-22T08:38:38Z</time><speed>0.000</speed><sat>31</sat></trkpt>
  <trkpt lat="44.70275818" lon="-0.78135917"><ele>64.139</ele><time>2026-08-22T08:38:39Z</time><speed>0.000</speed><sat>32</sat></trkpt>
  <trkpt lat="44.70275813" lon="-0.78135911"><ele>64.139</ele><time>2026-08-22T08:38:40Z</time><speed>0.000</speed><sat>33</sat></trkpt>
  <trkpt lat="44.70275808" lon="-0.78135906"><ele>64.131</ele><time>2026-08-22T08:38:41Z</time><speed>0.000</speed><sat>33</sat></trkpt>
  <trkpt lat="44.70275804" lon="-0.78135906"><ele>64.127</ele><time>2026-08-22T08:38:42Z</time><speed>0.000</speed><sat>33</sat></trkpt>
  <trkpt lat="44.70275799" lon="-0.78135901"><ele>64.119</ele><time>2026-08-22T08:38:43Z</time><speed>0.000</speed><sat>33</sat></trkpt>
  <trkpt lat="44.70275796" lon="-0.78135900"><ele>64.120</ele><time>2026-08-22T08:38:44Z</time><speed>0.000</speed><sat>33</sat></trkpt>
  <trkpt lat="44.70275793" lon="-0.78135900"><ele>64.119</ele><time>2026-08-22T08:38:45Z</time><speed>0.000</speed><sat>34</sat></trkpt>
  <trkpt lat="44.70275790" lon="-0.78135900"><ele>64.115</ele><time>2026-08-22T08:38:46Z</time><speed>0.000</speed><sat>34</sat></trkpt>
  <trkpt lat="44.70275786" lon="-0.78135902"><ele>64.111</ele><time>2026-08-22T08:38:47Z</time><speed>0.000</speed><sat>34</sat></trkpt>
  <trkpt lat="44.70275784" lon="-0.78135905"><ele>64.101</ele><time>2026-08-22T08:38:48Z</time><speed>0.000</speed><sat>34</sat></trkpt>
  <trkpt lat="44.70275788" lon="-0.78135912"><ele>64.094</ele><time>2026-08-22T08:38:49Z</time><speed>0.000</speed><sat>34</sat></trkpt>
  <trkpt lat="44.70275707" lon="-0.78135962"><ele>63.868</ele><time>2026-08-22T08:38:50Z</time><speed>0.000</speed><sat>34</sat></trkpt>
  <trkpt lat="44.70275663" lon="-0.78135983"><ele>63.861</ele><time>2026-08-22T08:38:51Z</time><speed>0.000</speed><sat>34</sat></trkpt>
  <trkpt lat="44.70275645" lon="-0.78135988"><ele>63.868</ele><time>2026-08-22T08:38:52Z</time><speed>0.000</speed><sat>34</sat></trkpt>
  <trkpt lat="44.70275638" lon="-0.78135987"><ele>63.859</ele><time>2026-08-22T08:38:53Z</time><speed>0.000</speed><sat>34</sat></trkpt>
  <trkpt lat="44.70275634" lon="-0.78135985"><ele>63.858</ele><time>2026-08-22T08:38:54Z</time><speed>0.000</speed><sat>34</sat></trkpt>
  <trkpt lat="44.70275631" lon="-0.78135985"><ele>63.854</ele><time>2026-08-22T08:38:55Z</time><speed>0.000</speed><sat>34</sat></trkpt>
  <trkpt lat="44.70275623" lon="-0.78135982"><ele>63.832</ele><time>2026-08-22T08:38:56Z</time><speed>0.000</speed><sat>34</sat></trkpt>
  <trkpt lat="44.70275625" lon="-0.78135988"><ele>63.822</ele><time>2026-08-22T08:38:57Z</time><speed>0.000</speed><sat>34</sat></trkpt>
  <trkpt lat="44.70275629" lon="-0.78135997"><ele>63.801</ele><time>2026-08-22T08:38:58Z</time><speed>0.000</speed><sat>34</sat></trkpt>
  <trkpt lat="44.70275628" lon="-0.78135999"><ele>63.800</ele><time>2026-08-22T08:38:59Z</time><speed>0.000</speed><sat>34</sat></trkpt>
  <trkpt lat="44.70275627" lon="-0.78136001"><ele>63.795</ele><time>2026-08-22T08:39:00Z</time><speed>0.000</speed><sat>34</sat></trkpt>
  <trkpt lat="44.70275628" lon="-0.78136003"><ele>63.791</ele><time>2026-08-22T08:39:01Z</time><speed>0.000</speed><sat>34</sat></trkpt>
  <trkpt lat="44.70275627" lon="-0.78136008"><ele>63.787</ele><time>2026-08-22T08:39:02Z</time><speed>0.000</speed><sat>34</sat></trkpt>
  <trkpt lat="44.70275625" lon="-0.78136008"><ele>63.786</ele><time>2026-08-22T08:39:03Z</time><speed>0.000</speed><sat>34</sat></trkpt>
  <trkpt lat="44.70275624" lon="-0.78136008"><ele>63.787</ele><time>2026-08-22T08:39:04Z</time><speed>0.000</speed><sat>34</sat></trkpt>
  <trkpt lat="44.70275624" lon="-0.78136007"><ele>63.790</ele><time>2026-08-22T08:39:05Z</time><speed>0.000</speed><sat>34</sat></trkpt>
  <trkpt lat="44.70275623" lon="-0.78136006"><ele>63.791</ele><time>2026-08-22T08:39:06Z</time><speed>0.000</speed><sat>34</sat></trkpt>
  <trkpt lat="44.70275621" lon="-0.78136005"><ele>63.791</ele><time>2026-08-22T08:39:07Z</time><speed>0.000</speed><sat>34</sat></trkpt>
  <trkpt lat="44.70275620" lon="-0.78136005"><ele>63.791</ele><time>2026-08-22T08:39:08Z</time><speed>0.000</speed><sat>33</sat></trkpt>
  <trkpt lat="44.70275618" lon="-0.78136004"><ele>63.790</ele><time>2026-08-22T08:39:09Z</time><speed>0.000</speed><sat>34</sat></trkpt>
  <trkpt lat="44.70275617" lon="-0.78136006"><ele>63.787</ele><time>2026-08-22T08:39:10Z</time><speed>0.000</speed><sat>32</sat></trkpt>
  <trkpt lat="44.70275617" lon="-0.78136007"><ele>63.787</ele><time>2026-08-22T08:39:11Z</time><speed>0.000</speed><sat>32</sat></trkpt>
  <trkpt lat="44.70275615" lon="-0.78136005"><ele>63.787</ele><time>2026-08-22T08:39:12Z</time><speed>0.000</speed><sat>32</sat></trkpt>
  <trkpt lat="44.70275614" lon="-0.78136007"><ele>63.785</ele><time>2026-08-22T08:39:13Z</time><speed>0.000</speed><sat>33</sat></trkpt>
  <trkpt lat="44.70275613" lon="-0.78136010"><ele>63.783</ele><time>2026-08-22T08:39:14Z</time><speed>0.000</speed><sat>33</sat></trkpt>
  <trkpt lat="44.70275618" lon="-0.78136022"><ele>63.782</ele><time>2026-08-22T08:39:15Z</time><speed>0.000</speed><sat>32</sat></trkpt>
  <trkpt lat="44.70275616" lon="-0.78136024"><ele>63.782</ele><time>2026-08-22T08:39:16Z</time><speed>0.000</speed><sat>33</sat></trkpt>
  <trkpt lat="44.70275611" lon="-0.78136024"><ele>63.782</ele><time>2026-08-22T08:39:17Z</time><speed>0.000</speed><sat>32</sat></trkpt>
  <trkpt lat="44.70275605" lon="-0.78136028"><ele>63.784</ele><time>2026-08-22T08:39:18Z</time><speed>0.000</speed><sat>33</sat></trkpt>
  <trkpt lat="44.70275603" lon="-0.78136028"><ele>63.782</ele><time>2026-08-22T08:39:19Z</time><speed>0.000</speed><sat>34</sat></trkpt>
  <trkpt lat="44.70275601" lon="-0.78136030"><ele>63.781</ele><time>2026-08-22T08:39:20Z</time><speed>0.000</speed><sat>34</sat></trkpt>
  <trkpt lat="44.70275599" lon="-0.78136031"><ele>63.779</ele><time>2026-08-22T08:39:21Z</time><speed>0.000</speed><sat>34</sat></trkpt>
  <trkpt lat="44.70275607" lon="-0.78136005"><ele>63.580</ele><time>2026-08-22T08:39:22Z</time><speed>0.150</speed><sat>34</sat></trkpt>
  <trkpt lat="44.70275914" lon="-0.78135761"><ele>63.529</ele><time>2026-08-22T08:39:23Z</time><speed>0.460</speed><sat>34</sat></trkpt>
  <trkpt lat="44.70276381" lon="-0.78135403"><ele>63.572</ele><time>2026-08-22T08:39:24Z</time><speed>0.710</speed><sat>34</sat></trkpt>
  <trkpt lat="44.70277032" lon="-0.78134965"><ele>63.591</ele><time>2026-08-22T08:39:25Z</time><speed>1.030</speed><sat>34</sat></trkpt>
  <trkpt lat="44.70278014" lon="-0.78134385"><ele>63.587</ele><time>2026-08-22T08:39:26Z</time><speed>1.320</speed><sat>34</sat></trkpt>
  <trkpt lat="44.70279320" lon="-0.78133678"><ele>63.579</ele><time>2026-08-22T08:39:27Z</time><speed>1.520</speed><sat>34</sat></trkpt>
  <trkpt lat="44.70280788" lon="-0.78133071"><ele>63.722</ele><time>2026-08-22T08:39:28Z</time><speed>1.530</speed><sat>34</sat></trkpt>
  <trkpt lat="44.70282128" lon="-0.78132640"><ele>63.810</ele><time>2026-08-22T08:39:29Z</time><speed>1.540</speed><sat>34</sat></trkpt>
  <trkpt lat="44.70283694" lon="-0.78132215"><ele>63.732</ele><time>2026-08-22T08:39:30Z</time><speed>1.830</speed><sat>34</sat></trkpt>
  <trkpt lat="44.70285247" lon="-0.78131957"><ele>63.563</ele><time>2026-08-22T08:39:31Z</time><speed>1.780</speed><sat>34</sat></trkpt>
  <trkpt lat="44.70286713" lon="-0.78131817"><ele>63.601</ele><time>2026-08-22T08:39:32Z</time><speed>1.620</speed><sat>34</sat></trkpt>
  <trkpt lat="44.70287793" lon="-0.78132063"><ele>63.790</ele><time>2026-08-22T08:39:33Z</time><speed>1.390</speed><sat>34</sat></trkpt>
  <trkpt lat="44.70288776" lon="-0.78132585"><ele>63.868</ele><time>2026-08-22T08:39:34Z</time><speed>1.270</speed><sat>34</sat></trkpt>
  <trkpt lat="44.70289371" lon="-0.78133207"><ele>63.894</ele><time>2026-08-22T08:39:35Z</time><speed>1.190</speed><sat>34</sat></trkpt>
  <trkpt lat="44.70290123" lon="-0.78133793"><ele>63.864</ele><time>2026-08-22T08:39:36Z</time><speed>1.310</speed><sat>34</sat></trkpt>
  <trkpt lat="44.70290864" lon="-0.78134649"><ele>63.904</ele><time>2026-08-22T08:39:37Z</time><speed>1.400</speed><sat>34</sat></trkpt>
  <trkpt lat="44.70291521" lon="-0.78135700"><ele>63.822</ele><time>2026-08-22T08:39:38Z</time><speed>1.490</speed><sat>34</sat></trkpt>
  <trkpt lat="44.70292311" lon="-0.78136936"><ele>63.777</ele><time>2026-08-22T08:39:39Z</time><speed>1.560</speed><sat>34</sat></trkpt>
  <trkpt lat="44.70293182" lon="-0.78138309"><ele>64.041</ele><time>2026-08-22T08:39:40Z</time><speed>1.590</speed><sat>34</sat></trkpt>
  <trkpt lat="44.70293862" lon="-0.78139776"><ele>63.936</ele><time>2026-08-22T08:39:41Z</time><speed>1.520</speed><sat>34</sat></trkpt>
  <trkpt lat="44.70294456" lon="-0.78141436"><ele>63.795</ele><time>2026-08-22T08:39:42Z</time><speed>1.530</speed><sat>34</sat></trkpt>
  <trkpt lat="44.70294777" lon="-0.78143223"><ele>63.520</ele><time>2026-08-22T08:39:43Z</time><speed>1.520</speed><sat>34</sat></trkpt>
  <trkpt lat="44.70295034" lon="-0.78145096"><ele>63.553</ele><time>2026-08-22T08:39:44Z</time><speed>1.530</speed><sat>34</sat></trkpt>
  <trkpt lat="44.70295223" lon="-0.78146951"><ele>63.653</ele><time>2026-08-22T08:39:45Z</time><speed>1.480</speed><sat>34</sat></trkpt>
  <trkpt lat="44.70295224" lon="-0.78148777"><ele>63.665</ele><time>2026-08-22T08:39:46Z</time><speed>1.480</speed><sat>34</sat></trkpt>
  <trkpt lat="44.70295147" lon="-0.78150633"><ele>63.590</ele><time>2026-08-22T08:39:47Z</time><speed>1.610</speed><sat>34</sat></trkpt>
  <trkpt lat="44.70295031" lon="-0.78152656"><ele>63.849</ele><time>2026-08-22T08:39:48Z</time><speed>1.700</speed><sat>34</sat></trkpt>
  <trkpt lat="44.70294689" lon="-0.78155015"><ele>63.945</ele><time>2026-08-22T08:39:49Z</time><speed>1.880</speed><sat>34</sat></trkpt>
  <trkpt lat="44.70294204" lon="-0.78157566"><ele>64.063</ele><time>2026-08-22T08:39:50Z</time><speed>1.890</speed><sat>34</sat></trkpt>
  <trkpt lat="44.70293644" lon="-0.78159785"><ele>63.922</ele><time>2026-08-22T08:39:51Z</time><speed>1.820</speed><sat>34</sat></trkpt>
  <trkpt lat="44.70292959" lon="-0.78162050"><ele>63.907</ele><time>2026-08-22T08:39:52Z</time><speed>1.940</speed><sat>34</sat></trkpt>
  <trkpt lat="44.70292351" lon="-0.78164127"><ele>63.775</ele><time>2026-08-22T08:39:53Z</time><speed>1.720</speed><sat>34</sat></trkpt>
  <trkpt lat="44.70291740" lon="-0.78166143"><ele>63.780</ele><time>2026-08-22T08:39:54Z</time><speed>1.720</speed><sat>33</sat></trkpt>
  <trkpt lat="44.70291175" lon="-0.78168195"><ele>63.748</ele><time>2026-08-22T08:39:55Z</time><speed>1.790</speed><sat>33</sat></trkpt>
  <trkpt lat="44.70290558" lon="-0.78170360"><ele>63.870</ele><time>2026-08-22T08:39:56Z</time><speed>1.920</speed><sat>33</sat></trkpt>
  <trkpt lat="44.70289980" lon="-0.78172739"><ele>63.815</ele><time>2026-08-22T08:39:57Z</time><speed>2.030</speed><sat>33</sat></trkpt>
  <trkpt lat="44.70289375" lon="-0.78175232"><ele>63.618</ele><time>2026-08-22T08:39:58Z</time><speed>2.010</speed><sat>32</sat></trkpt>
  <trkpt lat="44.70288603" lon="-0.78178050"><ele>63.840</ele><time>2026-08-22T08:39:59Z</time><speed>2.330</speed><sat>31</sat></trkpt>
  <trkpt lat="44.70287957" lon="-0.78180728"><ele>63.627</ele><time>2026-08-22T08:40:00Z</time><speed>2.340</speed><sat>31</sat></trkpt>
  <trkpt lat="44.70286958" lon="-0.78184270"><ele>63.756</ele><time>2026-08-22T08:40:01Z</time><speed>2.960</speed><sat>32</sat></trkpt>
  <trkpt lat="44.70285847" lon="-0.78188317"><ele>63.817</ele><time>2026-08-22T08:40:02Z</time><speed>3.300</speed><sat>32</sat></trkpt>
  <trkpt lat="44.70284648" lon="-0.78192874"><ele>63.868</ele><time>2026-08-22T08:40:03Z</time><speed>3.570</speed><sat>32</sat></trkpt>
  <trkpt lat="44.70283468" lon="-0.78197639"><ele>64.094</ele><time>2026-08-22T08:40:04Z</time><speed>3.770</speed><sat>31</sat></trkpt>
  <trkpt lat="44.70282274" lon="-0.78202521"><ele>64.180</ele><time>2026-08-22T08:40:05Z</time><speed>3.920</speed><sat>31</sat></trkpt>
  <trkpt lat="44.70280983" lon="-0.78207420"><ele>64.240</ele><time>2026-08-22T08:40:06Z</time><speed>3.990</speed><sat>31</sat></trkpt>
  <trkpt lat="44.70279748" lon="-0.78212350"><ele>64.253</ele><time>2026-08-22T08:40:07Z</time><speed>4.050</speed><sat>31</sat></trkpt>
  <trkpt lat="44.70278424" lon="-0.78217372"><ele>64.304</ele><time>2026-08-22T08:40:08Z</time><speed>4.170</speed><sat>31</sat></trkpt>
  <trkpt lat="44.70277152" lon="-0.78222482"><ele>64.187</ele><time>2026-08-22T08:40:09Z</time><speed>4.190</speed><sat>31</sat></trkpt>
  <trkpt lat="44.70275882" lon="-0.78227558"><ele>64.243</ele><time>2026-08-22T08:40:10Z</time><speed>4.190</speed><sat>31</sat></trkpt>
  <trkpt lat="44.70274562" lon="-0.78232771"><ele>64.263</ele><time>2026-08-22T08:40:11Z</time><speed>4.250</speed><sat>31</sat></trkpt>
  <trkpt lat="44.70273142" lon="-0.78237972"><ele>64.241</ele><time>2026-08-22T08:40:12Z</time><speed>4.310</speed><sat>31</sat></trkpt>
  <trkpt lat="44.70271822" lon="-0.78243131"><ele>64.296</ele><time>2026-08-22T08:40:13Z</time><speed>4.290</speed><sat>31</sat></trkpt>
  <trkpt lat="44.70270720" lon="-0.78248202"><ele>63.898</ele><time>2026-08-22T08:40:14Z</time><speed>4.120</speed><sat>31</sat></trkpt>
  <trkpt lat="44.70269470" lon="-0.78253570"><ele>63.973</ele><time>2026-08-22T08:40:15Z</time><speed>4.440</speed><sat>31</sat></trkpt>
  <trkpt lat="44.70268149" lon="-0.78259043"><ele>63.890</ele><time>2026-08-22T08:40:16Z</time><speed>4.540</speed><sat>32</sat></trkpt>
  <trkpt lat="44.70266804" lon="-0.78264477"><ele>63.851</ele><time>2026-08-22T08:40:17Z</time><speed>4.560</speed><sat>31</sat></trkpt>
  <trkpt lat="44.70265410" lon="-0.78269987"><ele>63.815</ele><time>2026-08-22T08:40:18Z</time><speed>4.600</speed><sat>31</sat></trkpt>
  <trkpt lat="44.70264130" lon="-0.78275418"><ele>63.978</ele><time>2026-08-22T08:40:19Z</time><speed>4.550</speed><sat>32</sat></trkpt>
  <trkpt lat="44.70262788" lon="-0.78280707"><ele>64.101</ele><time>2026-08-22T08:40:20Z</time><speed>4.520</speed><sat>33</sat></trkpt>
  <trkpt lat="44.70261459" lon="-0.78286021"><ele>64.244</ele><time>2026-08-22T08:40:21Z</time><speed>4.460</speed><sat>33</sat></trkpt>
  <trkpt lat="44.70260194" lon="-0.78291337"><ele>64.226</ele><time>2026-08-22T08:40:22Z</time><speed>4.390</speed><sat>32</sat></trkpt>
  <trkpt lat="44.70258991" lon="-0.78296613"><ele>64.245</ele><time>2026-08-22T08:40:23Z</time><speed>4.330</speed><sat>33</sat></trkpt>
  <trkpt lat="44.70257716" lon="-0.78301835"><ele>64.113</ele><time>2026-08-22T08:40:24Z</time><speed>4.300</speed><sat>32</sat></trkpt>
  <trkpt lat="44.70256458" lon="-0.78307042"><ele>64.092</ele><time>2026-08-22T08:40:25Z</time><speed>4.290</speed><sat>32</sat></trkpt>
  <trkpt lat="44.70255140" lon="-0.78312155"><ele>64.222</ele><time>2026-08-22T08:40:26Z</time><speed>4.270</speed><sat>32</sat></trkpt>
  <trkpt lat="44.70253827" lon="-0.78317279"><ele>64.169</ele><time>2026-08-22T08:40:27Z</time><speed>4.290</speed><sat>32</sat></trkpt>
  <trkpt lat="44.70252557" lon="-0.78322417"><ele>64.150</ele><time>2026-08-22T08:40:28Z</time><speed>4.240</speed><sat>33</sat></trkpt>
  <trkpt lat="44.70251360" lon="-0.78327575"><ele>64.065</ele><time>2026-08-22T08:40:29Z</time><speed>4.240</speed><sat>32</sat></trkpt>
  <trkpt lat="44.70250138" lon="-0.78332656"><ele>63.904</ele><time>2026-08-22T08:40:30Z</time><speed>4.280</speed><sat>32</sat></trkpt>
  <trkpt lat="44.70248755" lon="-0.78337570"><ele>64.243</ele><time>2026-08-22T08:40:31Z</time><speed>4.210</speed><sat>32</sat></trkpt>
  <trkpt lat="44.70247233" lon="-0.78342268"><ele>64.141</ele><time>2026-08-22T08:40:32Z</time><speed>4.140</speed><sat>31</sat></trkpt>
  <trkpt lat="44.70245923" lon="-0.78347004"><ele>64.130</ele><time>2026-08-22T08:40:33Z</time><speed>4.080</speed><sat>31</sat></trkpt>
  <trkpt lat="44.70244755" lon="-0.78351638"><ele>64.102</ele><time>2026-08-22T08:40:34Z</time><speed>3.960</speed><sat>33</sat></trkpt>
  <trkpt lat="44.70243625" lon="-0.78356312"><ele>64.499</ele><time>2026-08-22T08:40:35Z</time><speed>3.830</speed><sat>34</sat></trkpt>
  <trkpt lat="44.70242457" lon="-0.78360827"><ele>64.593</ele><time>2026-08-22T08:40:36Z</time><speed>3.860</speed><sat>34</sat></trkpt>
  <trkpt lat="44.70241318" lon="-0.78365354"><ele>64.627</ele><time>2026-08-22T08:40:37Z</time><speed>3.850</speed><sat>34</sat></trkpt>
  <trkpt lat="44.70240097" lon="-0.78369955"><ele>64.520</ele><time>2026-08-22T08:40:38Z</time><speed>3.910</speed><sat>34</sat></trkpt>
  <trkpt lat="44.70238872" lon="-0.78374583"><ele>64.366</ele><time>2026-08-22T08:40:39Z</time><speed>3.930</speed><sat>33</sat></trkpt>
  <trkpt lat="44.70237648" lon="-0.78379303"><ele>64.486</ele><time>2026-08-22T08:40:40Z</time><speed>4.030</speed><sat>33</sat></trkpt>
  <trkpt lat="44.70236377" lon="-0.78384167"><ele>64.317</ele><time>2026-08-22T08:40:41Z</time><speed>4.090</speed><sat>32</sat></trkpt>
  <trkpt lat="44.70235058" lon="-0.78389034"><ele>64.461</ele><time>2026-08-22T08:40:42Z</time><speed>4.120</speed><sat>32</sat></trkpt>
  <trkpt lat="44.70233766" lon="-0.78393929"><ele>64.394</ele><time>2026-08-22T08:40:43Z</time><speed>4.100</speed><sat>32</sat></trkpt>
  <trkpt lat="44.70232822" lon="-0.78398462"><ele>64.028</ele><time>2026-08-22T08:40:44Z</time><speed>3.660</speed><sat>33</sat></trkpt>
  <trkpt lat="44.70231876" lon="-0.78403542"><ele>63.862</ele><time>2026-08-22T08:40:45Z</time><speed>4.110</speed><sat>33</sat></trkpt>
  <trkpt lat="44.70231003" lon="-0.78408599"><ele>64.058</ele><time>2026-08-22T08:40:46Z</time><speed>4.090</speed><sat>32</sat></trkpt>
  <trkpt lat="44.70230282" lon="-0.78413602"><ele>64.174</ele><time>2026-08-22T08:40:47Z</time><speed>4.000</speed><sat>32</sat></trkpt>
  <trkpt lat="44.70229529" lon="-0.78418565"><ele>64.286</ele><time>2026-08-22T08:40:48Z</time><speed>3.970</speed><sat>32</sat></trkpt>
  <trkpt lat="44.70228616" lon="-0.78423443"><ele>64.436</ele><time>2026-08-22T08:40:49Z</time><speed>3.940</speed><sat>32</sat></trkpt>
  <trkpt lat="44.70227479" lon="-0.78428305"><ele>64.624</ele><time>2026-08-22T08:40:50Z</time><speed>3.910</speed><sat>33</sat></trkpt>
  <trkpt lat="44.70226260" lon="-0.78433157"><ele>64.606</ele><time>2026-08-22T08:40:51Z</time><speed>3.970</speed><sat>33</sat></trkpt>
  <trkpt lat="44.70224642" lon="-0.78439096"><ele>64.777</ele><time>2026-08-22T08:40:52Z</time><speed>4.100</speed><sat>34</sat></trkpt>
  <trkpt lat="44.70223097" lon="-0.78444088"><ele>64.704</ele><time>2026-08-22T08:40:53Z</time><speed>4.300</speed><sat>34</sat></trkpt>
  <trkpt lat="44.70221555" lon="-0.78449313"><ele>64.561</ele><time>2026-08-22T08:40:54Z</time><speed>4.440</speed><sat>34</sat></trkpt>
  <trkpt lat="44.70219995" lon="-0.78454671"><ele>64.593</ele><time>2026-08-22T08:40:55Z</time><speed>4.530</speed><sat>32</sat></trkpt>
  <trkpt lat="44.70218619" lon="-0.78460271"><ele>64.569</ele><time>2026-08-22T08:40:56Z</time><speed>4.630</speed><sat>32</sat></trkpt>
  <trkpt lat="44.70217057" lon="-0.78465581"><ele>64.547</ele><time>2026-08-22T08:40:57Z</time><speed>4.630</speed><sat>32</sat></trkpt>
  <trkpt lat="44.70215612" lon="-0.78471134"><ele>64.526</ele><time>2026-08-22T08:40:58Z</time><speed>4.640</speed><sat>32</sat></trkpt>
  <trkpt lat="44.70214198" lon="-0.78476595"><ele>64.465</ele><time>2026-08-22T08:40:59Z</time><speed>4.680</speed><sat>32</sat></trkpt>
  <trkpt lat="44.70212697" lon="-0.78482086"><ele>64.573</ele><time>2026-08-22T08:41:00Z</time><speed>4.710</speed><sat>32</sat></trkpt>
  <trkpt lat="44.70211250" lon="-0.78487615"><ele>64.992</ele><time>2026-08-22T08:41:01Z</time><speed>4.680</speed><sat>32</sat></trkpt>
  <trkpt lat="44.70209915" lon="-0.78493261"><ele>64.849</ele><time>2026-08-22T08:41:02Z</time><speed>4.700</speed><sat>32</sat></trkpt>
  <trkpt lat="44.70208548" lon="-0.78498912"><ele>64.948</ele><time>2026-08-22T08:41:03Z</time><speed>4.640</speed><sat>32</sat></trkpt>
  <trkpt lat="44.70207123" lon="-0.78504244"><ele>65.154</ele><time>2026-08-22T08:41:04Z</time><speed>4.530</speed><sat>33</sat></trkpt>
  <trkpt lat="44.70205772" lon="-0.78509456"><ele>64.979</ele><time>2026-08-22T08:41:05Z</time><speed>4.460</speed><sat>32</sat></trkpt>
  <trkpt lat="44.70204456" lon="-0.78514613"><ele>65.073</ele><time>2026-08-22T08:41:06Z</time><speed>4.450</speed><sat>32</sat></trkpt>
  <trkpt lat="44.70203090" lon="-0.78519847"><ele>65.395</ele><time>2026-08-22T08:41:07Z</time><speed>4.490</speed><sat>31</sat></trkpt>
  <trkpt lat="44.70201759" lon="-0.78525083"><ele>65.230</ele><time>2026-08-22T08:41:08Z</time><speed>4.460</speed><sat>34</sat></trkpt>
  <trkpt lat="44.70200396" lon="-0.78530142"><ele>65.421</ele><time>2026-08-22T08:41:09Z</time><speed>4.360</speed><sat>34</sat></trkpt>
  <trkpt lat="44.70198950" lon="-0.78535082"><ele>65.566</ele><time>2026-08-22T08:41:10Z</time><speed>4.290</speed><sat>34</sat></trkpt>
  <trkpt lat="44.70197384" lon="-0.78540056"><ele>65.688</ele><time>2026-08-22T08:41:11Z</time><speed>4.280</speed><sat>33</sat></trkpt>
  <trkpt lat="44.70195579" lon="-0.78544878"><ele>65.536</ele><time>2026-08-22T08:41:12Z</time><speed>4.320</speed><sat>33</sat></trkpt>
  <trkpt lat="44.70193672" lon="-0.78549802"><ele>65.486</ele><time>2026-08-22T08:41:13Z</time><speed>4.410</speed><sat>34</sat></trkpt>
  <trkpt lat="44.70191685" lon="-0.78554867"><ele>65.490</ele><time>2026-08-22T08:41:14Z</time><speed>4.500</speed><sat>33</sat></trkpt>
  <trkpt lat="44.70189538" lon="-0.78559973"><ele>65.759</ele><time>2026-08-22T08:41:15Z</time><speed>4.630</speed><sat>33</sat></trkpt>
  <trkpt lat="44.70187249" lon="-0.78565109"><ele>65.533</ele><time>2026-08-22T08:41:16Z</time><speed>4.670</speed><sat>34</sat></trkpt>
  <trkpt lat="44.70184948" lon="-0.78570148"><ele>65.422</ele><time>2026-08-22T08:41:17Z</time><speed>4.670</speed><sat>34</sat></trkpt>
  <trkpt lat="44.70182804" lon="-0.78575307"><ele>65.000</ele><time>2026-08-22T08:41:18Z</time><speed>4.640</speed><sat>33</sat></trkpt>
  <trkpt lat="44.70180847" lon="-0.78580465"><ele>64.901</ele><time>2026-08-22T08:41:19Z</time><speed>4.530</speed><sat>33</sat></trkpt>
  <trkpt lat="44.70179090" lon="-0.78585513"><ele>64.963</ele><time>2026-08-22T08:41:20Z</time><speed>4.430</speed><sat>34</sat></trkpt>
  <trkpt lat="44.70177455" lon="-0.78590420"><ele>64.671</ele><time>2026-08-22T08:41:21Z</time><speed>4.270</speed><sat>34</sat></trkpt>
  <trkpt lat="44.70175915" lon="-0.78595317"><ele>64.557</ele><time>2026-08-22T08:41:22Z</time><speed>4.290</speed><sat>33</sat></trkpt>
  <trkpt lat="44.70174393" lon="-0.78600334"><ele>64.612</ele><time>2026-08-22T08:41:23Z</time><speed>4.400</speed><sat>33</sat></trkpt>
  <trkpt lat="44.70172750" lon="-0.78605335"><ele>64.564</ele><time>2026-08-22T08:41:24Z</time><speed>4.450</speed><sat>33</sat></trkpt>
  <trkpt lat="44.70170853" lon="-0.78610201"><ele>64.721</ele><time>2026-08-22T08:41:25Z</time><speed>4.350</speed><sat>33</sat></trkpt>
  <trkpt lat="44.70168734" lon="-0.78614714"><ele>64.654</ele><time>2026-08-22T08:41:26Z</time><speed>4.320</speed><sat>31</sat></trkpt>
  <trkpt lat="44.70166397" lon="-0.78618937"><ele>64.679</ele><time>2026-08-22T08:41:27Z</time><speed>4.270</speed><sat>32</sat></trkpt>
  <trkpt lat="44.70163931" lon="-0.78623000"><ele>65.114</ele><time>2026-08-22T08:41:28Z</time><speed>4.270</speed><sat>32</sat></trkpt>
  <trkpt lat="44.70161322" lon="-0.78627129"><ele>65.268</ele><time>2026-08-22T08:41:29Z</time><speed>4.340</speed><sat>33</sat></trkpt>
  <trkpt lat="44.70158610" lon="-0.78631354"><ele>65.103</ele><time>2026-08-22T08:41:30Z</time><speed>4.480</speed><sat>33</sat></trkpt>
  <trkpt lat="44.70155897" lon="-0.78635690"><ele>64.952</ele><time>2026-08-22T08:41:31Z</time><speed>4.580</speed><sat>34</sat></trkpt>
  <trkpt lat="44.70153182" lon="-0.78640108"><ele>64.965</ele><time>2026-08-22T08:41:32Z</time><speed>4.620</speed><sat>34</sat></trkpt>
  <trkpt lat="44.70150626" lon="-0.78644436"><ele>64.968</ele><time>2026-08-22T08:41:33Z</time><speed>4.420</speed><sat>34</sat></trkpt>
  <trkpt lat="44.70148108" lon="-0.78648785"><ele>64.990</ele><time>2026-08-22T08:41:34Z</time><speed>4.340</speed><sat>34</sat></trkpt>
  <trkpt lat="44.70145886" lon="-0.78653024"><ele>65.194</ele><time>2026-08-22T08:41:35Z</time><speed>4.080</speed><sat>34</sat></trkpt>
  <trkpt lat="44.70143913" lon="-0.78657078"><ele>65.144</ele><time>2026-08-22T08:41:36Z</time><speed>3.970</speed><sat>33</sat></trkpt>
  <trkpt lat="44.70141918" lon="-0.78661088"><ele>65.188</ele><time>2026-08-22T08:41:37Z</time><speed>3.940</speed><sat>34</sat></trkpt>
  <trkpt lat="44.70139847" lon="-0.78665619"><ele>65.383</ele><time>2026-08-22T08:41:38Z</time><speed>4.300</speed><sat>34</sat></trkpt>
  <trkpt lat="44.70138487" lon="-0.78669081"><ele>65.453</ele><time>2026-08-22T08:41:39Z</time><speed>3.020</speed><sat>34</sat></trkpt>
  <trkpt lat="44.70137633" lon="-0.78671848"><ele>65.466</ele><time>2026-08-22T08:41:40Z</time><speed>2.460</speed><sat>32</sat></trkpt>
  <trkpt lat="44.70137191" lon="-0.78674065"><ele>65.219</ele><time>2026-08-22T08:41:41Z</time><speed>1.910</speed><sat>33</sat></trkpt>
  <trkpt lat="44.70137151" lon="-0.78675994"><ele>65.006</ele><time>2026-08-22T08:41:42Z</time><speed>1.630</speed><sat>34</sat></trkpt>
  <trkpt lat="44.70137347" lon="-0.78677850"><ele>65.175</ele><time>2026-08-22T08:41:43Z</time><speed>1.560</speed><sat>34</sat></trkpt>
  <trkpt lat="44.70137823" lon="-0.78679651"><ele>64.842</ele><time>2026-08-22T08:41:44Z</time><speed>1.500</speed><sat>34</sat></trkpt>
  <trkpt lat="44.70138404" lon="-0.78683853"><ele>64.949</ele><time>2026-08-22T08:41:45Z</time><speed>3.700</speed><sat>34</sat></trkpt>
  <trkpt lat="44.70138808" lon="-0.78688483"><ele>65.316</ele><time>2026-08-22T08:41:46Z</time><speed>3.690</speed><sat>34</sat></trkpt>
  <trkpt lat="44.70138962" lon="-0.78692965"><ele>66.447</ele><time>2026-08-22T08:41:47Z</time><speed>3.690</speed><sat>34</sat></trkpt>
  <trkpt lat="44.70139264" lon="-0.78697319"><ele>67.945</ele><time>2026-08-22T08:41:48Z</time><speed>3.630</speed><sat>34</sat></trkpt>
  <trkpt lat="44.70139913" lon="-0.78701392"><ele>69.178</ele><time>2026-08-22T08:41:49Z</time><speed>3.570</speed><sat>34</sat></trkpt>
  <trkpt lat="44.70141284" lon="-0.78704797"><ele>69.885</ele><time>2026-08-22T08:41:50Z</time><speed>3.760</speed><sat>34</sat></trkpt>
  <trkpt lat="44.70143214" lon="-0.78708127"><ele>71.388</ele><time>2026-08-22T08:41:51Z</time><speed>3.790</speed><sat>34</sat></trkpt>
  <trkpt lat="44.70144855" lon="-0.78708034"><ele>70.219</ele><time>2026-08-22T08:41:52Z</time><speed>1.790</speed><sat>34</sat></trkpt>
  <trkpt lat="44.70146518" lon="-0.78707203"><ele>69.913</ele><time>2026-08-22T08:41:53Z</time><speed>1.760</speed><sat>34</sat></trkpt>
  <trkpt lat="44.70148493" lon="-0.78705649"><ele>68.869</ele><time>2026-08-22T08:41:54Z</time><speed>1.880</speed><sat>34</sat></trkpt>
  <trkpt lat="44.70150580" lon="-0.78703087"><ele>67.540</ele><time>2026-08-22T08:41:55Z</time><speed>2.000</speed><sat>34</sat></trkpt>
  <trkpt lat="44.70152094" lon="-0.78699590"><ele>67.052</ele><time>2026-08-22T08:41:56Z</time><speed>1.940</speed><sat>34</sat></trkpt>
  <trkpt lat="44.70152481" lon="-0.78696780"><ele>66.794</ele><time>2026-08-22T08:41:57Z</time><speed>0.910</speed><sat>34</sat></trkpt>
  <trkpt lat="44.70152430" lon="-0.78695304"><ele>66.306</ele><time>2026-08-22T08:41:58Z</time><speed>0.170</speed><sat>34</sat></trkpt>
  <trkpt lat="44.70152225" lon="-0.78693823"><ele>66.285</ele><time>2026-08-22T08:41:59Z</time><speed>0.000</speed><sat>34</sat></trkpt>
  <trkpt lat="44.70152181" lon="-0.78693436"><ele>66.278</ele><time>2026-08-22T08:42:00Z</time><speed>0.000</speed><sat>34</sat></trkpt>
  <trkpt lat="44.70152170" lon="-0.78693316"><ele>66.268</ele><time>2026-08-22T08:42:01Z</time><speed>0.000</speed><sat>34</sat></trkpt>
  <trkpt lat="44.70152178" lon="-0.78692974"><ele>65.996</ele><time>2026-08-22T08:42:02Z</time><speed>0.150</speed><sat>34</sat></trkpt>
  <trkpt lat="44.70152231" lon="-0.78692434"><ele>65.574</ele><time>2026-08-22T08:42:03Z</time><speed>0.260</speed><sat>34</sat></trkpt>
  <trkpt lat="44.70152254" lon="-0.78691794"><ele>65.502</ele><time>2026-08-22T08:42:04Z</time><speed>0.320</speed><sat>34</sat></trkpt>
  <trkpt lat="44.70152238" lon="-0.78691055"><ele>65.477</ele><time>2026-08-22T08:42:05Z</time><speed>0.360</speed><sat>34</sat></trkpt>
  <trkpt lat="44.70152216" lon="-0.78690113"><ele>65.409</ele><time>2026-08-22T08:42:06Z</time><speed>0.440</speed><sat>34</sat></trkpt>
  <trkpt lat="44.70152295" lon="-0.78689007"><ele>64.992</ele><time>2026-08-22T08:42:07Z</time><speed>0.430</speed><sat>34</sat></trkpt>
  <trkpt lat="44.70152374" lon="-0.78687860"><ele>64.813</ele><time>2026-08-22T08:42:08Z</time><speed>0.570</speed><sat>34</sat></trkpt>
  <trkpt lat="44.70152495" lon="-0.78686709"><ele>64.639</ele><time>2026-08-22T08:42:09Z</time><speed>0.710</speed><sat>34</sat></trkpt>
  <trkpt lat="44.70152710" lon="-0.78685543"><ele>64.727</ele><time>2026-08-22T08:42:10Z</time><speed>0.840</speed><sat>34</sat></trkpt>
  <trkpt lat="44.70152964" lon="-0.78684348"><ele>64.555</ele><time>2026-08-22T08:42:11Z</time><speed>0.880</speed><sat>34</sat></trkpt>
  <trkpt lat="44.70153295" lon="-0.78683169"><ele>64.437</ele><time>2026-08-22T08:42:12Z</time><speed>0.950</speed><sat>33</sat></trkpt>
  <trkpt lat="44.70153882" lon="-0.78681383"><ele>64.362</ele><time>2026-08-22T08:42:13Z</time><speed>1.600</speed><sat>33</sat></trkpt>
  <trkpt lat="44.70155372" lon="-0.78676794"><ele>64.082</ele><time>2026-08-22T08:42:14Z</time><speed>4.120</speed><sat>32</sat></trkpt>
  <trkpt lat="44.70157954" lon="-0.78669077"><ele>64.098</ele><time>2026-08-22T08:42:15Z</time><speed>6.710</speed><sat>33</sat></trkpt>
  <trkpt lat="44.70161270" lon="-0.78658464"><ele>64.326</ele><time>2026-08-22T08:42:16Z</time><speed>9.060</speed><sat>34</sat></trkpt>
  <trkpt lat="44.70165211" lon="-0.78643472"><ele>64.183</ele><time>2026-08-22T08:42:17Z</time><speed>11.240</speed><sat>34</sat></trkpt>
  <trkpt lat="44.70169419" lon="-0.78627832"><ele>64.188</ele><time>2026-08-22T08:42:18Z</time><speed>13.190</speed><sat>34</sat></trkpt>
  <trkpt lat="44.70173739" lon="-0.78609789"><ele>63.536</ele><time>2026-08-22T08:42:19Z</time><speed>14.740</speed><sat>34</sat></trkpt>
  <trkpt lat="44.70178490" lon="-0.78590768"><ele>63.690</ele><time>2026-08-22T08:42:20Z</time><speed>16.050</speed><sat>34</sat></trkpt>
  <trkpt lat="44.70183365" lon="-0.78570269"><ele>64.807</ele><time>2026-08-22T08:42:21Z</time><speed>16.990</speed><sat>34</sat></trkpt>
  <trkpt lat="44.70188337" lon="-0.78549042"><ele>65.091</ele><time>2026-08-22T08:42:22Z</time><speed>17.940</speed><sat>33</sat></trkpt>
  <trkpt lat="44.70193248" lon="-0.78526927"><ele>65.523</ele><time>2026-08-22T08:42:23Z</time><speed>18.700</speed><sat>34</sat></trkpt>
  <trkpt lat="44.70198448" lon="-0.78503273"><ele>65.855</ele><time>2026-08-22T08:42:24Z</time><speed>19.780</speed><sat>34</sat></trkpt>
  <trkpt lat="44.70203786" lon="-0.78479717"><ele>67.672</ele><time>2026-08-22T08:42:25Z</time><speed>19.830</speed><sat>34</sat></trkpt>
  <trkpt lat="44.70209672" lon="-0.78456910"><ele>70.883</ele><time>2026-08-22T08:42:26Z</time><speed>19.250</speed><sat>34</sat></trkpt>
  <trkpt lat="44.70215854" lon="-0.78435213"><ele>75.028</ele><time>2026-08-22T08:42:27Z</time><speed>18.040</speed><sat>34</sat></trkpt>
  <trkpt lat="44.70222568" lon="-0.78414928"><ele>78.891</ele><time>2026-08-22T08:42:28Z</time><speed>17.200</speed><sat>34</sat></trkpt>
  <trkpt lat="44.70229673" lon="-0.78395745"><ele>82.599</ele><time>2026-08-22T08:42:29Z</time><speed>16.630</speed><sat>34</sat></trkpt>
  <trkpt lat="44.70237219" lon="-0.78377026"><ele>85.059</ele><time>2026-08-22T08:42:30Z</time><speed>17.040</speed><sat>33</sat></trkpt>
  <trkpt lat="44.70245423" lon="-0.78358076"><ele>87.016</ele><time>2026-08-22T08:42:31Z</time><speed>17.830</speed><sat>34</sat></trkpt>
  <trkpt lat="44.70254597" lon="-0.78338865"><ele>88.960</ele><time>2026-08-22T08:42:32Z</time><speed>18.590</speed><sat>34</sat></trkpt>
  <trkpt lat="44.70264988" lon="-0.78321173"><ele>91.488</ele><time>2026-08-22T08:42:33Z</time><speed>18.290</speed><sat>34</sat></trkpt>
  <trkpt lat="44.70276146" lon="-0.78304803"><ele>94.580</ele><time>2026-08-22T08:42:34Z</time><speed>17.990</speed><sat>34</sat></trkpt>
  <trkpt lat="44.70288008" lon="-0.78289856"><ele>98.659</ele><time>2026-08-22T08:42:35Z</time><speed>17.610</speed><sat>34</sat></trkpt>
  <trkpt lat="44.70300475" lon="-0.78276667"><ele>102.087</ele><time>2026-08-22T08:42:36Z</time><speed>17.410</speed><sat>34</sat></trkpt>
  <trkpt lat="44.70313531" lon="-0.78264162"><ele>104.482</ele><time>2026-08-22T08:42:37Z</time><speed>17.420</speed><sat>34</sat></trkpt>
  <trkpt lat="44.70327204" lon="-0.78252172"><ele>105.889</ele><time>2026-08-22T08:42:38Z</time><speed>17.620</speed><sat>34</sat></trkpt>
  <trkpt lat="44.70340781" lon="-0.78239327"><ele>106.737</ele><time>2026-08-22T08:42:39Z</time><speed>17.980</speed><sat>34</sat></trkpt>
  <trkpt lat="44.70354019" lon="-0.78225321"><ele>106.979</ele><time>2026-08-22T08:42:40Z</time><speed>18.430</speed><sat>34</sat></trkpt>
  <trkpt lat="44.70366616" lon="-0.78209557"><ele>107.373</ele><time>2026-08-22T08:42:41Z</time><speed>18.920</speed><sat>34</sat></trkpt>
  <trkpt lat="44.70377858" lon="-0.78191284"><ele>108.070</ele><time>2026-08-22T08:42:42Z</time><speed>19.210</speed><sat>34</sat></trkpt>
  <trkpt lat="44.70386709" lon="-0.78170590"><ele>109.379</ele><time>2026-08-22T08:42:43Z</time><speed>19.090</speed><sat>34</sat></trkpt>
  <trkpt lat="44.70392120" lon="-0.78148350"><ele>110.425</ele><time>2026-08-22T08:42:44Z</time><speed>18.590</speed><sat>34</sat></trkpt>
  <trkpt lat="44.70394008" lon="-0.78124556"><ele>111.859</ele><time>2026-08-22T08:42:45Z</time><speed>18.800</speed><sat>34</sat></trkpt>
  <trkpt lat="44.70391351" lon="-0.78100088"><ele>113.926</ele><time>2026-08-22T08:42:46Z</time><speed>19.400</speed><sat>34</sat></trkpt>
  <trkpt lat="44.70385455" lon="-0.78076658"><ele>116.661</ele><time>2026-08-22T08:42:47Z</time><speed>19.590</speed><sat>34</sat></trkpt>
  <trkpt lat="44.70377625" lon="-0.78055587"><ele>120.092</ele><time>2026-08-22T08:42:48Z</time><speed>18.660</speed><sat>34</sat></trkpt>
  <trkpt lat="44.70367649" lon="-0.78037573"><ele>123.437</ele><time>2026-08-22T08:42:49Z</time><speed>17.880</speed><sat>35</sat></trkpt>
  <trkpt lat="44.70355700" lon="-0.78022262"><ele>126.399</ele><time>2026-08-22T08:42:50Z</time><speed>17.890</speed><sat>35</sat></trkpt>
  <trkpt lat="44.70343130" lon="-0.78007996"><ele>128.938</ele><time>2026-08-22T08:42:51Z</time><speed>17.650</speed><sat>35</sat></trkpt>
  <trkpt lat="44.70330062" lon="-0.77994946"><ele>131.279</ele><time>2026-08-22T08:42:52Z</time><speed>17.750</speed><sat>35</sat></trkpt>
  <trkpt lat="44.70316838" lon="-0.77982306"><ele>133.169</ele><time>2026-08-22T08:42:53Z</time><speed>17.740</speed><sat>35</sat></trkpt>
  <trkpt lat="44.70303055" lon="-0.77970546"><ele>134.414</ele><time>2026-08-22T08:42:54Z</time><speed>17.980</speed><sat>35</sat></trkpt>
  <trkpt lat="44.70288978" lon="-0.77959207"><ele>135.931</ele><time>2026-08-22T08:42:55Z</time><speed>18.080</speed><sat>35</sat></trkpt>
  <trkpt lat="44.70274604" lon="-0.77949313"><ele>138.504</ele><time>2026-08-22T08:42:56Z</time><speed>17.770</speed><sat>35</sat></trkpt>
  <trkpt lat="44.70260013" lon="-0.77940374"><ele>139.967</ele><time>2026-08-22T08:42:57Z</time><speed>17.750</speed><sat>34</sat></trkpt>
  <trkpt lat="44.70244749" lon="-0.77933042"><ele>141.087</ele><time>2026-08-22T08:42:58Z</time><speed>18.050</speed><sat>33</sat></trkpt>
  <trkpt lat="44.70228421" lon="-0.77927066"><ele>141.822</ele><time>2026-08-22T08:42:59Z</time><speed>18.680</speed><sat>34</sat></trkpt>
  <trkpt lat="44.70210806" lon="-0.77923045"><ele>141.756</ele><time>2026-08-22T08:43:00Z</time><speed>19.780</speed><sat>35</sat></trkpt>
  <trkpt lat="44.70191536" lon="-0.77921267"><ele>141.306</ele><time>2026-08-22T08:43:01Z</time><speed>20.990</speed><sat>35</sat></trkpt>
  <trkpt lat="44.70171508" lon="-0.77923307"><ele>141.483</ele><time>2026-08-22T08:43:02Z</time><speed>21.990</speed><sat>35</sat></trkpt>
  <trkpt lat="44.70151070" lon="-0.77928577"><ele>142.921</ele><time>2026-08-22T08:43:03Z</time><speed>23.090</speed><sat>35</sat></trkpt>
  <trkpt lat="44.70131047" lon="-0.77937489"><ele>145.733</ele><time>2026-08-22T08:43:04Z</time><speed>23.300</speed><sat>35</sat></trkpt>
  <trkpt lat="44.70112542" lon="-0.77950166"><ele>149.173</ele><time>2026-08-22T08:43:05Z</time><speed>22.990</speed><sat>34</sat></trkpt>
  <trkpt lat="44.70094035" lon="-0.77964644"><ele>151.946</ele><time>2026-08-22T08:43:06Z</time><speed>22.970</speed><sat>35</sat></trkpt>
  <trkpt lat="44.70076404" lon="-0.77980277"><ele>154.745</ele><time>2026-08-22T08:43:07Z</time><speed>22.960</speed><sat>34</sat></trkpt>
  <trkpt lat="44.70059129" lon="-0.77996970"><ele>157.617</ele><time>2026-08-22T08:43:08Z</time><speed>23.030</speed><sat>34</sat></trkpt>
  <trkpt lat="44.70043222" lon="-0.78014388"><ele>160.573</ele><time>2026-08-22T08:43:09Z</time><speed>22.570</speed><sat>35</sat></trkpt>
  <trkpt lat="44.70026967" lon="-0.78034650"><ele>162.119</ele><time>2026-08-22T08:43:10Z</time><speed>22.720</speed><sat>35</sat></trkpt>
  <trkpt lat="44.70012244" lon="-0.78055387"><ele>164.183</ele><time>2026-08-22T08:43:11Z</time><speed>23.140</speed><sat>28</sat></trkpt>
  <trkpt lat="44.69997483" lon="-0.78076251"><ele>165.438</ele><time>2026-08-22T08:43:12Z</time><speed>23.550</speed><sat>30</sat></trkpt>
  <trkpt lat="44.69982453" lon="-0.78097823"><ele>166.094</ele><time>2026-08-22T08:43:13Z</time><speed>23.720</speed><sat>30</sat></trkpt>
  <trkpt lat="44.69967410" lon="-0.78118634"><ele>168.308</ele><time>2026-08-22T08:43:14Z</time><speed>23.460</speed><sat>31</sat></trkpt>
  <trkpt lat="44.69951974" lon="-0.78140081"><ele>170.956</ele><time>2026-08-22T08:43:15Z</time><speed>23.310</speed><sat>30</sat></trkpt>
  <trkpt lat="44.69937729" lon="-0.78161029"><ele>175.141</ele><time>2026-08-22T08:43:16Z</time><speed>22.640</speed><sat>32</sat></trkpt>
  <trkpt lat="44.69924010" lon="-0.78183514"><ele>178.680</ele><time>2026-08-22T08:43:17Z</time><speed>22.300</speed><sat>30</sat></trkpt>
  <trkpt lat="44.69910664" lon="-0.78204838"><ele>183.600</ele><time>2026-08-22T08:43:18Z</time><speed>21.680</speed><sat>31</sat></trkpt>
  <trkpt lat="44.69898333" lon="-0.78224826"><ele>187.688</ele><time>2026-08-22T08:43:19Z</time><speed>21.040</speed><sat>32</sat></trkpt>
  <trkpt lat="44.69885999" lon="-0.78244191"><ele>190.395</ele><time>2026-08-22T08:43:20Z</time><speed>20.980</speed><sat>31</sat></trkpt>
  <trkpt lat="44.69872591" lon="-0.78264259"><ele>191.530</ele><time>2026-08-22T08:43:21Z</time><speed>21.120</speed><sat>32</sat></trkpt>
  <trkpt lat="44.69859027" lon="-0.78283247"><ele>192.948</ele><time>2026-08-22T08:43:22Z</time><speed>21.510</speed><sat>30</sat></trkpt>
  <trkpt lat="44.69843773" lon="-0.78301469"><ele>193.587</ele><time>2026-08-22T08:43:23Z</time><speed>22.200</speed><sat>29</sat></trkpt>
  <trkpt lat="44.69827175" lon="-0.78318733"><ele>194.606</ele><time>2026-08-22T08:43:24Z</time><speed>22.640</speed><sat>31</sat></trkpt>
  <trkpt lat="44.69809400" lon="-0.78332768"><ele>194.801</ele><time>2026-08-22T08:43:25Z</time><speed>22.860</speed><sat>31</sat></trkpt>
  <trkpt lat="44.69790388" lon="-0.78344093"><ele>194.991</ele><time>2026-08-22T08:43:26Z</time><speed>23.020</speed><sat>27</sat></trkpt>
  <trkpt lat="44.69770794" lon="-0.78351929"><ele>195.682</ele><time>2026-08-22T08:43:27Z</time><speed>22.720</speed><sat>29</sat></trkpt>
  <trkpt lat="44.69751003" lon="-0.78357595"><ele>196.887</ele><time>2026-08-22T08:43:28Z</time><speed>22.010</speed><sat>26</sat></trkpt>
  <trkpt lat="44.69731995" lon="-0.78360479"><ele>199.328</ele><time>2026-08-22T08:43:29Z</time><speed>21.500</speed><sat>26</sat></trkpt>
  <trkpt lat="44.69713166" lon="-0.78362625"><ele>202.875</ele><time>2026-08-22T08:43:30Z</time><speed>20.740</speed><sat>29</sat></trkpt>
  <trkpt lat="44.69695864" lon="-0.78363580"><ele>205.557</ele><time>2026-08-22T08:43:31Z</time><speed>19.750</speed><sat>31</sat></trkpt>
  <trkpt lat="44.69677986" lon="-0.78363788"><ele>208.180</ele><time>2026-08-22T08:43:32Z</time><speed>19.310</speed><sat>31</sat></trkpt>
  <trkpt lat="44.69660777" lon="-0.78363693"><ele>208.729</ele><time>2026-08-22T08:43:33Z</time><speed>19.570</speed><sat>30</sat></trkpt>
  <trkpt lat="44.69643268" lon="-0.78362020"><ele>207.906</ele><time>2026-08-22T08:43:34Z</time><speed>20.330</speed><sat>27</sat></trkpt>
  <trkpt lat="44.69624016" lon="-0.78359514"><ele>206.430</ele><time>2026-08-22T08:43:35Z</time><speed>21.330</speed><sat>29</sat></trkpt>
  <trkpt lat="44.69604499" lon="-0.78355466"><ele>206.656</ele><time>2026-08-22T08:43:36Z</time><speed>21.700</speed><sat>30</sat></trkpt>
  <trkpt lat="44.69584987" lon="-0.78350505"><ele>206.508</ele><time>2026-08-22T08:43:37Z</time><speed>21.720</speed><sat>30</sat></trkpt>
  <trkpt lat="44.69565578" lon="-0.78345788"><ele>207.264</ele><time>2026-08-22T08:43:38Z</time><speed>21.840</speed><sat>33</sat></trkpt>
  <trkpt lat="44.69546187" lon="-0.78341394"><ele>209.321</ele><time>2026-08-22T08:43:39Z</time><speed>21.520</speed><sat>33</sat></trkpt>
  <trkpt lat="44.69528472" lon="-0.78337563"><ele>211.561</ele><time>2026-08-22T08:43:40Z</time><speed>20.900</speed><sat>31</sat></trkpt>
  <trkpt lat="44.69510838" lon="-0.78333422"><ele>212.961</ele><time>2026-08-22T08:43:41Z</time><speed>20.100</speed><sat>31</sat></trkpt>
  <trkpt lat="44.69493720" lon="-0.78329322"><ele>214.065</ele><time>2026-08-22T08:43:42Z</time><speed>19.890</speed><sat>28</sat></trkpt>
  <trkpt lat="44.69476540" lon="-0.78323845"><ele>214.810</ele><time>2026-08-22T08:43:43Z</time><speed>19.680</speed><sat>31</sat></trkpt>
  <trkpt lat="44.69459305" lon="-0.78318136"><ele>216.284</ele><time>2026-08-22T08:43:44Z</time><speed>19.200</speed><sat>31</sat></trkpt>
  <trkpt lat="44.69442787" lon="-0.78311460"><ele>217.270</ele><time>2026-08-22T08:43:45Z</time><speed>18.800</speed><sat>28</sat></trkpt>
  <trkpt lat="44.69426684" lon="-0.78303584"><ele>217.803</ele><time>2026-08-22T08:43:46Z</time><speed>18.850</speed><sat>31</sat></trkpt>
  <trkpt lat="44.69410191" lon="-0.78296150"><ele>217.799</ele><time>2026-08-22T08:43:47Z</time><speed>19.340</speed><sat>31</sat></trkpt>
  <trkpt lat="44.69393305" lon="-0.78289092"><ele>217.562</ele><time>2026-08-22T08:43:48Z</time><speed>20.310</speed><sat>29</sat></trkpt>
  <trkpt lat="44.69374510" lon="-0.78284190"><ele>217.347</ele><time>2026-08-22T08:43:49Z</time><speed>21.230</speed><sat>31</sat></trkpt>
  <trkpt lat="44.69354730" lon="-0.78283164"><ele>217.248</ele><time>2026-08-22T08:43:50Z</time><speed>21.920</speed><sat>32</sat></trkpt>
  <trkpt lat="44.69334579" lon="-0.78286968"><ele>216.869</ele><time>2026-08-22T08:43:51Z</time><speed>22.530</speed><sat>31</sat></trkpt>
  <trkpt lat="44.69314041" lon="-0.78294735"><ele>216.390</ele><time>2026-08-22T08:43:52Z</time><speed>23.450</speed><sat>31</sat></trkpt>
  <trkpt lat="44.69294470" lon="-0.78307964"><ele>216.463</ele><time>2026-08-22T08:43:53Z</time><speed>24.200</speed><sat>31</sat></trkpt>
  <trkpt lat="44.69276854" lon="-0.78327064"><ele>216.604</ele><time>2026-08-22T08:43:54Z</time><speed>24.750</speed><sat>29</sat></trkpt>
  <trkpt lat="44.69261323" lon="-0.78350722"><ele>216.205</ele><time>2026-08-22T08:43:55Z</time><speed>25.180</speed><sat>29</sat></trkpt>
  <trkpt lat="44.69249111" lon="-0.78377839"><ele>215.613</ele><time>2026-08-22T08:43:56Z</time><speed>25.620</speed><sat>30</sat></trkpt>
  <trkpt lat="44.69239652" lon="-0.78408235"><ele>214.496</ele><time>2026-08-22T08:43:57Z</time><speed>25.980</speed><sat>34</sat></trkpt>
  <trkpt lat="44.69233398" lon="-0.78440125"><ele>213.408</ele><time>2026-08-22T08:43:58Z</time><speed>26.440</speed><sat>33</sat></trkpt>
  <trkpt lat="44.69229151" lon="-0.78473808"><ele>212.669</ele><time>2026-08-22T08:43:59Z</time><speed>26.820</speed><sat>32</sat></trkpt>
  <trkpt lat="44.69227384" lon="-0.78508088"><ele>212.655</ele><time>2026-08-22T08:44:00Z</time><speed>26.920</speed><sat>32</sat></trkpt>
  <trkpt lat="44.69227432" lon="-0.78541998"><ele>213.292</ele><time>2026-08-22T08:44:01Z</time><speed>26.770</speed><sat>31</sat></trkpt>
  <trkpt lat="44.69228434" lon="-0.78575600"><ele>213.836</ele><time>2026-08-22T08:44:02Z</time><speed>26.220</speed><sat>28</sat></trkpt>
  <trkpt lat="44.69230350" lon="-0.78608091"><ele>214.510</ele><time>2026-08-22T08:44:03Z</time><speed>25.720</speed><sat>30</sat></trkpt>
  <trkpt lat="44.69231777" lon="-0.78640315"><ele>214.807</ele><time>2026-08-22T08:44:04Z</time><speed>25.930</speed><sat>30</sat></trkpt>
  <trkpt lat="44.69233325" lon="-0.78672369"><ele>214.329</ele><time>2026-08-22T08:44:05Z</time><speed>26.060</speed><sat>30</sat></trkpt>
  <trkpt lat="44.69234901" lon="-0.78705586"><ele>213.308</ele><time>2026-08-22T08:44:06Z</time><speed>26.470</speed><sat>31</sat></trkpt>
  <trkpt lat="44.69235931" lon="-0.78740307"><ele>212.007</ele><time>2026-08-22T08:44:07Z</time><speed>27.130</speed><sat>31</sat></trkpt>
  <trkpt lat="44.69234726" lon="-0.78774573"><ele>212.100</ele><time>2026-08-22T08:44:08Z</time><speed>27.200</speed><sat>29</sat></trkpt>
  <trkpt lat="44.69231955" lon="-0.78808894"><ele>212.365</ele><time>2026-08-22T08:44:09Z</time><speed>27.000</speed><sat>28</sat></trkpt>
  <trkpt lat="44.69228687" lon="-0.78841856"><ele>213.537</ele><time>2026-08-22T08:44:10Z</time><speed>26.630</speed><sat>29</sat></trkpt>
  <trkpt lat="44.69223838" lon="-0.78874631"><ele>213.500</ele><time>2026-08-22T08:44:11Z</time><speed>26.250</speed><sat>28</sat></trkpt>
  <trkpt lat="44.69217541" lon="-0.78906139"><ele>213.024</ele><time>2026-08-22T08:44:12Z</time><speed>26.130</speed><sat>29</sat></trkpt>
  <trkpt lat="44.69210154" lon="-0.78938092"><ele>212.599</ele><time>2026-08-22T08:44:13Z</time><speed>26.110</speed><sat>31</sat></trkpt>
  <trkpt lat="44.69201896" lon="-0.78968933"><ele>211.597</ele><time>2026-08-22T08:44:14Z</time><speed>26.080</speed><sat>30</sat></trkpt>
  <trkpt lat="44.69192843" lon="-0.78999227"><ele>210.233</ele><time>2026-08-22T08:44:15Z</time><speed>26.380</speed><sat>31</sat></trkpt>
  <trkpt lat="44.69182325" lon="-0.79030546"><ele>209.201</ele><time>2026-08-22T08:44:16Z</time><speed>27.030</speed><sat>31</sat></trkpt>
  <trkpt lat="44.69171974" lon="-0.79062410"><ele>209.396</ele><time>2026-08-22T08:44:17Z</time><speed>27.760</speed><sat>31</sat></trkpt>
  <trkpt lat="44.69161638" lon="-0.79095548"><ele>209.628</ele><time>2026-08-22T08:44:18Z</time><speed>27.910</speed><sat>32</sat></trkpt>
  <trkpt lat="44.69153128" lon="-0.79127201"><ele>212.155</ele><time>2026-08-22T08:44:19Z</time><speed>27.140</speed><sat>30</sat></trkpt>
  <trkpt lat="44.69146388" lon="-0.79158675"><ele>215.689</ele><time>2026-08-22T08:44:20Z</time><speed>25.900</speed><sat>33</sat></trkpt>
  <trkpt lat="44.69141870" lon="-0.79189616"><ele>218.273</ele><time>2026-08-22T08:44:21Z</time><speed>24.990</speed><sat>33</sat></trkpt>
  <trkpt lat="44.69139331" lon="-0.79221382"><ele>219.445</ele><time>2026-08-22T08:44:22Z</time><speed>25.100</speed><sat>34</sat></trkpt>
  <trkpt lat="44.69137827" lon="-0.79253404"><ele>219.545</ele><time>2026-08-22T08:44:23Z</time><speed>25.200</speed><sat>31</sat></trkpt>
  <trkpt lat="44.69137888" lon="-0.79285649"><ele>219.072</ele><time>2026-08-22T08:44:24Z</time><speed>25.700</speed><sat>31</sat></trkpt>
  <trkpt lat="44.69138957" lon="-0.79319121"><ele>218.444</ele><time>2026-08-22T08:44:25Z</time><speed>26.480</speed><sat>29</sat></trkpt>
  <trkpt lat="44.69140817" lon="-0.79353005"><ele>217.823</ele><time>2026-08-22T08:44:26Z</time><speed>26.840</speed><sat>30</sat></trkpt>
  <trkpt lat="44.69144025" lon="-0.79386441"><ele>218.947</ele><time>2026-08-22T08:44:27Z</time><speed>26.570</speed><sat>31</sat></trkpt>
  <trkpt lat="44.69148198" lon="-0.79418881"><ele>220.432</ele><time>2026-08-22T08:44:28Z</time><speed>25.960</speed><sat>28</sat></trkpt>
  <trkpt lat="44.69151649" lon="-0.79450218"><ele>223.336</ele><time>2026-08-22T08:44:29Z</time><speed>25.340</speed><sat>26</sat></trkpt>
  <trkpt lat="44.69153644" lon="-0.79481893"><ele>225.509</ele><time>2026-08-22T08:44:30Z</time><speed>25.140</speed><sat>27</sat></trkpt>
  <trkpt lat="44.69153642" lon="-0.79513707"><ele>226.220</ele><time>2026-08-22T08:44:31Z</time><speed>25.200</speed><sat>27</sat></trkpt>
  <trkpt lat="44.69151415" lon="-0.79545343"><ele>225.330</ele><time>2026-08-22T08:44:32Z</time><speed>25.270</speed><sat>25</sat></trkpt>
  <trkpt lat="44.69147224" lon="-0.79577646"><ele>224.284</ele><time>2026-08-22T08:44:33Z</time><speed>25.780</speed><sat>27</sat></trkpt>
  <trkpt lat="44.69140790" lon="-0.79609909"><ele>222.518</ele><time>2026-08-22T08:44:34Z</time><speed>26.260</speed><sat>28</sat></trkpt>
  <trkpt lat="44.69133400" lon="-0.79641720"><ele>221.823</ele><time>2026-08-22T08:44:35Z</time><speed>26.820</speed><sat>30</sat></trkpt>
  <trkpt lat="44.69126717" lon="-0.79674984"><ele>221.640</ele><time>2026-08-22T08:44:36Z</time><speed>27.090</speed><sat>31</sat></trkpt>
  <trkpt lat="44.69121145" lon="-0.79707517"><ele>222.722</ele><time>2026-08-22T08:44:37Z</time><speed>26.640</speed><sat>32</sat></trkpt>
  <trkpt lat="44.69116383" lon="-0.79739461"><ele>225.195</ele><time>2026-08-22T08:44:38Z</time><speed>25.900</speed><sat>31</sat></trkpt>
  <trkpt lat="44.69112458" lon="-0.79771347"><ele>226.888</ele><time>2026-08-22T08:44:39Z</time><speed>25.470</speed><sat>31</sat></trkpt>
  <trkpt lat="44.69109457" lon="-0.79802798"><ele>227.872</ele><time>2026-08-22T08:44:40Z</time><speed>25.220</speed><sat>30</sat></trkpt>
  <trkpt lat="44.69105950" lon="-0.79834234"><ele>227.901</ele><time>2026-08-22T08:44:41Z</time><speed>25.160</speed><sat>27</sat></trkpt>
  <trkpt lat="44.69102175" lon="-0.79866126"><ele>229.353</ele><time>2026-08-22T08:44:42Z</time><speed>25.390</speed><sat>29</sat></trkpt>
  <trkpt lat="44.69097925" lon="-0.79897992"><ele>230.887</ele><time>2026-08-22T08:44:43Z</time><speed>25.660</speed><sat>27</sat></trkpt>
  <trkpt lat="44.69092878" lon="-0.79929160"><ele>232.956</ele><time>2026-08-22T08:44:44Z</time><speed>25.770</speed><sat>27</sat></trkpt>
  <trkpt lat="44.69088181" lon="-0.79960637"><ele>234.774</ele><time>2026-08-22T08:44:45Z</time><speed>25.750</speed><sat>32</sat></trkpt>
  <trkpt lat="44.69082289" lon="-0.79992350"><ele>235.670</ele><time>2026-08-22T08:44:46Z</time><speed>25.720</speed><sat>31</sat></trkpt>
  <trkpt lat="44.69077091" lon="-0.80023543"><ele>236.723</ele><time>2026-08-22T08:44:47Z</time><speed>26.110</speed><sat>31</sat></trkpt>
  <trkpt lat="44.69071363" lon="-0.80056155"><ele>238.280</ele><time>2026-08-22T08:44:48Z</time><speed>26.230</speed><sat>30</sat></trkpt>
  <trkpt lat="44.69065235" lon="-0.80088166"><ele>239.611</ele><time>2026-08-22T08:44:49Z</time><speed>26.030</speed><sat>27</sat></trkpt>
  <trkpt lat="44.69058215" lon="-0.80119250"><ele>241.380</ele><time>2026-08-22T08:44:50Z</time><speed>25.370</speed><sat>31</sat></trkpt>
  <trkpt lat="44.69051220" lon="-0.80148459"><ele>243.300</ele><time>2026-08-22T08:44:51Z</time><speed>24.650</speed><sat>30</sat></trkpt>
  <trkpt lat="44.69043216" lon="-0.80177393"><ele>244.187</ele><time>2026-08-22T08:44:52Z</time><speed>24.170</speed><sat>31</sat></trkpt>
  <trkpt lat="44.69033723" lon="-0.80205732"><ele>244.197</ele><time>2026-08-22T08:44:53Z</time><speed>24.260</speed><sat>29</sat></trkpt>
  <trkpt lat="44.69024942" lon="-0.80234098"><ele>243.159</ele><time>2026-08-22T08:44:54Z</time><speed>24.810</speed><sat>30</sat></trkpt>
  <trkpt lat="44.69016751" lon="-0.80264127"><ele>242.662</ele><time>2026-08-22T08:44:55Z</time><speed>25.610</speed><sat>31</sat></trkpt>
  <trkpt lat="44.69011703" lon="-0.80296057"><ele>241.281</ele><time>2026-08-22T08:44:56Z</time><speed>26.300</speed><sat>33</sat></trkpt>
  <trkpt lat="44.69007900" lon="-0.80329878"><ele>240.986</ele><time>2026-08-22T08:44:57Z</time><speed>27.040</speed><sat>30</sat></trkpt>
  <trkpt lat="44.69006361" lon="-0.80364731"><ele>241.745</ele><time>2026-08-22T08:44:58Z</time><speed>27.370</speed><sat>30</sat></trkpt>
  <trkpt lat="44.69005968" lon="-0.80398968"><ele>243.381</ele><time>2026-08-22T08:44:59Z</time><speed>27.180</speed><sat>30</sat></trkpt>
  <trkpt lat="44.69006079" lon="-0.80432508"><ele>246.023</ele><time>2026-08-22T08:45:00Z</time><speed>26.580</speed><sat>29</sat></trkpt>
  <trkpt lat="44.69005789" lon="-0.80465403"><ele>248.199</ele><time>2026-08-22T08:45:01Z</time><speed>25.980</speed><sat>29</sat></trkpt>
  <trkpt lat="44.69005756" lon="-0.80497199"><ele>251.063</ele><time>2026-08-22T08:45:02Z</time><speed>25.180</speed><sat>28</sat></trkpt>
  <trkpt lat="44.69005321" lon="-0.80528258"><ele>253.304</ele><time>2026-08-22T08:45:03Z</time><speed>24.690</speed><sat>31</sat></trkpt>
  <trkpt lat="44.69004759" lon="-0.80558665"><ele>254.762</ele><time>2026-08-22T08:45:04Z</time><speed>24.090</speed><sat>25</sat></trkpt>
  <trkpt lat="44.69004286" lon="-0.80588914"><ele>255.441</ele><time>2026-08-22T08:45:05Z</time><speed>23.960</speed><sat>25</sat></trkpt>
  <trkpt lat="44.69003801" lon="-0.80619150"><ele>255.003</ele><time>2026-08-22T08:45:06Z</time><speed>24.160</speed><sat>28</sat></trkpt>
  <trkpt lat="44.69002527" lon="-0.80650091"><ele>253.304</ele><time>2026-08-22T08:45:07Z</time><speed>24.810</speed><sat>28</sat></trkpt>
  <trkpt lat="44.69000713" lon="-0.80682296"><ele>252.402</ele><time>2026-08-22T08:45:08Z</time><speed>25.560</speed><sat>27</sat></trkpt>
  <trkpt lat="44.68998144" lon="-0.80715190"><ele>252.109</ele><time>2026-08-22T08:45:09Z</time><speed>26.040</speed><sat>29</sat></trkpt>
  <trkpt lat="44.68994916" lon="-0.80747837"><ele>252.832</ele><time>2026-08-22T08:45:10Z</time><speed>25.950</speed><sat>29</sat></trkpt>
  <trkpt lat="44.68991220" lon="-0.80779290"><ele>254.621</ele><time>2026-08-22T08:45:11Z</time><speed>25.230</speed><sat>28</sat></trkpt>
  <trkpt lat="44.68987695" lon="-0.80809370"><ele>256.423</ele><time>2026-08-22T08:45:12Z</time><speed>24.190</speed><sat>30</sat></trkpt>
  <trkpt lat="44.68984551" lon="-0.80838245"><ele>258.130</ele><time>2026-08-22T08:45:13Z</time><speed>23.840</speed><sat>31</sat></trkpt>
  <trkpt lat="44.68982818" lon="-0.80868130"><ele>259.345</ele><time>2026-08-22T08:45:14Z</time><speed>23.860</speed><sat>29</sat></trkpt>
  <trkpt lat="44.68981674" lon="-0.80899237"><ele>259.904</ele><time>2026-08-22T08:45:15Z</time><speed>24.070</speed><sat>29</sat></trkpt>
  <trkpt lat="44.68982755" lon="-0.80929794"><ele>259.935</ele><time>2026-08-22T08:45:16Z</time><speed>24.370</speed><sat>30</sat></trkpt>
  <trkpt lat="44.68984727" lon="-0.80960733"><ele>260.168</ele><time>2026-08-22T08:45:17Z</time><speed>24.840</speed><sat>30</sat></trkpt>
  <trkpt lat="44.68987691" lon="-0.80992450"><ele>260.034</ele><time>2026-08-22T08:45:18Z</time><speed>25.510</speed><sat>30</sat></trkpt>
  <trkpt lat="44.68991685" lon="-0.81024500"><ele>259.858</ele><time>2026-08-22T08:45:19Z</time><speed>26.130</speed><sat>29</sat></trkpt>
  <trkpt lat="44.68996558" lon="-0.81056985"><ele>260.765</ele><time>2026-08-22T08:45:20Z</time><speed>26.140</speed><sat>30</sat></trkpt>
  <trkpt lat="44.69001936" lon="-0.81089628"><ele>261.373</ele><time>2026-08-22T08:45:21Z</time><speed>25.830</speed><sat>28</sat></trkpt>
  <trkpt lat="44.69006406" lon="-0.81121385"><ele>262.563</ele><time>2026-08-22T08:45:22Z</time><speed>25.660</speed><sat>26</sat></trkpt>
  <trkpt lat="44.69009929" lon="-0.81153347"><ele>263.891</ele><time>2026-08-22T08:45:23Z</time><speed>25.480</speed><sat>26</sat></trkpt>
  <trkpt lat="44.69012236" lon="-0.81185473"><ele>264.172</ele><time>2026-08-22T08:45:24Z</time><speed>25.600</speed><sat>27</sat></trkpt>
  <trkpt lat="44.69013741" lon="-0.81218052"><ele>263.846</ele><time>2026-08-22T08:45:25Z</time><speed>25.920</speed><sat>30</sat></trkpt>
  <trkpt lat="44.69015010" lon="-0.81251056"><ele>263.222</ele><time>2026-08-22T08:45:26Z</time><speed>26.520</speed><sat>30</sat></trkpt>
  <trkpt lat="44.69018376" lon="-0.81285367"><ele>262.515</ele><time>2026-08-22T08:45:27Z</time><speed>27.280</speed><sat>31</sat></trkpt>
  <trkpt lat="44.69022928" lon="-0.81320033"><ele>263.108</ele><time>2026-08-22T08:45:28Z</time><speed>28.140</speed><sat>31</sat></trkpt>
  <trkpt lat="44.69028462" lon="-0.81354762"><ele>264.162</ele><time>2026-08-22T08:45:29Z</time><speed>28.080</speed><sat>31</sat></trkpt>
  <trkpt lat="44.69034912" lon="-0.81388551"><ele>266.563</ele><time>2026-08-22T08:45:30Z</time><speed>27.730</speed><sat>29</sat></trkpt>
  <trkpt lat="44.69043843" lon="-0.81419796"><ele>268.349</ele><time>2026-08-22T08:45:31Z</time><speed>26.990</speed><sat>30</sat></trkpt>
  <trkpt lat="44.69054527" lon="-0.81449790"><ele>271.298</ele><time>2026-08-22T08:45:32Z</time><speed>26.330</speed><sat>31</sat></trkpt>
  <trkpt lat="44.69067199" lon="-0.81476478"><ele>273.697</ele><time>2026-08-22T08:45:33Z</time><speed>25.160</speed><sat>31</sat></trkpt>
  <trkpt lat="44.69082277" lon="-0.81499439"><ele>275.614</ele><time>2026-08-22T08:45:34Z</time><speed>24.230</speed><sat>32</sat></trkpt>
  <trkpt lat="44.69099740" lon="-0.81516869"><ele>276.733</ele><time>2026-08-22T08:45:35Z</time><speed>23.510</speed><sat>34</sat></trkpt>
  <trkpt lat="44.69118488" lon="-0.81528577"><ele>276.425</ele><time>2026-08-22T08:45:36Z</time><speed>23.190</speed><sat>33</sat></trkpt>
  <trkpt lat="44.69138018" lon="-0.81532201"><ele>275.656</ele><time>2026-08-22T08:45:37Z</time><speed>22.940</speed><sat>35</sat></trkpt>
  <trkpt lat="44.69157964" lon="-0.81528740"><ele>274.282</ele><time>2026-08-22T08:45:38Z</time><speed>22.350</speed><sat>34</sat></trkpt>
  <trkpt lat="44.69176676" lon="-0.81517835"><ele>273.505</ele><time>2026-08-22T08:45:39Z</time><speed>22.510</speed><sat>33</sat></trkpt>
  <trkpt lat="44.69193596" lon="-0.81501456"><ele>274.322</ele><time>2026-08-22T08:45:40Z</time><speed>22.880</speed><sat>31</sat></trkpt>
  <trkpt lat="44.69206909" lon="-0.81480490"><ele>275.285</ele><time>2026-08-22T08:45:41Z</time><speed>22.040</speed><sat>33</sat></trkpt>
  <trkpt lat="44.69216216" lon="-0.81457149"><ele>277.557</ele><time>2026-08-22T08:45:42Z</time><speed>21.200</speed><sat>33</sat></trkpt>
  <trkpt lat="44.69221628" lon="-0.81432608"><ele>281.346</ele><time>2026-08-22T08:45:43Z</time><speed>19.810</speed><sat>33</sat></trkpt>
  <trkpt lat="44.69223884" lon="-0.81409204"><ele>285.357</ele><time>2026-08-22T08:45:44Z</time><speed>18.600</speed><sat>34</sat></trkpt>
  <trkpt lat="44.69222238" lon="-0.81386883"><ele>288.929</ele><time>2026-08-22T08:45:45Z</time><speed>17.740</speed><sat>34</sat></trkpt>
  <trkpt lat="44.69218234" lon="-0.81366119"><ele>290.879</ele><time>2026-08-22T08:45:46Z</time><speed>17.170</speed><sat>29</sat></trkpt>
  <trkpt lat="44.69211892" lon="-0.81346607"><ele>291.905</ele><time>2026-08-22T08:45:47Z</time><speed>17.030</speed><sat>31</sat></trkpt>
  <trkpt lat="44.69204324" lon="-0.81327366"><ele>292.797</ele><time>2026-08-22T08:45:48Z</time><speed>17.260</speed><sat>25</sat></trkpt>
  <trkpt lat="44.69196517" lon="-0.81307877"><ele>293.200</ele><time>2026-08-22T08:45:49Z</time><speed>17.480</speed><sat>25</sat></trkpt>
  <trkpt lat="44.69187866" lon="-0.81289255"><ele>294.123</ele><time>2026-08-22T08:45:50Z</time><speed>17.330</speed><sat>26</sat></trkpt>
  <trkpt lat="44.69180292" lon="-0.81270532"><ele>295.749</ele><time>2026-08-22T08:45:51Z</time><speed>17.240</speed><sat>30</sat></trkpt>
  <trkpt lat="44.69174318" lon="-0.81250548"><ele>297.119</ele><time>2026-08-22T08:45:52Z</time><speed>17.090</speed><sat>25</sat></trkpt>
  <trkpt lat="44.69169062" lon="-0.81229311"><ele>297.122</ele><time>2026-08-22T08:45:53Z</time><speed>16.630</speed><sat>26</sat></trkpt>
  <trkpt lat="44.69166316" lon="-0.81208056"><ele>296.107</ele><time>2026-08-22T08:45:54Z</time><speed>16.640</speed><sat>25</sat></trkpt>
  <trkpt lat="44.69165499" lon="-0.81186577"><ele>293.806</ele><time>2026-08-22T08:45:55Z</time><speed>16.980</speed><sat>30</sat></trkpt>
  <trkpt lat="44.69167266" lon="-0.81164146"><ele>290.892</ele><time>2026-08-22T08:45:56Z</time><speed>17.800</speed><sat>24</sat></trkpt>
  <trkpt lat="44.69171504" lon="-0.81140800"><ele>287.760</ele><time>2026-08-22T08:45:57Z</time><speed>19.040</speed><sat>27</sat></trkpt>
  <trkpt lat="44.69178638" lon="-0.81117234"><ele>284.671</ele><time>2026-08-22T08:45:58Z</time><speed>20.170</speed><sat>27</sat></trkpt>
  <trkpt lat="44.69189276" lon="-0.81094315"><ele>282.975</ele><time>2026-08-22T08:45:59Z</time><speed>21.420</speed><sat>27</sat></trkpt>
  <trkpt lat="44.69201660" lon="-0.81072135"><ele>283.245</ele><time>2026-08-22T08:46:00Z</time><speed>21.600</speed><sat>28</sat></trkpt>
  <trkpt lat="44.69214850" lon="-0.81053026"><ele>284.648</ele><time>2026-08-22T08:46:01Z</time><speed>20.870</speed><sat>28</sat></trkpt>
  <trkpt lat="44.69228594" lon="-0.81035917"><ele>284.644</ele><time>2026-08-22T08:46:02Z</time><speed>20.450</speed><sat>27</sat></trkpt>
  <trkpt lat="44.69243312" lon="-0.81019970"><ele>283.862</ele><time>2026-08-22T08:46:03Z</time><speed>20.330</speed><sat>28</sat></trkpt>
  <trkpt lat="44.69258931" lon="-0.81005053"><ele>282.199</ele><time>2026-08-22T08:46:04Z</time><speed>20.640</speed><sat>29</sat></trkpt>
  <trkpt lat="44.69274687" lon="-0.80989851"><ele>280.125</ele><time>2026-08-22T08:46:05Z</time><speed>21.140</speed><sat>33</sat></trkpt>
  <trkpt lat="44.69290103" lon="-0.80973698"><ele>278.196</ele><time>2026-08-22T08:46:06Z</time><speed>21.300</speed><sat>31</sat></trkpt>
  <trkpt lat="44.69304317" lon="-0.80956760"><ele>277.735</ele><time>2026-08-22T08:46:07Z</time><speed>20.440</speed><sat>33</sat></trkpt>
  <trkpt lat="44.69317029" lon="-0.80939616"><ele>278.423</ele><time>2026-08-22T08:46:08Z</time><speed>19.430</speed><sat>33</sat></trkpt>
  <trkpt lat="44.69327760" lon="-0.80922141"><ele>279.089</ele><time>2026-08-22T08:46:09Z</time><speed>17.960</speed><sat>31</sat></trkpt>
  <trkpt lat="44.69337651" lon="-0.80903305"><ele>278.320</ele><time>2026-08-22T08:46:10Z</time><speed>17.780</speed><sat>29</sat></trkpt>
  <trkpt lat="44.69345569" lon="-0.80885515"><ele>278.113</ele><time>2026-08-22T08:46:11Z</time><speed>17.500</speed><sat>30</sat></trkpt>
  <trkpt lat="44.69353576" lon="-0.80865777"><ele>276.356</ele><time>2026-08-22T08:46:12Z</time><speed>17.780</speed><sat>30</sat></trkpt>
  <trkpt lat="44.69360996" lon="-0.80845827"><ele>274.510</ele><time>2026-08-22T08:46:13Z</time><speed>18.270</speed><sat>28</sat></trkpt>
  <trkpt lat="44.69368262" lon="-0.80824498"><ele>272.539</ele><time>2026-08-22T08:46:14Z</time><speed>18.870</speed><sat>25</sat></trkpt>
  <trkpt lat="44.69375657" lon="-0.80802586"><ele>271.002</ele><time>2026-08-22T08:46:15Z</time><speed>19.330</speed><sat>27</sat></trkpt>
  <trkpt lat="44.69383787" lon="-0.80780550"><ele>269.972</ele><time>2026-08-22T08:46:16Z</time><speed>19.360</speed><sat>29</sat></trkpt>
  <trkpt lat="44.69391551" lon="-0.80759057"><ele>270.262</ele><time>2026-08-22T08:46:17Z</time><speed>18.850</speed><sat>25</sat></trkpt>
  <trkpt lat="44.69399215" lon="-0.80738615"><ele>271.252</ele><time>2026-08-22T08:46:18Z</time><speed>18.260</speed><sat>26</sat></trkpt>
  <trkpt lat="44.69406982" lon="-0.80719748"><ele>271.756</ele><time>2026-08-22T08:46:19Z</time><speed>17.800</speed><sat>27</sat></trkpt>
  <trkpt lat="44.69415684" lon="-0.80700594"><ele>271.892</ele><time>2026-08-22T08:46:20Z</time><speed>17.670</speed><sat>27</sat></trkpt>
  <trkpt lat="44.69423926" lon="-0.80681978"><ele>271.629</ele><time>2026-08-22T08:46:21Z</time><speed>17.500</speed><sat>28</sat></trkpt>
  <trkpt lat="44.69432566" lon="-0.80663478"><ele>270.583</ele><time>2026-08-22T08:46:22Z</time><speed>17.500</speed><sat>27</sat></trkpt>
  <trkpt lat="44.69442214" lon="-0.80645519"><ele>269.434</ele><time>2026-08-22T08:46:23Z</time><speed>17.880</speed><sat>26</sat></trkpt>
  <trkpt lat="44.69452111" lon="-0.80627375"><ele>267.159</ele><time>2026-08-22T08:46:24Z</time><speed>18.530</speed><sat>26</sat></trkpt>
  <trkpt lat="44.69463155" lon="-0.80609065"><ele>265.694</ele><time>2026-08-22T08:46:25Z</time><speed>18.860</speed><sat>27</sat></trkpt>
  <trkpt lat="44.69475248" lon="-0.80591473"><ele>264.360</ele><time>2026-08-22T08:46:26Z</time><speed>19.080</speed><sat>27</sat></trkpt>
  <trkpt lat="44.69487650" lon="-0.80575056"><ele>263.594</ele><time>2026-08-22T08:46:27Z</time><speed>19.090</speed><sat>29</sat></trkpt>
  <trkpt lat="44.69500372" lon="-0.80559424"><ele>263.073</ele><time>2026-08-22T08:46:28Z</time><speed>19.040</speed><sat>31</sat></trkpt>
  <trkpt lat="44.69513306" lon="-0.80543114"><ele>262.977</ele><time>2026-08-22T08:46:29Z</time><speed>19.000</speed><sat>30</sat></trkpt>
  <trkpt lat="44.69524923" lon="-0.80525889"><ele>262.100</ele><time>2026-08-22T08:46:30Z</time><speed>18.740</speed><sat>32</sat></trkpt>
  <trkpt lat="44.69535930" lon="-0.80508002"><ele>261.203</ele><time>2026-08-22T08:46:31Z</time><speed>18.510</speed><sat>31</sat></trkpt>
  <trkpt lat="44.69546048" lon="-0.80489649"><ele>259.854</ele><time>2026-08-22T08:46:32Z</time><speed>18.430</speed><sat>30</sat></trkpt>
  <trkpt lat="44.69555745" lon="-0.80470095"><ele>258.740</ele><time>2026-08-22T08:46:33Z</time><speed>18.390</speed><sat>28</sat></trkpt>
  <trkpt lat="44.69564482" lon="-0.80450541"><ele>258.592</ele><time>2026-08-22T08:46:34Z</time><speed>18.360</speed><sat>27</sat></trkpt>
  <trkpt lat="44.69571832" lon="-0.80430620"><ele>257.731</ele><time>2026-08-22T08:46:35Z</time><speed>18.060</speed><sat>29</sat></trkpt>
  <trkpt lat="44.69579448" lon="-0.80410869"><ele>257.104</ele><time>2026-08-22T08:46:36Z</time><speed>17.910</speed><sat>28</sat></trkpt>
  <trkpt lat="44.69586615" lon="-0.80390873"><ele>256.191</ele><time>2026-08-22T08:46:37Z</time><speed>17.730</speed><sat>30</sat></trkpt>
  <trkpt lat="44.69592929" lon="-0.80370690"><ele>254.773</ele><time>2026-08-22T08:46:38Z</time><speed>17.530</speed><sat>31</sat></trkpt>
  <trkpt lat="44.69599499" lon="-0.80350972"><ele>253.551</ele><time>2026-08-22T08:46:39Z</time><speed>17.570</speed><sat>31</sat></trkpt>
  <trkpt lat="44.69605605" lon="-0.80330737"><ele>251.828</ele><time>2026-08-22T08:46:40Z</time><speed>17.740</speed><sat>31</sat></trkpt>
  <trkpt lat="44.69612530" lon="-0.80309689"><ele>250.108</ele><time>2026-08-22T08:46:41Z</time><speed>18.040</speed><sat>30</sat></trkpt>
  <trkpt lat="44.69619784" lon="-0.80288954"><ele>248.533</ele><time>2026-08-22T08:46:42Z</time><speed>18.390</speed><sat>28</sat></trkpt>
  <trkpt lat="44.69627282" lon="-0.80268312"><ele>247.539</ele><time>2026-08-22T08:46:43Z</time><speed>18.500</speed><sat>31</sat></trkpt>
  <trkpt lat="44.69634918" lon="-0.80248022"><ele>247.191</ele><time>2026-08-22T08:46:44Z</time><speed>18.420</speed><sat>31</sat></trkpt>
  <trkpt lat="44.69643025" lon="-0.80228370"><ele>247.292</ele><time>2026-08-22T08:46:45Z</time><speed>18.270</speed><sat>29</sat></trkpt>
  <trkpt lat="44.69651271" lon="-0.80208305"><ele>246.985</ele><time>2026-08-22T08:46:46Z</time><speed>18.140</speed><sat>28</sat></trkpt>
  <trkpt lat="44.69659449" lon="-0.80188909"><ele>246.241</ele><time>2026-08-22T08:46:47Z</time><speed>17.990</speed><sat>28</sat></trkpt>
  <trkpt lat="44.69668180" lon="-0.80169339"><ele>244.721</ele><time>2026-08-22T08:46:48Z</time><speed>18.300</speed><sat>28</sat></trkpt>
  <trkpt lat="44.69677201" lon="-0.80148473"><ele>241.916</ele><time>2026-08-22T08:46:49Z</time><speed>18.740</speed><sat>27</sat></trkpt>
  <trkpt lat="44.69686964" lon="-0.80127899"><ele>239.923</ele><time>2026-08-22T08:46:50Z</time><speed>19.280</speed><sat>28</sat></trkpt>
  <trkpt lat="44.69697033" lon="-0.80107138"><ele>239.324</ele><time>2026-08-22T08:46:51Z</time><speed>19.660</speed><sat>28</sat></trkpt>
  <trkpt lat="44.69707075" lon="-0.80087156"><ele>239.349</ele><time>2026-08-22T08:46:52Z</time><speed>19.830</speed><sat>28</sat></trkpt>
  <trkpt lat="44.69717255" lon="-0.80067518"><ele>240.838</ele><time>2026-08-22T08:46:53Z</time><speed>19.450</speed><sat>29</sat></trkpt>
  <trkpt lat="44.69727468" lon="-0.80049085"><ele>242.406</ele><time>2026-08-22T08:46:54Z</time><speed>18.570</speed><sat>28</sat></trkpt>
  <trkpt lat="44.69738399" lon="-0.80031469"><ele>244.062</ele><time>2026-08-22T08:46:55Z</time><speed>18.520</speed><sat>29</sat></trkpt>
  <trkpt lat="44.69749668" lon="-0.80014547"><ele>245.112</ele><time>2026-08-22T08:46:56Z</time><speed>18.690</speed><sat>29</sat></trkpt>
  <trkpt lat="44.69761689" lon="-0.79997094"><ele>245.418</ele><time>2026-08-22T08:46:57Z</time><speed>19.120</speed><sat>29</sat></trkpt>
  <trkpt lat="44.69774384" lon="-0.79980296"><ele>245.029</ele><time>2026-08-22T08:46:58Z</time><speed>19.570</speed><sat>31</sat></trkpt>
  <trkpt lat="44.69787882" lon="-0.79963666"><ele>244.261</ele><time>2026-08-22T08:46:59Z</time><speed>19.920</speed><sat>29</sat></trkpt>
  <trkpt lat="44.69801669" lon="-0.79947600"><ele>242.647</ele><time>2026-08-22T08:47:00Z</time><speed>20.320</speed><sat>30</sat></trkpt>
  <trkpt lat="44.69816221" lon="-0.79930958"><ele>241.616</ele><time>2026-08-22T08:47:01Z</time><speed>20.620</speed><sat>32</sat></trkpt>
  <trkpt lat="44.69831282" lon="-0.79914149"><ele>239.980</ele><time>2026-08-22T08:47:02Z</time><speed>21.310</speed><sat>31</sat></trkpt>
  <trkpt lat="44.69847267" lon="-0.79897865"><ele>237.838</ele><time>2026-08-22T08:47:03Z</time><speed>21.940</speed><sat>31</sat></trkpt>
  <trkpt lat="44.69864299" lon="-0.79882447"><ele>236.464</ele><time>2026-08-22T08:47:04Z</time><speed>22.560</speed><sat>32</sat></trkpt>
  <trkpt lat="44.69882250" lon="-0.79868108"><ele>236.288</ele><time>2026-08-22T08:47:05Z</time><speed>22.970</speed><sat>28</sat></trkpt>
  <trkpt lat="44.69900518" lon="-0.79857712"><ele>237.629</ele><time>2026-08-22T08:47:06Z</time><speed>21.760</speed><sat>30</sat></trkpt>
  <trkpt lat="44.69918307" lon="-0.79849944"><ele>239.755</ele><time>2026-08-22T08:47:07Z</time><speed>20.690</speed><sat>31</sat></trkpt>
  <trkpt lat="44.69936244" lon="-0.79844937"><ele>241.346</ele><time>2026-08-22T08:47:08Z</time><speed>20.160</speed><sat>28</sat></trkpt>
  <trkpt lat="44.69954651" lon="-0.79841067"><ele>242.252</ele><time>2026-08-22T08:47:09Z</time><speed>20.560</speed><sat>29</sat></trkpt>
  <trkpt lat="44.69974065" lon="-0.79837966"><ele>241.436</ele><time>2026-08-22T08:47:10Z</time><speed>21.260</speed><sat>29</sat></trkpt>
  <trkpt lat="44.69993719" lon="-0.79836955"><ele>240.517</ele><time>2026-08-22T08:47:11Z</time><speed>22.070</speed><sat>28</sat></trkpt>
  <trkpt lat="44.70013802" lon="-0.79834358"><ele>239.572</ele><time>2026-08-22T08:47:12Z</time><speed>22.280</speed><sat>29</sat></trkpt>
  <trkpt lat="44.70034019" lon="-0.79830392"><ele>239.658</ele><time>2026-08-22T08:47:13Z</time><speed>21.910</speed><sat>34</sat></trkpt>
  <trkpt lat="44.70051984" lon="-0.79824640"><ele>241.290</ele><time>2026-08-22T08:47:14Z</time><speed>20.580</speed><sat>29</sat></trkpt>
  <trkpt lat="44.70068587" lon="-0.79816689"><ele>242.669</ele><time>2026-08-22T08:47:15Z</time><speed>19.300</speed><sat>32</sat></trkpt>
  <trkpt lat="44.70083371" lon="-0.79806081"><ele>243.006</ele><time>2026-08-22T08:47:16Z</time><speed>18.190</speed><sat>31</sat></trkpt>
  <trkpt lat="44.70096614" lon="-0.79794127"><ele>242.507</ele><time>2026-08-22T08:47:17Z</time><speed>17.550</speed><sat>33</sat></trkpt>
  <trkpt lat="44.70108558" lon="-0.79779585"><ele>240.469</ele><time>2026-08-22T08:47:18Z</time><speed>17.700</speed><sat>34</sat></trkpt>
  <trkpt lat="44.70119379" lon="-0.79762186"><ele>236.480</ele><time>2026-08-22T08:47:19Z</time><speed>18.280</speed><sat>32</sat></trkpt>
  <trkpt lat="44.70127746" lon="-0.79741444"><ele>232.661</ele><time>2026-08-22T08:47:20Z</time><speed>19.090</speed><sat>30</sat></trkpt>
  <trkpt lat="44.70133273" lon="-0.79718049"><ele>229.437</ele><time>2026-08-22T08:47:21Z</time><speed>19.650</speed><sat>31</sat></trkpt>
  <trkpt lat="44.70135626" lon="-0.79692831"><ele>227.585</ele><time>2026-08-22T08:47:22Z</time><speed>19.880</speed><sat>31</sat></trkpt>
  <trkpt lat="44.70134937" lon="-0.79668055"><ele>227.506</ele><time>2026-08-22T08:47:23Z</time><speed>19.530</speed><sat>32</sat></trkpt>
  <trkpt lat="44.70132771" lon="-0.79644912"><ele>229.657</ele><time>2026-08-22T08:47:24Z</time><speed>18.040</speed><sat>31</sat></trkpt>
  <trkpt lat="44.70129192" lon="-0.79623959"><ele>232.456</ele><time>2026-08-22T08:47:25Z</time><speed>16.860</speed><sat>31</sat></trkpt>
  <trkpt lat="44.70124802" lon="-0.79604351"><ele>234.451</ele><time>2026-08-22T08:47:26Z</time><speed>15.720</speed><sat>29</sat></trkpt>
  <trkpt lat="44.70118601" lon="-0.79585872"><ele>234.879</ele><time>2026-08-22T08:47:27Z</time><speed>15.720</speed><sat>29</sat></trkpt>
  <trkpt lat="44.70111719" lon="-0.79568059"><ele>234.666</ele><time>2026-08-22T08:47:28Z</time><speed>16.240</speed><sat>29</sat></trkpt>
  <trkpt lat="44.70102977" lon="-0.79550013"><ele>233.225</ele><time>2026-08-22T08:47:29Z</time><speed>17.150</speed><sat>29</sat></trkpt>
  <trkpt lat="44.70092695" lon="-0.79532021"><ele>231.449</ele><time>2026-08-22T08:47:30Z</time><speed>18.160</speed><sat>29</sat></trkpt>
  <trkpt lat="44.70081639" lon="-0.79514110"><ele>229.826</ele><time>2026-08-22T08:47:31Z</time><speed>18.810</speed><sat>29</sat></trkpt>
  <trkpt lat="44.70071561" lon="-0.79495670"><ele>229.054</ele><time>2026-08-22T08:47:32Z</time><speed>18.630</speed><sat>29</sat></trkpt>
  <trkpt lat="44.70062409" lon="-0.79476537"><ele>228.272</ele><time>2026-08-22T08:47:33Z</time><speed>18.470</speed><sat>29</sat></trkpt>
  <trkpt lat="44.70055078" lon="-0.79455575"><ele>227.079</ele><time>2026-08-22T08:47:34Z</time><speed>18.530</speed><sat>30</sat></trkpt>
  <trkpt lat="44.70049199" lon="-0.79433381"><ele>225.652</ele><time>2026-08-22T08:47:35Z</time><speed>18.480</speed><sat>29</sat></trkpt>
  <trkpt lat="44.70044794" lon="-0.79411324"><ele>225.135</ele><time>2026-08-22T08:47:36Z</time><speed>18.250</speed><sat>26</sat></trkpt>
  <trkpt lat="44.70041180" lon="-0.79389202"><ele>225.194</ele><time>2026-08-22T08:47:37Z</time><speed>17.810</speed><sat>28</sat></trkpt>
  <trkpt lat="44.70037200" lon="-0.79367562"><ele>225.925</ele><time>2026-08-22T08:47:38Z</time><speed>17.310</speed><sat>28</sat></trkpt>
  <trkpt lat="44.70033751" lon="-0.79347075"><ele>225.508</ele><time>2026-08-22T08:47:39Z</time><speed>17.040</speed><sat>27</sat></trkpt>
  <trkpt lat="44.70030991" lon="-0.79326029"><ele>225.988</ele><time>2026-08-22T08:47:40Z</time><speed>16.660</speed><sat>25</sat></trkpt>
  <trkpt lat="44.70028081" lon="-0.79306383"><ele>226.413</ele><time>2026-08-22T08:47:41Z</time><speed>15.920</speed><sat>27</sat></trkpt>
  <trkpt lat="44.70025205" lon="-0.79286504"><ele>226.986</ele><time>2026-08-22T08:47:42Z</time><speed>15.750</speed><sat>26</sat></trkpt>
  <trkpt lat="44.70021793" lon="-0.79266096"><ele>227.999</ele><time>2026-08-22T08:47:43Z</time><speed>15.930</speed><sat>29</sat></trkpt>
  <trkpt lat="44.70018364" lon="-0.79246811"><ele>228.603</ele><time>2026-08-22T08:47:44Z</time><speed>15.740</speed><sat>30</sat></trkpt>
  <trkpt lat="44.70014470" lon="-0.79228270"><ele>229.003</ele><time>2026-08-22T08:47:45Z</time><speed>15.380</speed><sat>31</sat></trkpt>
  <trkpt lat="44.70010160" lon="-0.79209571"><ele>228.977</ele><time>2026-08-22T08:47:46Z</time><speed>15.270</speed><sat>28</sat></trkpt>
  <trkpt lat="44.70005389" lon="-0.79191036"><ele>228.536</ele><time>2026-08-22T08:47:47Z</time><speed>15.770</speed><sat>28</sat></trkpt>
  <trkpt lat="44.70000442" lon="-0.79171314"><ele>227.202</ele><time>2026-08-22T08:47:48Z</time><speed>16.530</speed><sat>27</sat></trkpt>
  <trkpt lat="44.69995229" lon="-0.79150949"><ele>225.997</ele><time>2026-08-22T08:47:49Z</time><speed>17.440</speed><sat>27</sat></trkpt>
  <trkpt lat="44.69989868" lon="-0.79129362"><ele>225.724</ele><time>2026-08-22T08:47:50Z</time><speed>17.990</speed><sat>27</sat></trkpt>
  <trkpt lat="44.69984721" lon="-0.79107424"><ele>224.810</ele><time>2026-08-22T08:47:51Z</time><speed>18.170</speed><sat>31</sat></trkpt>
  <trkpt lat="44.69980540" lon="-0.79085129"><ele>224.389</ele><time>2026-08-22T08:47:52Z</time><speed>18.420</speed><sat>29</sat></trkpt>
  <trkpt lat="44.69976592" lon="-0.79063451"><ele>225.038</ele><time>2026-08-22T08:47:53Z</time><speed>18.480</speed><sat>28</sat></trkpt>
  <trkpt lat="44.69972962" lon="-0.79041386"><ele>226.545</ele><time>2026-08-22T08:47:54Z</time><speed>17.820</speed><sat>30</sat></trkpt>
  <trkpt lat="44.69969832" lon="-0.79020526"><ele>227.978</ele><time>2026-08-22T08:47:55Z</time><speed>16.760</speed><sat>28</sat></trkpt>
  <trkpt lat="44.69967637" lon="-0.79000856"><ele>229.272</ele><time>2026-08-22T08:47:56Z</time><speed>15.840</speed><sat>29</sat></trkpt>
  <trkpt lat="44.69965639" lon="-0.78981437"><ele>228.853</ele><time>2026-08-22T08:47:57Z</time><speed>15.580</speed><sat>30</sat></trkpt>
  <trkpt lat="44.69964303" lon="-0.78961056"><ele>227.367</ele><time>2026-08-22T08:47:58Z</time><speed>15.890</speed><sat>31</sat></trkpt>
  <trkpt lat="44.69963707" lon="-0.78940472"><ele>225.060</ele><time>2026-08-22T08:47:59Z</time><speed>16.650</speed><sat>28</sat></trkpt>
  <trkpt lat="44.69962883" lon="-0.78918617"><ele>221.872</ele><time>2026-08-22T08:48:00Z</time><speed>17.550</speed><sat>27</sat></trkpt>
  <trkpt lat="44.69962657" lon="-0.78896099"><ele>219.511</ele><time>2026-08-22T08:48:01Z</time><speed>18.050</speed><sat>27</sat></trkpt>
  <trkpt lat="44.69963015" lon="-0.78873609"><ele>217.702</ele><time>2026-08-22T08:48:02Z</time><speed>18.320</speed><sat>29</sat></trkpt>
  <trkpt lat="44.69963472" lon="-0.78850537"><ele>216.854</ele><time>2026-08-22T08:48:03Z</time><speed>18.140</speed><sat>30</sat></trkpt>
  <trkpt lat="44.69963930" lon="-0.78827683"><ele>216.774</ele><time>2026-08-22T08:48:04Z</time><speed>17.730</speed><sat>30</sat></trkpt>
  <trkpt lat="44.69964959" lon="-0.78806050"><ele>216.658</ele><time>2026-08-22T08:48:05Z</time><speed>17.230</speed><sat>30</sat></trkpt>
  <trkpt lat="44.69965952" lon="-0.78784654"><ele>216.013</ele><time>2026-08-22T08:48:06Z</time><speed>16.890</speed><sat>30</sat></trkpt>
  <trkpt lat="44.69966871" lon="-0.78763133"><ele>215.185</ele><time>2026-08-22T08:48:07Z</time><speed>16.810</speed><sat>31</sat></trkpt>
  <trkpt lat="44.69968173" lon="-0.78741635"><ele>214.120</ele><time>2026-08-22T08:48:08Z</time><speed>16.770</speed><sat>31</sat></trkpt>
  <trkpt lat="44.69969011" lon="-0.78720488"><ele>212.628</ele><time>2026-08-22T08:48:09Z</time><speed>16.810</speed><sat>30</sat></trkpt>
  <trkpt lat="44.69969129" lon="-0.78698823"><ele>211.606</ele><time>2026-08-22T08:48:10Z</time><speed>16.820</speed><sat>28</sat></trkpt>
  <trkpt lat="44.69968060" lon="-0.78676307"><ele>210.985</ele><time>2026-08-22T08:48:11Z</time><speed>17.050</speed><sat>32</sat></trkpt>
  <trkpt lat="44.69965426" lon="-0.78655405"><ele>210.561</ele><time>2026-08-22T08:48:12Z</time><speed>17.300</speed><sat>33</sat></trkpt>
  <trkpt lat="44.69961783" lon="-0.78634180"><ele>211.129</ele><time>2026-08-22T08:48:13Z</time><speed>17.480</speed><sat>28</sat></trkpt>
  <trkpt lat="44.69956254" lon="-0.78613968"><ele>211.423</ele><time>2026-08-22T08:48:14Z</time><speed>17.230</speed><sat>26</sat></trkpt>
  <trkpt lat="44.69949536" lon="-0.78593995"><ele>211.593</ele><time>2026-08-22T08:48:15Z</time><speed>17.010</speed><sat>29</sat></trkpt>
  <trkpt lat="44.69941926" lon="-0.78575545"><ele>211.437</ele><time>2026-08-22T08:48:16Z</time><speed>17.000</speed><sat>29</sat></trkpt>
  <trkpt lat="44.69932783" lon="-0.78557551"><ele>210.810</ele><time>2026-08-22T08:48:17Z</time><speed>17.420</speed><sat>30</sat></trkpt>
  <trkpt lat="44.69921234" lon="-0.78541937"><ele>209.957</ele><time>2026-08-22T08:48:18Z</time><speed>18.140</speed><sat>30</sat></trkpt>
  <trkpt lat="44.69907124" lon="-0.78528974"><ele>209.699</ele><time>2026-08-22T08:48:19Z</time><speed>19.220</speed><sat>29</sat></trkpt>
  <trkpt lat="44.69890328" lon="-0.78520233"><ele>209.270</ele><time>2026-08-22T08:48:20Z</time><speed>20.430</speed><sat>33</sat></trkpt>
  <trkpt lat="44.69871213" lon="-0.78513922"><ele>208.656</ele><time>2026-08-22T08:48:21Z</time><speed>21.700</speed><sat>35</sat></trkpt>
  <trkpt lat="44.69851144" lon="-0.78511843"><ele>208.577</ele><time>2026-08-22T08:48:22Z</time><speed>22.270</speed><sat>29</sat></trkpt>
  <trkpt lat="44.69830660" lon="-0.78513819"><ele>209.625</ele><time>2026-08-22T08:48:23Z</time><speed>22.290</speed><sat>32</sat></trkpt>
  <trkpt lat="44.69810834" lon="-0.78519237"><ele>211.902</ele><time>2026-08-22T08:48:24Z</time><speed>22.230</speed><sat>31</sat></trkpt>
  <trkpt lat="44.69792292" lon="-0.78528214"><ele>213.530</ele><time>2026-08-22T08:48:25Z</time><speed>22.070</speed><sat>31</sat></trkpt>
  <trkpt lat="44.69773987" lon="-0.78542071"><ele>213.784</ele><time>2026-08-22T08:48:26Z</time><speed>22.600</speed><sat>31</sat></trkpt>
  <trkpt lat="44.69756672" lon="-0.78561121"><ele>212.374</ele><time>2026-08-22T08:48:27Z</time><speed>23.700</speed><sat>32</sat></trkpt>
  <trkpt lat="44.69741332" lon="-0.78584173"><ele>210.256</ele><time>2026-08-22T08:48:28Z</time><speed>24.960</speed><sat>30</sat></trkpt>
  <trkpt lat="44.69728145" lon="-0.78610550"><ele>207.638</ele><time>2026-08-22T08:48:29Z</time><speed>26.260</speed><sat>33</sat></trkpt>
  <trkpt lat="44.69717721" lon="-0.78642007"><ele>205.795</ele><time>2026-08-22T08:48:30Z</time><speed>27.330</speed><sat>31</sat></trkpt>
  <trkpt lat="44.69709621" lon="-0.78674327"><ele>206.175</ele><time>2026-08-22T08:48:31Z</time><speed>27.520</speed><sat>31</sat></trkpt>
  <trkpt lat="44.69702635" lon="-0.78706429"><ele>207.536</ele><time>2026-08-22T08:48:32Z</time><speed>26.760</speed><sat>32</sat></trkpt>
  <trkpt lat="44.69697965" lon="-0.78738331"><ele>209.035</ele><time>2026-08-22T08:48:33Z</time><speed>25.480</speed><sat>32</sat></trkpt>
  <trkpt lat="44.69695238" lon="-0.78769278"><ele>209.203</ele><time>2026-08-22T08:48:34Z</time><speed>24.640</speed><sat>34</sat></trkpt>
  <trkpt lat="44.69693814" lon="-0.78799538"><ele>208.593</ele><time>2026-08-22T08:48:35Z</time><speed>24.250</speed><sat>31</sat></trkpt>
  <trkpt lat="44.69694614" lon="-0.78830354"><ele>206.640</ele><time>2026-08-22T08:48:36Z</time><speed>24.470</speed><sat>29</sat></trkpt>
  <trkpt lat="44.69697547" lon="-0.78861208"><ele>204.381</ele><time>2026-08-22T08:48:37Z</time><speed>24.800</speed><sat>28</sat></trkpt>
  <trkpt lat="44.69701714" lon="-0.78892656"><ele>201.945</ele><time>2026-08-22T08:48:38Z</time><speed>25.360</speed><sat>29</sat></trkpt>
  <trkpt lat="44.69705941" lon="-0.78925241"><ele>200.280</ele><time>2026-08-22T08:48:39Z</time><speed>25.950</speed><sat>30</sat></trkpt>
  <trkpt lat="44.69710004" lon="-0.78958073"><ele>199.281</ele><time>2026-08-22T08:48:40Z</time><speed>26.100</speed><sat>26</sat></trkpt>
  <trkpt lat="44.69713026" lon="-0.78990812"><ele>199.030</ele><time>2026-08-22T08:48:41Z</time><speed>25.760</speed><sat>28</sat></trkpt>
  <trkpt lat="44.69714700" lon="-0.79023240"><ele>199.097</ele><time>2026-08-22T08:48:42Z</time><speed>25.500</speed><sat>29</sat></trkpt>
  <trkpt lat="44.69714546" lon="-0.79055595"><ele>198.294</ele><time>2026-08-22T08:48:43Z</time><speed>25.640</speed><sat>26</sat></trkpt>
  <trkpt lat="44.69712697" lon="-0.79088941"><ele>197.795</ele><time>2026-08-22T08:48:44Z</time><speed>25.930</speed><sat>25</sat></trkpt>
  <trkpt lat="44.69708546" lon="-0.79121104"><ele>196.473</ele><time>2026-08-22T08:48:45Z</time><speed>26.050</speed><sat>26</sat></trkpt>
  <trkpt lat="44.69701502" lon="-0.79152834"><ele>195.956</ele><time>2026-08-22T08:48:46Z</time><speed>26.150</speed><sat>27</sat></trkpt>
  <trkpt lat="44.69694130" lon="-0.79184387"><ele>195.943</ele><time>2026-08-22T08:48:47Z</time><speed>26.180</speed><sat>30</sat></trkpt>
  <trkpt lat="44.69685762" lon="-0.79215515"><ele>196.280</ele><time>2026-08-22T08:48:48Z</time><speed>26.050</speed><sat>31</sat></trkpt>
  <trkpt lat="44.69677363" lon="-0.79245917"><ele>197.061</ele><time>2026-08-22T08:48:49Z</time><speed>25.840</speed><sat>29</sat></trkpt>
  <trkpt lat="44.69668863" lon="-0.79275635"><ele>198.746</ele><time>2026-08-22T08:48:50Z</time><speed>25.520</speed><sat>30</sat></trkpt>
  <trkpt lat="44.69660212" lon="-0.79305292"><ele>200.073</ele><time>2026-08-22T08:48:51Z</time><speed>25.280</speed><sat>29</sat></trkpt>
  <trkpt lat="44.69650977" lon="-0.79334097"><ele>201.300</ele><time>2026-08-22T08:48:52Z</time><speed>25.060</speed><sat>29</sat></trkpt>
  <trkpt lat="44.69640671" lon="-0.79362671"><ele>202.721</ele><time>2026-08-22T08:48:53Z</time><speed>25.100</speed><sat>28</sat></trkpt>
  <trkpt lat="44.69629779" lon="-0.79391049"><ele>203.101</ele><time>2026-08-22T08:48:54Z</time><speed>25.570</speed><sat>30</sat></trkpt>
  <trkpt lat="44.69617960" lon="-0.79419973"><ele>203.339</ele><time>2026-08-22T08:48:55Z</time><speed>26.130</speed><sat>29</sat></trkpt>
  <trkpt lat="44.69604745" lon="-0.79448115"><ele>204.719</ele><time>2026-08-22T08:48:56Z</time><speed>26.440</speed><sat>30</sat></trkpt>
  <trkpt lat="44.69591217" lon="-0.79475053"><ele>206.318</ele><time>2026-08-22T08:48:57Z</time><speed>26.460</speed><sat>29</sat></trkpt>
  <trkpt lat="44.69578143" lon="-0.79502428"><ele>208.991</ele><time>2026-08-22T08:48:58Z</time><speed>25.880</speed><sat>30</sat></trkpt>
  <trkpt lat="44.69565986" lon="-0.79529023"><ele>212.063</ele><time>2026-08-22T08:48:59Z</time><speed>24.830</speed><sat>29</sat></trkpt>
  <trkpt lat="44.69555192" lon="-0.79554697"><ele>215.341</ele><time>2026-08-22T08:49:00Z</time><speed>23.750</speed><sat>29</sat></trkpt>
  <trkpt lat="44.69544797" lon="-0.79579857"><ele>217.789</ele><time>2026-08-22T08:49:01Z</time><speed>23.040</speed><sat>30</sat></trkpt>
  <trkpt lat="44.69535211" lon="-0.79605845"><ele>218.389</ele><time>2026-08-22T08:49:02Z</time><speed>22.980</speed><sat>33</sat></trkpt>
  <trkpt lat="44.69526647" lon="-0.79633120"><ele>218.765</ele><time>2026-08-22T08:49:03Z</time><speed>23.490</speed><sat>31</sat></trkpt>
  <trkpt lat="44.69517573" lon="-0.79660601"><ele>217.934</ele><time>2026-08-22T08:49:04Z</time><speed>24.190</speed><sat>29</sat></trkpt>
  <trkpt lat="44.69508814" lon="-0.79689313"><ele>217.876</ele><time>2026-08-22T08:49:05Z</time><speed>24.750</speed><sat>30</sat></trkpt>
  <trkpt lat="44.69499770" lon="-0.79717589"><ele>218.157</ele><time>2026-08-22T08:49:06Z</time><speed>24.910</speed><sat>32</sat></trkpt>
  <trkpt lat="44.69490297" lon="-0.79745919"><ele>218.398</ele><time>2026-08-22T08:49:07Z</time><speed>24.930</speed><sat>29</sat></trkpt>
  <trkpt lat="44.69479801" lon="-0.79773883"><ele>218.635</ele><time>2026-08-22T08:49:08Z</time><speed>25.050</speed><sat>32</sat></trkpt>
  <trkpt lat="44.69468784" lon="-0.79800901"><ele>218.872</ele><time>2026-08-22T08:49:09Z</time><speed>24.930</speed><sat>30</sat></trkpt>
  <trkpt lat="44.69457012" lon="-0.79827394"><ele>219.836</ele><time>2026-08-22T08:49:10Z</time><speed>24.750</speed><sat>32</sat></trkpt>
  <trkpt lat="44.69446120" lon="-0.79854120"><ele>221.117</ele><time>2026-08-22T08:49:11Z</time><speed>24.430</speed><sat>29</sat></trkpt>
  <trkpt lat="44.69435925" lon="-0.79881702"><ele>221.739</ele><time>2026-08-22T08:49:12Z</time><speed>24.430</speed><sat>32</sat></trkpt>
  <trkpt lat="44.69426709" lon="-0.79910079"><ele>222.056</ele><time>2026-08-22T08:49:13Z</time><speed>24.600</speed><sat>33</sat></trkpt>
  <trkpt lat="44.69417850" lon="-0.79940013"><ele>221.171</ele><time>2026-08-22T08:49:14Z</time><speed>25.080</speed><sat>30</sat></trkpt>
  <trkpt lat="44.69409883" lon="-0.79970067"><ele>220.863</ele><time>2026-08-22T08:49:15Z</time><speed>25.630</speed><sat>30</sat></trkpt>
  <trkpt lat="44.69402384" lon="-0.80000543"><ele>220.752</ele><time>2026-08-22T08:49:16Z</time><speed>25.850</speed><sat>32</sat></trkpt>
  <trkpt lat="44.69394870" lon="-0.80031356"><ele>221.270</ele><time>2026-08-22T08:49:17Z</time><speed>26.220</speed><sat>30</sat></trkpt>
  <trkpt lat="44.69386817" lon="-0.80063367"><ele>221.112</ele><time>2026-08-22T08:49:18Z</time><speed>26.280</speed><sat>31</sat></trkpt>
  <trkpt lat="44.69379750" lon="-0.80094249"><ele>221.759</ele><time>2026-08-22T08:49:19Z</time><speed>26.250</speed><sat>32</sat></trkpt>
  <trkpt lat="44.69372341" lon="-0.80125363"><ele>222.530</ele><time>2026-08-22T08:49:20Z</time><speed>26.020</speed><sat>32</sat></trkpt>
  <trkpt lat="44.69365360" lon="-0.80156598"><ele>223.622</ele><time>2026-08-22T08:49:21Z</time><speed>25.900</speed><sat>31</sat></trkpt>
  <trkpt lat="44.69358569" lon="-0.80188400"><ele>224.358</ele><time>2026-08-22T08:49:22Z</time><speed>25.980</speed><sat>30</sat></trkpt>
  <trkpt lat="44.69352240" lon="-0.80219970"><ele>224.818</ele><time>2026-08-22T08:49:23Z</time><speed>26.130</speed><sat>32</sat></trkpt>
  <trkpt lat="44.69347254" lon="-0.80252419"><ele>224.602</ele><time>2026-08-22T08:49:24Z</time><speed>26.440</speed><sat>32</sat></trkpt>
  <trkpt lat="44.69343417" lon="-0.80284898"><ele>225.322</ele><time>2026-08-22T08:49:25Z</time><speed>26.570</speed><sat>30</sat></trkpt>
  <trkpt lat="44.69340277" lon="-0.80317308"><ele>226.992</ele><time>2026-08-22T08:49:26Z</time><speed>26.210</speed><sat>32</sat></trkpt>
  <trkpt lat="44.69338068" lon="-0.80350069"><ele>229.010</ele><time>2026-08-22T08:49:27Z</time><speed>25.790</speed><sat>32</sat></trkpt>
  <trkpt lat="44.69336126" lon="-0.80382398"><ele>230.660</ele><time>2026-08-22T08:49:28Z</time><speed>25.770</speed><sat>30</sat></trkpt>
  <trkpt lat="44.69335019" lon="-0.80415311"><ele>231.144</ele><time>2026-08-22T08:49:29Z</time><speed>26.030</speed><sat>30</sat></trkpt>
  <trkpt lat="44.69334388" lon="-0.80449399"><ele>231.169</ele><time>2026-08-22T08:49:30Z</time><speed>26.560</speed><sat>29</sat></trkpt>
  <trkpt lat="44.69333263" lon="-0.80483740"><ele>230.812</ele><time>2026-08-22T08:49:31Z</time><speed>26.700</speed><sat>31</sat></trkpt>
  <trkpt lat="44.69332248" lon="-0.80517510"><ele>232.185</ele><time>2026-08-22T08:49:32Z</time><speed>26.590</speed><sat>29</sat></trkpt>
  <trkpt lat="44.69330590" lon="-0.80551067"><ele>233.733</ele><time>2026-08-22T08:49:33Z</time><speed>26.540</speed><sat>29</sat></trkpt>
  <trkpt lat="44.69328195" lon="-0.80583819"><ele>234.904</ele><time>2026-08-22T08:49:34Z</time><speed>26.250</speed><sat>29</sat></trkpt>
  <trkpt lat="44.69325228" lon="-0.80616496"><ele>235.717</ele><time>2026-08-22T08:49:35Z</time><speed>26.380</speed><sat>28</sat></trkpt>
  <trkpt lat="44.69320877" lon="-0.80649697"><ele>236.655</ele><time>2026-08-22T08:49:36Z</time><speed>26.620</speed><sat>31</sat></trkpt>
  <trkpt lat="44.69315818" lon="-0.80683023"><ele>236.938</ele><time>2026-08-22T08:49:37Z</time><speed>26.950</speed><sat>29</sat></trkpt>
  <trkpt lat="44.69309891" lon="-0.80715508"><ele>237.511</ele><time>2026-08-22T08:49:38Z</time><speed>26.940</speed><sat>30</sat></trkpt>
  <trkpt lat="44.69303948" lon="-0.80748159"><ele>239.313</ele><time>2026-08-22T08:49:39Z</time><speed>26.700</speed><sat>30</sat></trkpt>
  <trkpt lat="44.69297530" lon="-0.80780069"><ele>240.646</ele><time>2026-08-22T08:49:40Z</time><speed>26.330</speed><sat>33</sat></trkpt>
  <trkpt lat="44.69290838" lon="-0.80811684"><ele>242.745</ele><time>2026-08-22T08:49:41Z</time><speed>25.830</speed><sat>33</sat></trkpt>
  <trkpt lat="44.69283843" lon="-0.80842126"><ele>245.200</ele><time>2026-08-22T08:49:42Z</time><speed>25.450</speed><sat>33</sat></trkpt>
  <trkpt lat="44.69277282" lon="-0.80872731"><ele>247.367</ele><time>2026-08-22T08:49:43Z</time><speed>25.490</speed><sat>33</sat></trkpt>
  <trkpt lat="44.69270897" lon="-0.80903926"><ele>248.682</ele><time>2026-08-22T08:49:44Z</time><speed>25.490</speed><sat>32</sat></trkpt>
  <trkpt lat="44.69264753" lon="-0.80935352"><ele>249.730</ele><time>2026-08-22T08:49:45Z</time><speed>25.670</speed><sat>32</sat></trkpt>
  <trkpt lat="44.69258774" lon="-0.80966219"><ele>249.503</ele><time>2026-08-22T08:49:46Z</time><speed>25.870</speed><sat>31</sat></trkpt>
  <trkpt lat="44.69252970" lon="-0.80998299"><ele>250.323</ele><time>2026-08-22T08:49:47Z</time><speed>26.220</speed><sat>30</sat></trkpt>
  <trkpt lat="44.69247712" lon="-0.81030420"><ele>251.198</ele><time>2026-08-22T08:49:48Z</time><speed>26.480</speed><sat>32</sat></trkpt>
  <trkpt lat="44.69243971" lon="-0.81062421"><ele>251.946</ele><time>2026-08-22T08:49:49Z</time><speed>25.950</speed><sat>34</sat></trkpt>
  <trkpt lat="44.69240029" lon="-0.81094233"><ele>252.236</ele><time>2026-08-22T08:49:50Z</time><speed>25.690</speed><sat>29</sat></trkpt>
  <trkpt lat="44.69237314" lon="-0.81126425"><ele>251.308</ele><time>2026-08-22T08:49:51Z</time><speed>25.570</speed><sat>30</sat></trkpt>
  <trkpt lat="44.69235768" lon="-0.81158953"><ele>250.395</ele><time>2026-08-22T08:49:52Z</time><speed>25.810</speed><sat>31</sat></trkpt>
  <trkpt lat="44.69234359" lon="-0.81192176"><ele>249.449</ele><time>2026-08-22T08:49:53Z</time><speed>26.300</speed><sat>30</sat></trkpt>
  <trkpt lat="44.69233315" lon="-0.81226167"><ele>248.379</ele><time>2026-08-22T08:49:54Z</time><speed>26.720</speed><sat>30</sat></trkpt>
  <trkpt lat="44.69232828" lon="-0.81260292"><ele>247.379</ele><time>2026-08-22T08:49:55Z</time><speed>26.930</speed><sat>30</sat></trkpt>
  <trkpt lat="44.69232356" lon="-0.81293738"><ele>248.102</ele><time>2026-08-22T08:49:56Z</time><speed>26.700</speed><sat>28</sat></trkpt>
  <trkpt lat="44.69231739" lon="-0.81326958"><ele>249.555</ele><time>2026-08-22T08:49:57Z</time><speed>26.110</speed><sat>28</sat></trkpt>
  <trkpt lat="44.69229794" lon="-0.81359079"><ele>251.797</ele><time>2026-08-22T08:49:58Z</time><speed>25.520</speed><sat>27</sat></trkpt>
  <trkpt lat="44.69225819" lon="-0.81390798"><ele>252.335</ele><time>2026-08-22T08:49:59Z</time><speed>25.150</speed><sat>27</sat></trkpt>
  <trkpt lat="44.69218898" lon="-0.81421196"><ele>250.566</ele><time>2026-08-22T08:50:00Z</time><speed>25.250</speed><sat>29</sat></trkpt>
  <trkpt lat="44.69209861" lon="-0.81450875"><ele>248.905</ele><time>2026-08-22T08:50:01Z</time><speed>25.540</speed><sat>27</sat></trkpt>
  <trkpt lat="44.69197164" lon="-0.81479340"><ele>246.172</ele><time>2026-08-22T08:50:02Z</time><speed>25.950</speed><sat>27</sat></trkpt>
  <trkpt lat="44.69182299" lon="-0.81504833"><ele>243.869</ele><time>2026-08-22T08:50:03Z</time><speed>26.060</speed><sat>28</sat></trkpt>
  <trkpt lat="44.69165658" lon="-0.81527556"><ele>244.006</ele><time>2026-08-22T08:50:04Z</time><speed>25.780</speed><sat>26</sat></trkpt>
  <trkpt lat="44.69148285" lon="-0.81546701"><ele>245.070</ele><time>2026-08-22T08:50:05Z</time><speed>25.000</speed><sat>28</sat></trkpt>
  <trkpt lat="44.69129971" lon="-0.81563085"><ele>246.881</ele><time>2026-08-22T08:50:06Z</time><speed>23.840</speed><sat>27</sat></trkpt>
  <trkpt lat="44.69111342" lon="-0.81576528"><ele>249.099</ele><time>2026-08-22T08:50:07Z</time><speed>22.510</speed><sat>27</sat></trkpt>
  <trkpt lat="44.69093634" lon="-0.81585548"><ele>251.450</ele><time>2026-08-22T08:50:08Z</time><speed>21.400</speed><sat>26</sat></trkpt>
  <trkpt lat="44.69075734" lon="-0.81591519"><ele>252.948</ele><time>2026-08-22T08:50:09Z</time><speed>20.860</speed><sat>27</sat></trkpt>
  <trkpt lat="44.69057899" lon="-0.81595697"><ele>253.420</ele><time>2026-08-22T08:50:10Z</time><speed>20.990</speed><sat>31</sat></trkpt>
  <trkpt lat="44.69038679" lon="-0.81599606"><ele>252.881</ele><time>2026-08-22T08:50:11Z</time><speed>21.550</speed><sat>27</sat></trkpt>
  <trkpt lat="44.69019048" lon="-0.81602872"><ele>252.064</ele><time>2026-08-22T08:50:12Z</time><speed>21.770</speed><sat>31</sat></trkpt>
  <trkpt lat="44.68999314" lon="-0.81605118"><ele>251.386</ele><time>2026-08-22T08:50:13Z</time><speed>22.000</speed><sat>28</sat></trkpt>
  <trkpt lat="44.68979697" lon="-0.81606670"><ele>250.990</ele><time>2026-08-22T08:50:14Z</time><speed>22.220</speed><sat>29</sat></trkpt>
  <trkpt lat="44.68959244" lon="-0.81605415"><ele>250.168</ele><time>2026-08-22T08:50:15Z</time><speed>22.370</speed><sat>28</sat></trkpt>
  <trkpt lat="44.68939222" lon="-0.81602778"><ele>249.350</ele><time>2026-08-22T08:50:16Z</time><speed>22.170</speed><sat>28</sat></trkpt>
  <trkpt lat="44.68919469" lon="-0.81597088"><ele>248.938</ele><time>2026-08-22T08:50:17Z</time><speed>22.070</speed><sat>28</sat></trkpt>
  <trkpt lat="44.68900393" lon="-0.81588749"><ele>248.612</ele><time>2026-08-22T08:50:18Z</time><speed>21.680</speed><sat>27</sat></trkpt>
  <trkpt lat="44.68883262" lon="-0.81577394"><ele>249.275</ele><time>2026-08-22T08:50:19Z</time><speed>21.160</speed><sat>28</sat></trkpt>
  <trkpt lat="44.68868534" lon="-0.81562218"><ele>248.758</ele><time>2026-08-22T08:50:20Z</time><speed>20.320</speed><sat>25</sat></trkpt>
  <trkpt lat="44.68856732" lon="-0.81543830"><ele>247.964</ele><time>2026-08-22T08:50:21Z</time><speed>19.470</speed><sat>26</sat></trkpt>
  <trkpt lat="44.68848872" lon="-0.81522466"><ele>246.612</ele><time>2026-08-22T08:50:22Z</time><speed>18.780</speed><sat>25</sat></trkpt>
  <trkpt lat="44.68845296" lon="-0.81498801"><ele>244.508</ele><time>2026-08-22T08:50:23Z</time><speed>18.660</speed><sat>26</sat></trkpt>
  <trkpt lat="44.68846345" lon="-0.81474582"><ele>241.520</ele><time>2026-08-22T08:50:24Z</time><speed>18.640</speed><sat>26</sat></trkpt>
  <trkpt lat="44.68853885" lon="-0.81451878"><ele>238.097</ele><time>2026-08-22T08:50:25Z</time><speed>19.490</speed><sat>26</sat></trkpt>
  <trkpt lat="44.68866808" lon="-0.81432412"><ele>234.918</ele><time>2026-08-22T08:50:26Z</time><speed>20.690</speed><sat>25</sat></trkpt>
  <trkpt lat="44.68883195" lon="-0.81417649"><ele>230.572</ele><time>2026-08-22T08:50:27Z</time><speed>21.630</speed><sat>24</sat></trkpt>
  <trkpt lat="44.68904149" lon="-0.81407649"><ele>230.109</ele><time>2026-08-22T08:50:28Z</time><speed>24.340</speed><sat>30</sat></trkpt>
  <trkpt lat="44.68924860" lon="-0.81400034"><ele>230.311</ele><time>2026-08-22T08:50:29Z</time><speed>23.430</speed><sat>29</sat></trkpt>
  <trkpt lat="44.68945210" lon="-0.81393015"><ele>232.268</ele><time>2026-08-22T08:50:30Z</time><speed>22.260</speed><sat>31</sat></trkpt>
  <trkpt lat="44.68964739" lon="-0.81387534"><ele>235.315</ele><time>2026-08-22T08:50:31Z</time><speed>21.090</speed><sat>31</sat></trkpt>
  <trkpt lat="44.68982508" lon="-0.81382259"><ele>238.428</ele><time>2026-08-22T08:50:32Z</time><speed>19.810</speed><sat>30</sat></trkpt>
  <trkpt lat="44.68999858" lon="-0.81377174"><ele>240.011</ele><time>2026-08-22T08:50:33Z</time><speed>19.260</speed><sat>33</sat></trkpt>
  <trkpt lat="44.69017270" lon="-0.81371710"><ele>240.042</ele><time>2026-08-22T08:50:34Z</time><speed>19.390</speed><sat>30</sat></trkpt>
  <trkpt lat="44.69034786" lon="-0.81365981"><ele>238.459</ele><time>2026-08-22T08:50:35Z</time><speed>20.210</speed><sat>29</sat></trkpt>
  <trkpt lat="44.69053075" lon="-0.81360440"><ele>236.592</ele><time>2026-08-22T08:50:36Z</time><speed>21.180</speed><sat>31</sat></trkpt>
  <trkpt lat="44.69072393" lon="-0.81354565"><ele>234.891</ele><time>2026-08-22T08:50:37Z</time><speed>21.970</speed><sat>33</sat></trkpt>
  <trkpt lat="44.69091628" lon="-0.81349020"><ele>235.252</ele><time>2026-08-22T08:50:38Z</time><speed>21.970</speed><sat>32</sat></trkpt>
  <trkpt lat="44.69111014" lon="-0.81343243"><ele>236.766</ele><time>2026-08-22T08:50:39Z</time><speed>21.510</speed><sat>34</sat></trkpt>
  <trkpt lat="44.69129699" lon="-0.81337621"><ele>238.816</ele><time>2026-08-22T08:50:40Z</time><speed>21.070</speed><sat>33</sat></trkpt>
  <trkpt lat="44.69147706" lon="-0.81330554"><ele>240.092</ele><time>2026-08-22T08:50:41Z</time><speed>20.620</speed><sat>32</sat></trkpt>
  <trkpt lat="44.69164839" lon="-0.81322649"><ele>241.227</ele><time>2026-08-22T08:50:42Z</time><speed>19.920</speed><sat>34</sat></trkpt>
  <trkpt lat="44.69180377" lon="-0.81312551"><ele>240.444</ele><time>2026-08-22T08:50:43Z</time><speed>19.110</speed><sat>33</sat></trkpt>
  <trkpt lat="44.69194682" lon="-0.81301447"><ele>238.557</ele><time>2026-08-22T08:50:44Z</time><speed>18.650</speed><sat>32</sat></trkpt>
  <trkpt lat="44.69207224" lon="-0.81286151"><ele>235.772</ele><time>2026-08-22T08:50:45Z</time><speed>18.580</speed><sat>34</sat></trkpt>
  <trkpt lat="44.69217906" lon="-0.81267421"><ele>231.745</ele><time>2026-08-22T08:50:46Z</time><speed>18.980</speed><sat>33</sat></trkpt>
  <trkpt lat="44.69225515" lon="-0.81245003"><ele>227.687</ele><time>2026-08-22T08:50:47Z</time><speed>19.690</speed><sat>32</sat></trkpt>
  <trkpt lat="44.69230076" lon="-0.81219854"><ele>223.904</ele><time>2026-08-22T08:50:48Z</time><speed>20.580</speed><sat>34</sat></trkpt>
  <trkpt lat="44.69229584" lon="-0.81192321"><ele>221.501</ele><time>2026-08-22T08:50:49Z</time><speed>21.670</speed><sat>32</sat></trkpt>
  <trkpt lat="44.69224832" lon="-0.81166022"><ele>221.869</ele><time>2026-08-22T08:50:50Z</time><speed>21.750</speed><sat>33</sat></trkpt>
  <trkpt lat="44.69216117" lon="-0.81142200"><ele>224.478</ele><time>2026-08-22T08:50:51Z</time><speed>20.780</speed><sat>31</sat></trkpt>
  <trkpt lat="44.69204812" lon="-0.81122529"><ele>228.022</ele><time>2026-08-22T08:50:52Z</time><speed>19.510</speed><sat>28</sat></trkpt>
  <trkpt lat="44.69191702" lon="-0.81107825"><ele>232.008</ele><time>2026-08-22T08:50:53Z</time><speed>18.540</speed><sat>30</sat></trkpt>
  <trkpt lat="44.69176978" lon="-0.81095658"><ele>233.525</ele><time>2026-08-22T08:50:54Z</time><speed>18.600</speed><sat>28</sat></trkpt>
  <trkpt lat="44.69161082" lon="-0.81085496"><ele>233.680</ele><time>2026-08-22T08:50:55Z</time><speed>19.290</speed><sat>31</sat></trkpt>
  <trkpt lat="44.69144065" lon="-0.81076553"><ele>233.318</ele><time>2026-08-22T08:50:56Z</time><speed>20.210</speed><sat>30</sat></trkpt>
  <trkpt lat="44.69126078" lon="-0.81067936"><ele>233.790</ele><time>2026-08-22T08:50:57Z</time><speed>20.960</speed><sat>29</sat></trkpt>
  <trkpt lat="44.69108392" lon="-0.81058016"><ele>234.681</ele><time>2026-08-22T08:50:58Z</time><speed>21.040</speed><sat>28</sat></trkpt>
  <trkpt lat="44.69091636" lon="-0.81047993"><ele>236.962</ele><time>2026-08-22T08:50:59Z</time><speed>20.340</speed><sat>28</sat></trkpt>
  <trkpt lat="44.69076082" lon="-0.81036717"><ele>238.426</ele><time>2026-08-22T08:51:00Z</time><speed>18.680</speed><sat>29</sat></trkpt>
  <trkpt lat="44.69062851" lon="-0.81024847"><ele>239.673</ele><time>2026-08-22T08:51:01Z</time><speed>17.270</speed><sat>30</sat></trkpt>
  <trkpt lat="44.69050552" lon="-0.81012527"><ele>239.355</ele><time>2026-08-22T08:51:02Z</time><speed>16.580</speed><sat>29</sat></trkpt>
  <trkpt lat="44.69038855" lon="-0.80999747"><ele>236.844</ele><time>2026-08-22T08:51:03Z</time><speed>16.790</speed><sat>29</sat></trkpt>
  <trkpt lat="44.69025962" lon="-0.80986152"><ele>233.815</ele><time>2026-08-22T08:51:04Z</time><speed>17.870</speed><sat>27</sat></trkpt>
  <trkpt lat="44.69012590" lon="-0.80971126"><ele>230.485</ele><time>2026-08-22T08:51:05Z</time><speed>19.240</speed><sat>27</sat></trkpt>
  <trkpt lat="44.68997653" lon="-0.80955337"><ele>228.038</ele><time>2026-08-22T08:51:06Z</time><speed>20.130</speed><sat>26</sat></trkpt>
  <trkpt lat="44.68982297" lon="-0.80938826"><ele>227.577</ele><time>2026-08-22T08:51:07Z</time><speed>20.900</speed><sat>29</sat></trkpt>
  <trkpt lat="44.68967160" lon="-0.80923489"><ele>229.392</ele><time>2026-08-22T08:51:08Z</time><speed>20.420</speed><sat>29</sat></trkpt>
  <trkpt lat="44.68952700" lon="-0.80909380"><ele>231.389</ele><time>2026-08-22T08:51:09Z</time><speed>19.400</speed><sat>29</sat></trkpt>
  <trkpt lat="44.68938736" lon="-0.80896452"><ele>233.911</ele><time>2026-08-22T08:51:10Z</time><speed>18.480</speed><sat>31</sat></trkpt>
  <trkpt lat="44.68924341" lon="-0.80884729"><ele>235.518</ele><time>2026-08-22T08:51:11Z</time><speed>17.880</speed><sat>31</sat></trkpt>
  <trkpt lat="44.68910562" lon="-0.80873555"><ele>236.001</ele><time>2026-08-22T08:51:12Z</time><speed>17.650</speed><sat>30</sat></trkpt>
  <trkpt lat="44.68896491" lon="-0.80861221"><ele>235.587</ele><time>2026-08-22T08:51:13Z</time><speed>17.980</speed><sat>27</sat></trkpt>
  <trkpt lat="44.68882775" lon="-0.80846899"><ele>233.760</ele><time>2026-08-22T08:51:14Z</time><speed>18.660</speed><sat>28</sat></trkpt>
  <trkpt lat="44.68869787" lon="-0.80830117"><ele>231.241</ele><time>2026-08-22T08:51:15Z</time><speed>19.330</speed><sat>26</sat></trkpt>
  <trkpt lat="44.68858001" lon="-0.80811269"><ele>229.333</ele><time>2026-08-22T08:51:16Z</time><speed>19.820</speed><sat>27</sat></trkpt>
  <trkpt lat="44.68848647" lon="-0.80789624"><ele>227.991</ele><time>2026-08-22T08:51:17Z</time><speed>19.930</speed><sat>28</sat></trkpt>
  <trkpt lat="44.68841591" lon="-0.80765881"><ele>227.817</ele><time>2026-08-22T08:51:18Z</time><speed>19.540</speed><sat>28</sat></trkpt>
  <trkpt lat="44.68837947" lon="-0.80742494"><ele>228.624</ele><time>2026-08-22T08:51:19Z</time><speed>18.730</speed><sat>27</sat></trkpt>
  <trkpt lat="44.68837738" lon="-0.80718865"><ele>230.008</ele><time>2026-08-22T08:51:20Z</time><speed>18.280</speed><sat>28</sat></trkpt>
  <trkpt lat="44.68840664" lon="-0.80695956"><ele>231.578</ele><time>2026-08-22T08:51:21Z</time><speed>17.800</speed><sat>28</sat></trkpt>
  <trkpt lat="44.68846923" lon="-0.80674962"><ele>231.078</ele><time>2026-08-22T08:51:22Z</time><speed>17.890</speed><sat>30</sat></trkpt>
  <trkpt lat="44.68855490" lon="-0.80655265"><ele>230.907</ele><time>2026-08-22T08:51:23Z</time><speed>18.520</speed><sat>29</sat></trkpt>
  <trkpt lat="44.68865121" lon="-0.80635595"><ele>230.552</ele><time>2026-08-22T08:51:24Z</time><speed>18.820</speed><sat>29</sat></trkpt>
  <trkpt lat="44.68875874" lon="-0.80617143"><ele>230.181</ele><time>2026-08-22T08:51:25Z</time><speed>18.920</speed><sat>31</sat></trkpt>
  <trkpt lat="44.68887546" lon="-0.80599551"><ele>229.456</ele><time>2026-08-22T08:51:26Z</time><speed>19.220</speed><sat>29</sat></trkpt>
  <trkpt lat="44.68899542" lon="-0.80581040"><ele>228.013</ele><time>2026-08-22T08:51:27Z</time><speed>19.390</speed><sat>31</sat></trkpt>
  <trkpt lat="44.68911822" lon="-0.80563202"><ele>227.476</ele><time>2026-08-22T08:51:28Z</time><speed>19.310</speed><sat>29</sat></trkpt>
  <trkpt lat="44.68922921" lon="-0.80545368"><ele>226.936</ele><time>2026-08-22T08:51:29Z</time><speed>19.010</speed><sat>31</sat></trkpt>
  <trkpt lat="44.68932822" lon="-0.80526528"><ele>226.176</ele><time>2026-08-22T08:51:30Z</time><speed>18.800</speed><sat>31</sat></trkpt>
  <trkpt lat="44.68942718" lon="-0.80507223"><ele>224.935</ele><time>2026-08-22T08:51:31Z</time><speed>18.460</speed><sat>30</sat></trkpt>
  <trkpt lat="44.68950991" lon="-0.80487125"><ele>224.263</ele><time>2026-08-22T08:51:32Z</time><speed>18.150</speed><sat>29</sat></trkpt>
  <trkpt lat="44.68958728" lon="-0.80466460"><ele>224.740</ele><time>2026-08-22T08:51:33Z</time><speed>17.900</speed><sat>31</sat></trkpt>
  <trkpt lat="44.68964861" lon="-0.80446791"><ele>225.107</ele><time>2026-08-22T08:51:34Z</time><speed>16.850</speed><sat>32</sat></trkpt>
  <trkpt lat="44.68970852" lon="-0.80428360"><ele>225.431</ele><time>2026-08-22T08:51:35Z</time><speed>15.880</speed><sat>31</sat></trkpt>
  <trkpt lat="44.68976757" lon="-0.80409695"><ele>225.917</ele><time>2026-08-22T08:51:36Z</time><speed>16.280</speed><sat>31</sat></trkpt>
  <trkpt lat="44.68982260" lon="-0.80389557"><ele>224.337</ele><time>2026-08-22T08:51:37Z</time><speed>17.280</speed><sat>32</sat></trkpt>
  <trkpt lat="44.68988117" lon="-0.80368299"><ele>222.272</ele><time>2026-08-22T08:51:38Z</time><speed>18.670</speed><sat>29</sat></trkpt>
  <trkpt lat="44.68995389" lon="-0.80345518"><ele>221.678</ele><time>2026-08-22T08:51:39Z</time><speed>19.500</speed><sat>28</sat></trkpt>
  <trkpt lat="44.69002859" lon="-0.80322975"><ele>222.413</ele><time>2026-08-22T08:51:40Z</time><speed>19.650</speed><sat>30</sat></trkpt>
  <trkpt lat="44.69011068" lon="-0.80302126"><ele>224.737</ele><time>2026-08-22T08:51:41Z</time><speed>18.700</speed><sat>29</sat></trkpt>
  <trkpt lat="44.69020824" lon="-0.80283536"><ele>227.084</ele><time>2026-08-22T08:51:42Z</time><speed>18.050</speed><sat>33</sat></trkpt>
  <trkpt lat="44.69031861" lon="-0.80266770"><ele>228.054</ele><time>2026-08-22T08:51:43Z</time><speed>17.780</speed><sat>31</sat></trkpt>
  <trkpt lat="44.69044128" lon="-0.80252588"><ele>228.587</ele><time>2026-08-22T08:51:44Z</time><speed>17.810</speed><sat>31</sat></trkpt>
  <trkpt lat="44.69057582" lon="-0.80239919"><ele>227.833</ele><time>2026-08-22T08:51:45Z</time><speed>18.420</speed><sat>29</sat></trkpt>
  <trkpt lat="44.69072998" lon="-0.80228480"><ele>226.517</ele><time>2026-08-22T08:51:46Z</time><speed>19.410</speed><sat>27</sat></trkpt>
  <trkpt lat="44.69090312" lon="-0.80219949"><ele>225.637</ele><time>2026-08-22T08:51:47Z</time><speed>20.600</speed><sat>23</sat></trkpt>
  <trkpt lat="44.69110077" lon="-0.80213716"><ele>224.424</ele><time>2026-08-22T08:51:48Z</time><speed>21.970</speed><sat>29</sat></trkpt>
  <trkpt lat="44.69129757" lon="-0.80210084"><ele>223.041</ele><time>2026-08-22T08:51:49Z</time><speed>22.610</speed><sat>31</sat></trkpt>
  <trkpt lat="44.69150944" lon="-0.80208896"><ele>223.114</ele><time>2026-08-22T08:51:50Z</time><speed>23.170</speed><sat>29</sat></trkpt>
  <trkpt lat="44.69172351" lon="-0.80210489"><ele>223.130</ele><time>2026-08-22T08:51:51Z</time><speed>23.450</speed><sat>28</sat></trkpt>
  <trkpt lat="44.69193581" lon="-0.80215074"><ele>223.233</ele><time>2026-08-22T08:51:52Z</time><speed>23.670</speed><sat>26</sat></trkpt>
  <trkpt lat="44.69214241" lon="-0.80222395"><ele>222.537</ele><time>2026-08-22T08:51:53Z</time><speed>23.880</speed><sat>29</sat></trkpt>
  <trkpt lat="44.69234802" lon="-0.80231624"><ele>222.484</ele><time>2026-08-22T08:51:54Z</time><speed>23.860</speed><sat>29</sat></trkpt>
  <trkpt lat="44.69255000" lon="-0.80242526"><ele>222.682</ele><time>2026-08-22T08:51:55Z</time><speed>23.790</speed><sat>28</sat></trkpt>
  <trkpt lat="44.69275014" lon="-0.80253296"><ele>222.317</ele><time>2026-08-22T08:51:56Z</time><speed>23.930</speed><sat>28</sat></trkpt>
  <trkpt lat="44.69294439" lon="-0.80265937"><ele>221.492</ele><time>2026-08-22T08:51:57Z</time><speed>24.170</speed><sat>29</sat></trkpt>
  <trkpt lat="44.69314215" lon="-0.80280104"><ele>221.479</ele><time>2026-08-22T08:51:58Z</time><speed>24.650</speed><sat>29</sat></trkpt>
  <trkpt lat="44.69333314" lon="-0.80296738"><ele>221.284</ele><time>2026-08-22T08:51:59Z</time><speed>25.060</speed><sat>30</sat></trkpt>
  <trkpt lat="44.69352463" lon="-0.80314623"><ele>221.737</ele><time>2026-08-22T08:52:00Z</time><speed>25.370</speed><sat>30</sat></trkpt>
  <trkpt lat="44.69370158" lon="-0.80335282"><ele>222.200</ele><time>2026-08-22T08:52:01Z</time><speed>25.360</speed><sat>27</sat></trkpt>
  <trkpt lat="44.69386272" lon="-0.80357789"><ele>223.155</ele><time>2026-08-22T08:52:02Z</time><speed>25.280</speed><sat>29</sat></trkpt>
  <trkpt lat="44.69401179" lon="-0.80382243"><ele>224.291</ele><time>2026-08-22T08:52:03Z</time><speed>25.120</speed><sat>32</sat></trkpt>
  <trkpt lat="44.69413912" lon="-0.80408250"><ele>224.890</ele><time>2026-08-22T08:52:04Z</time><speed>25.110</speed><sat>32</sat></trkpt>
  <trkpt lat="44.69424979" lon="-0.80435218"><ele>224.949</ele><time>2026-08-22T08:52:05Z</time><speed>25.000</speed><sat>25</sat></trkpt>
  <trkpt lat="44.69434609" lon="-0.80463840"><ele>225.001</ele><time>2026-08-22T08:52:06Z</time><speed>25.280</speed><sat>29</sat></trkpt>
  <trkpt lat="44.69442674" lon="-0.80493950"><ele>224.406</ele><time>2026-08-22T08:52:07Z</time><speed>25.550</speed><sat>30</sat></trkpt>
  <trkpt lat="44.69449053" lon="-0.80525828"><ele>223.524</ele><time>2026-08-22T08:52:08Z</time><speed>26.110</speed><sat>28</sat></trkpt>
  <trkpt lat="44.69453941" lon="-0.80558442"><ele>222.018</ele><time>2026-08-22T08:52:09Z</time><speed>26.330</speed><sat>28</sat></trkpt>
  <trkpt lat="44.69459395" lon="-0.80591012"><ele>220.829</ele><time>2026-08-22T08:52:10Z</time><speed>26.540</speed><sat>27</sat></trkpt>
  <trkpt lat="44.69465103" lon="-0.80623964"><ele>220.028</ele><time>2026-08-22T08:52:11Z</time><speed>26.510</speed><sat>29</sat></trkpt>
  <trkpt lat="44.69471329" lon="-0.80656170"><ele>219.648</ele><time>2026-08-22T08:52:12Z</time><speed>26.480</speed><sat>30</sat></trkpt>
  <trkpt lat="44.69478416" lon="-0.80688517"><ele>220.164</ele><time>2026-08-22T08:52:13Z</time><speed>26.420</speed><sat>28</sat></trkpt>
  <trkpt lat="44.69486845" lon="-0.80719440"><ele>221.045</ele><time>2026-08-22T08:52:14Z</time><speed>26.280</speed><sat>27</sat></trkpt>
  <trkpt lat="44.69496103" lon="-0.80749764"><ele>222.261</ele><time>2026-08-22T08:52:15Z</time><speed>26.130</speed><sat>27</sat></trkpt>
  <trkpt lat="44.69506466" lon="-0.80778742"><ele>222.853</ele><time>2026-08-22T08:52:16Z</time><speed>25.820</speed><sat>30</sat></trkpt>
  <trkpt lat="44.69517468" lon="-0.80806893"><ele>223.746</ele><time>2026-08-22T08:52:17Z</time><speed>25.590</speed><sat>31</sat></trkpt>
  <trkpt lat="44.69529983" lon="-0.80834678"><ele>224.245</ele><time>2026-08-22T08:52:18Z</time><speed>25.590</speed><sat>29</sat></trkpt>
  <trkpt lat="44.69544277" lon="-0.80860022"><ele>224.349</ele><time>2026-08-22T08:52:19Z</time><speed>25.420</speed><sat>29</sat></trkpt>
  <trkpt lat="44.69558951" lon="-0.80884357"><ele>224.280</ele><time>2026-08-22T08:52:20Z</time><speed>25.060</speed><sat>29</sat></trkpt>
  <trkpt lat="44.69574211" lon="-0.80906817"><ele>224.170</ele><time>2026-08-22T08:52:21Z</time><speed>24.680</speed><sat>30</sat></trkpt>
  <trkpt lat="44.69591213" lon="-0.80925766"><ele>223.323</ele><time>2026-08-22T08:52:22Z</time><speed>24.350</speed><sat>33</sat></trkpt>
  <trkpt lat="44.69610495" lon="-0.80940679"><ele>222.294</ele><time>2026-08-22T08:52:23Z</time><speed>23.980</speed><sat>34</sat></trkpt>
  <trkpt lat="44.69629848" lon="-0.80950611"><ele>221.109</ele><time>2026-08-22T08:52:24Z</time><speed>23.510</speed><sat>33</sat></trkpt>
  <trkpt lat="44.69650238" lon="-0.80955966"><ele>220.939</ele><time>2026-08-22T08:52:25Z</time><speed>22.680</speed><sat>32</sat></trkpt>
  <trkpt lat="44.69670524" lon="-0.80957921"><ele>222.415</ele><time>2026-08-22T08:52:26Z</time><speed>22.070</speed><sat>32</sat></trkpt>
  <trkpt lat="44.69689719" lon="-0.80955786"><ele>223.390</ele><time>2026-08-22T08:52:27Z</time><speed>21.160</speed><sat>32</sat></trkpt>
  <trkpt lat="44.69707033" lon="-0.80949687"><ele>224.476</ele><time>2026-08-22T08:52:28Z</time><speed>20.160</speed><sat>31</sat></trkpt>
  <trkpt lat="44.69722414" lon="-0.80939793"><ele>225.689</ele><time>2026-08-22T08:52:29Z</time><speed>19.370</speed><sat>34</sat></trkpt>
  <trkpt lat="44.69736230" lon="-0.80924537"><ele>225.179</ele><time>2026-08-22T08:52:30Z</time><speed>19.470</speed><sat>32</sat></trkpt>
  <trkpt lat="44.69747716" lon="-0.80904487"><ele>223.528</ele><time>2026-08-22T08:52:31Z</time><speed>20.000</speed><sat>31</sat></trkpt>
  <trkpt lat="44.69755328" lon="-0.80880502"><ele>221.510</ele><time>2026-08-22T08:52:32Z</time><speed>20.900</speed><sat>33</sat></trkpt>
  <trkpt lat="44.69760030" lon="-0.80854485"><ele>221.381</ele><time>2026-08-22T08:52:33Z</time><speed>21.700</speed><sat>31</sat></trkpt>
  <trkpt lat="44.69763223" lon="-0.80827647"><ele>223.846</ele><time>2026-08-22T08:52:34Z</time><speed>21.200</speed><sat>29</sat></trkpt>
  <trkpt lat="44.69765508" lon="-0.80802801"><ele>228.453</ele><time>2026-08-22T08:52:35Z</time><speed>19.590</speed><sat>31</sat></trkpt>
  <trkpt lat="44.69766820" lon="-0.80779648"><ele>231.414</ele><time>2026-08-22T08:52:36Z</time><speed>18.560</speed><sat>30</sat></trkpt>
  <trkpt lat="44.69768343" lon="-0.80756481"><ele>232.992</ele><time>2026-08-22T08:52:37Z</time><speed>18.450</speed><sat>28</sat></trkpt>
  <trkpt lat="44.69770101" lon="-0.80733029"><ele>233.339</ele><time>2026-08-22T08:52:38Z</time><speed>18.960</speed><sat>29</sat></trkpt>
  <trkpt lat="44.69772877" lon="-0.80708877"><ele>233.832</ele><time>2026-08-22T08:52:39Z</time><speed>19.310</speed><sat>30</sat></trkpt>
  <trkpt lat="44.69775200" lon="-0.80685165"><ele>234.276</ele><time>2026-08-22T08:52:40Z</time><speed>19.330</speed><sat>31</sat></trkpt>
  <trkpt lat="44.69777365" lon="-0.80660746"><ele>235.607</ele><time>2026-08-22T08:52:41Z</time><speed>19.380</speed><sat>30</sat></trkpt>
  <trkpt lat="44.69779729" lon="-0.80637024"><ele>238.006</ele><time>2026-08-22T08:52:42Z</time><speed>19.040</speed><sat>30</sat></trkpt>
  <trkpt lat="44.69782113" lon="-0.80613908"><ele>240.627</ele><time>2026-08-22T08:52:43Z</time><speed>18.480</speed><sat>29</sat></trkpt>
  <trkpt lat="44.69784669" lon="-0.80591085"><ele>242.527</ele><time>2026-08-22T08:52:44Z</time><speed>17.990</speed><sat>30</sat></trkpt>
  <trkpt lat="44.69787120" lon="-0.80569036"><ele>244.130</ele><time>2026-08-22T08:52:45Z</time><speed>17.520</speed><sat>30</sat></trkpt>
  <trkpt lat="44.69789123" lon="-0.80547453"><ele>244.816</ele><time>2026-08-22T08:52:46Z</time><speed>17.030</speed><sat>30</sat></trkpt>
  <trkpt lat="44.69790289" lon="-0.80525970"><ele>244.261</ele><time>2026-08-22T08:52:47Z</time><speed>17.090</speed><sat>31</sat></trkpt>
  <trkpt lat="44.69791596" lon="-0.80504310"><ele>243.564</ele><time>2026-08-22T08:52:48Z</time><speed>17.070</speed><sat>30</sat></trkpt>
  <trkpt lat="44.69793046" lon="-0.80482619"><ele>242.720</ele><time>2026-08-22T08:52:49Z</time><speed>17.040</speed><sat>31</sat></trkpt>
  <trkpt lat="44.69794567" lon="-0.80461067"><ele>241.551</ele><time>2026-08-22T08:52:50Z</time><speed>17.080</speed><sat>31</sat></trkpt>
  <trkpt lat="44.69797163" lon="-0.80439728"><ele>240.178</ele><time>2026-08-22T08:52:51Z</time><speed>17.290</speed><sat>29</sat></trkpt>
  <trkpt lat="44.69799443" lon="-0.80418116"><ele>238.474</ele><time>2026-08-22T08:52:52Z</time><speed>17.580</speed><sat>29</sat></trkpt>
  <trkpt lat="44.69802245" lon="-0.80395771"><ele>236.462</ele><time>2026-08-22T08:52:53Z</time><speed>17.870</speed><sat>30</sat></trkpt>
  <trkpt lat="44.69805936" lon="-0.80373020"><ele>234.368</ele><time>2026-08-22T08:52:54Z</time><speed>18.250</speed><sat>30</sat></trkpt>
  <trkpt lat="44.69809652" lon="-0.80349867"><ele>232.959</ele><time>2026-08-22T08:52:55Z</time><speed>18.650</speed><sat>31</sat></trkpt>
  <trkpt lat="44.69812965" lon="-0.80326208"><ele>232.011</ele><time>2026-08-22T08:52:56Z</time><speed>18.770</speed><sat>30</sat></trkpt>
  <trkpt lat="44.69816712" lon="-0.80303158"><ele>231.160</ele><time>2026-08-22T08:52:57Z</time><speed>18.400</speed><sat>30</sat></trkpt>
  <trkpt lat="44.69820420" lon="-0.80280703"><ele>231.813</ele><time>2026-08-22T08:52:58Z</time><speed>18.040</speed><sat>31</sat></trkpt>
  <trkpt lat="44.69824468" lon="-0.80259171"><ele>232.180</ele><time>2026-08-22T08:52:59Z</time><speed>17.650</speed><sat>30</sat></trkpt>
  <trkpt lat="44.69828421" lon="-0.80237420"><ele>231.294</ele><time>2026-08-22T08:53:00Z</time><speed>17.410</speed><sat>30</sat></trkpt>
  <trkpt lat="44.69832837" lon="-0.80216439"><ele>231.187</ele><time>2026-08-22T08:53:01Z</time><speed>17.460</speed><sat>32</sat></trkpt>
  <trkpt lat="44.69838128" lon="-0.80195478"><ele>230.505</ele><time>2026-08-22T08:53:02Z</time><speed>17.830</speed><sat>32</sat></trkpt>
  <trkpt lat="44.69843736" lon="-0.80173642"><ele>229.047</ele><time>2026-08-22T08:53:03Z</time><speed>18.330</speed><sat>32</sat></trkpt>
  <trkpt lat="44.69849953" lon="-0.80151516"><ele>227.333</ele><time>2026-08-22T08:53:04Z</time><speed>18.860</speed><sat>30</sat></trkpt>
  <trkpt lat="44.69856404" lon="-0.80128745"><ele>226.054</ele><time>2026-08-22T08:53:05Z</time><speed>19.280</speed><sat>31</sat></trkpt>
  <trkpt lat="44.69864195" lon="-0.80106435"><ele>225.679</ele><time>2026-08-22T08:53:06Z</time><speed>19.210</speed><sat>31</sat></trkpt>
  <trkpt lat="44.69871135" lon="-0.80084628"><ele>226.123</ele><time>2026-08-22T08:53:07Z</time><speed>18.970</speed><sat>30</sat></trkpt>
  <trkpt lat="44.69878860" lon="-0.80063594"><ele>226.612</ele><time>2026-08-22T08:53:08Z</time><speed>18.760</speed><sat>30</sat></trkpt>
  <trkpt lat="44.69887658" lon="-0.80043792"><ele>227.272</ele><time>2026-08-22T08:53:09Z</time><speed>18.570</speed><sat>30</sat></trkpt>
  <trkpt lat="44.69897012" lon="-0.80024024"><ele>227.260</ele><time>2026-08-22T08:53:10Z</time><speed>18.580</speed><sat>31</sat></trkpt>
  <trkpt lat="44.69906818" lon="-0.80004572"><ele>226.804</ele><time>2026-08-22T08:53:11Z</time><speed>18.730</speed><sat>29</sat></trkpt>
  <trkpt lat="44.69917205" lon="-0.79985480"><ele>225.786</ele><time>2026-08-22T08:53:12Z</time><speed>19.010</speed><sat>27</sat></trkpt>
  <trkpt lat="44.69926534" lon="-0.79964680"><ele>224.371</ele><time>2026-08-22T08:53:13Z</time><speed>19.370</speed><sat>34</sat></trkpt>
  <trkpt lat="44.69934701" lon="-0.79943212"><ele>223.705</ele><time>2026-08-22T08:53:14Z</time><speed>19.340</speed><sat>32</sat></trkpt>
  <trkpt lat="44.69941116" lon="-0.79921615"><ele>224.558</ele><time>2026-08-22T08:53:15Z</time><speed>18.630</speed><sat>31</sat></trkpt>
  <trkpt lat="44.69946748" lon="-0.79900469"><ele>226.854</ele><time>2026-08-22T08:53:16Z</time><speed>17.810</speed><sat>30</sat></trkpt>
  <trkpt lat="44.69950846" lon="-0.79879497"><ele>229.067</ele><time>2026-08-22T08:53:17Z</time><speed>17.270</speed><sat>32</sat></trkpt>
  <trkpt lat="44.69953682" lon="-0.79858972"><ele>230.030</ele><time>2026-08-22T08:53:18Z</time><speed>16.900</speed><sat>30</sat></trkpt>
  <trkpt lat="44.69956507" lon="-0.79838052"><ele>229.890</ele><time>2026-08-22T08:53:19Z</time><speed>16.620</speed><sat>31</sat></trkpt>
  <trkpt lat="44.69959408" lon="-0.79816876"><ele>229.449</ele><time>2026-08-22T08:53:20Z</time><speed>16.590</speed><sat>30</sat></trkpt>
  <trkpt lat="44.69960784" lon="-0.79795368"><ele>228.499</ele><time>2026-08-22T08:53:21Z</time><speed>17.050</speed><sat>29</sat></trkpt>
  <trkpt lat="44.69961816" lon="-0.79773338"><ele>226.635</ele><time>2026-08-22T08:53:22Z</time><speed>17.840</speed><sat>30</sat></trkpt>
  <trkpt lat="44.69962033" lon="-0.79750409"><ele>225.082</ele><time>2026-08-22T08:53:23Z</time><speed>18.170</speed><sat>30</sat></trkpt>
  <trkpt lat="44.69962060" lon="-0.79727024"><ele>223.679</ele><time>2026-08-22T08:53:24Z</time><speed>18.420</speed><sat>30</sat></trkpt>
  <trkpt lat="44.69962415" lon="-0.79704053"><ele>222.674</ele><time>2026-08-22T08:53:25Z</time><speed>18.320</speed><sat>31</sat></trkpt>
  <trkpt lat="44.69963447" lon="-0.79681291"><ele>222.180</ele><time>2026-08-22T08:53:26Z</time><speed>18.150</speed><sat>28</sat></trkpt>
  <trkpt lat="44.69965738" lon="-0.79658597"><ele>222.296</ele><time>2026-08-22T08:53:27Z</time><speed>18.170</speed><sat>29</sat></trkpt>
  <trkpt lat="44.69969324" lon="-0.79636414"><ele>222.083</ele><time>2026-08-22T08:53:28Z</time><speed>18.140</speed><sat>28</sat></trkpt>
  <trkpt lat="44.69973796" lon="-0.79614400"><ele>221.899</ele><time>2026-08-22T08:53:29Z</time><speed>18.010</speed><sat>31</sat></trkpt>
  <trkpt lat="44.69978242" lon="-0.79592236"><ele>221.775</ele><time>2026-08-22T08:53:30Z</time><speed>17.910</speed><sat>29</sat></trkpt>
  <trkpt lat="44.69982578" lon="-0.79570203"><ele>221.264</ele><time>2026-08-22T08:53:31Z</time><speed>17.920</speed><sat>30</sat></trkpt>
  <trkpt lat="44.69987256" lon="-0.79548056"><ele>221.065</ele><time>2026-08-22T08:53:32Z</time><speed>18.100</speed><sat>29</sat></trkpt>
  <trkpt lat="44.69991655" lon="-0.79525834"><ele>220.315</ele><time>2026-08-22T08:53:33Z</time><speed>18.280</speed><sat>30</sat></trkpt>
  <trkpt lat="44.69997481" lon="-0.79503827"><ele>219.564</ele><time>2026-08-22T08:53:34Z</time><speed>18.530</speed><sat>31</sat></trkpt>
  <trkpt lat="44.70004204" lon="-0.79482825"><ele>219.044</ele><time>2026-08-22T08:53:35Z</time><speed>18.610</speed><sat>32</sat></trkpt>
  <trkpt lat="44.70011666" lon="-0.79462176"><ele>218.964</ele><time>2026-08-22T08:53:36Z</time><speed>18.690</speed><sat>31</sat></trkpt>
  <trkpt lat="44.70019413" lon="-0.79441262"><ele>218.647</ele><time>2026-08-22T08:53:37Z</time><speed>19.010</speed><sat>31</sat></trkpt>
  <trkpt lat="44.70028122" lon="-0.79420387"><ele>218.249</ele><time>2026-08-22T08:53:38Z</time><speed>19.160</speed><sat>31</sat></trkpt>
  <trkpt lat="44.70036447" lon="-0.79399287"><ele>218.295</ele><time>2026-08-22T08:53:39Z</time><speed>19.100</speed><sat>31</sat></trkpt>
  <trkpt lat="44.70043224" lon="-0.79377124"><ele>217.919</ele><time>2026-08-22T08:53:40Z</time><speed>18.860</speed><sat>32</sat></trkpt>
  <trkpt lat="44.70048097" lon="-0.79354669"><ele>217.442</ele><time>2026-08-22T08:53:41Z</time><speed>18.470</speed><sat>30</sat></trkpt>
  <trkpt lat="44.70051341" lon="-0.79333293"><ele>217.292</ele><time>2026-08-22T08:53:42Z</time><speed>17.960</speed><sat>30</sat></trkpt>
  <trkpt lat="44.70051919" lon="-0.79311818"><ele>216.599</ele><time>2026-08-22T08:53:43Z</time><speed>17.700</speed><sat>32</sat></trkpt>
  <trkpt lat="44.70051250" lon="-0.79289448"><ele>216.802</ele><time>2026-08-22T08:53:44Z</time><speed>17.540</speed><sat>30</sat></trkpt>
  <trkpt lat="44.70048610" lon="-0.79267860"><ele>217.116</ele><time>2026-08-22T08:53:45Z</time><speed>17.120</speed><sat>27</sat></trkpt>
  <trkpt lat="44.70045317" lon="-0.79247390"><ele>217.434</ele><time>2026-08-22T08:53:46Z</time><speed>16.820</speed><sat>30</sat></trkpt>
  <trkpt lat="44.70042533" lon="-0.79227055"><ele>217.114</ele><time>2026-08-22T08:53:47Z</time><speed>16.580</speed><sat>31</sat></trkpt>
  <trkpt lat="44.70038670" lon="-0.79206275"><ele>216.745</ele><time>2026-08-22T08:53:48Z</time><speed>16.720</speed><sat>29</sat></trkpt>
  <trkpt lat="44.70034902" lon="-0.79185687"><ele>215.668</ele><time>2026-08-22T08:53:49Z</time><speed>16.700</speed><sat>26</sat></trkpt>
  <trkpt lat="44.70031558" lon="-0.79164873"><ele>214.634</ele><time>2026-08-22T08:53:50Z</time><speed>16.680</speed><sat>31</sat></trkpt>
  <trkpt lat="44.70029410" lon="-0.79143795"><ele>213.860</ele><time>2026-08-22T08:53:51Z</time><speed>16.910</speed><sat>32</sat></trkpt>
  <trkpt lat="44.70027965" lon="-0.79122298"><ele>212.165</ele><time>2026-08-22T08:53:52Z</time><speed>17.290</speed><sat>29</sat></trkpt>
  <trkpt lat="44.70027207" lon="-0.79100691"><ele>210.665</ele><time>2026-08-22T08:53:53Z</time><speed>17.720</speed><sat>29</sat></trkpt>
  <trkpt lat="44.70026659" lon="-0.79077969"><ele>209.517</ele><time>2026-08-22T08:53:54Z</time><speed>17.970</speed><sat>27</sat></trkpt>
  <trkpt lat="44.70026624" lon="-0.79055454"><ele>208.796</ele><time>2026-08-22T08:53:55Z</time><speed>18.120</speed><sat>30</sat></trkpt>
  <trkpt lat="44.70026489" lon="-0.79032117"><ele>208.537</ele><time>2026-08-22T08:53:56Z</time><speed>18.120</speed><sat>31</sat></trkpt>
  <trkpt lat="44.70026876" lon="-0.79009179"><ele>209.394</ele><time>2026-08-22T08:53:57Z</time><speed>18.270</speed><sat>32</sat></trkpt>
  <trkpt lat="44.70026848" lon="-0.78985950"><ele>210.341</ele><time>2026-08-22T08:53:58Z</time><speed>18.170</speed><sat>30</sat></trkpt>
  <trkpt lat="44.70026966" lon="-0.78963263"><ele>212.027</ele><time>2026-08-22T08:53:59Z</time><speed>18.020</speed><sat>31</sat></trkpt>
  <trkpt lat="44.70026729" lon="-0.78940526"><ele>213.981</ele><time>2026-08-22T08:54:00Z</time><speed>17.630</speed><sat>30</sat></trkpt>
  <trkpt lat="44.70026288" lon="-0.78919086"><ele>215.500</ele><time>2026-08-22T08:54:01Z</time><speed>17.410</speed><sat>31</sat></trkpt>
  <trkpt lat="44.70024690" lon="-0.78897333"><ele>216.582</ele><time>2026-08-22T08:54:02Z</time><speed>17.020</speed><sat>31</sat></trkpt>
  <trkpt lat="44.70021611" lon="-0.78876764"><ele>217.491</ele><time>2026-08-22T08:54:03Z</time><speed>16.540</speed><sat>31</sat></trkpt>
  <trkpt lat="44.70018056" lon="-0.78856990"><ele>217.895</ele><time>2026-08-22T08:54:04Z</time><speed>16.110</speed><sat>29</sat></trkpt>
  <trkpt lat="44.70014212" lon="-0.78837380"><ele>217.809</ele><time>2026-08-22T08:54:05Z</time><speed>15.910</speed><sat>28</sat></trkpt>
  <trkpt lat="44.70010042" lon="-0.78817942"><ele>217.171</ele><time>2026-08-22T08:54:06Z</time><speed>16.010</speed><sat>25</sat></trkpt>
  <trkpt lat="44.70005694" lon="-0.78798238"><ele>215.848</ele><time>2026-08-22T08:54:07Z</time><speed>16.460</speed><sat>29</sat></trkpt>
  <trkpt lat="44.70001753" lon="-0.78778226"><ele>214.811</ele><time>2026-08-22T08:54:08Z</time><speed>16.740</speed><sat>29</sat></trkpt>
  <trkpt lat="44.69998402" lon="-0.78757652"><ele>213.463</ele><time>2026-08-22T08:54:09Z</time><speed>16.860</speed><sat>28</sat></trkpt>
  <trkpt lat="44.69995207" lon="-0.78735491"><ele>211.724</ele><time>2026-08-22T08:54:10Z</time><speed>17.240</speed><sat>30</sat></trkpt>
  <trkpt lat="44.69992506" lon="-0.78713804"><ele>210.068</ele><time>2026-08-22T08:54:11Z</time><speed>17.280</speed><sat>29</sat></trkpt>
  <trkpt lat="44.69991038" lon="-0.78692455"><ele>209.451</ele><time>2026-08-22T08:54:12Z</time><speed>17.190</speed><sat>29</sat></trkpt>
  <trkpt lat="44.69989227" lon="-0.78671098"><ele>208.456</ele><time>2026-08-22T08:54:13Z</time><speed>17.030</speed><sat>33</sat></trkpt>
  <trkpt lat="44.69988194" lon="-0.78649657"><ele>207.499</ele><time>2026-08-22T08:54:14Z</time><speed>16.900</speed><sat>26</sat></trkpt>
  <trkpt lat="44.69987795" lon="-0.78628308"><ele>206.275</ele><time>2026-08-22T08:54:15Z</time><speed>16.980</speed><sat>29</sat></trkpt>
  <trkpt lat="44.69988202" lon="-0.78606582"><ele>205.207</ele><time>2026-08-22T08:54:16Z</time><speed>17.180</speed><sat>29</sat></trkpt>
  <trkpt lat="44.69989220" lon="-0.78585080"><ele>203.601</ele><time>2026-08-22T08:54:17Z</time><speed>17.540</speed><sat>28</sat></trkpt>
  <trkpt lat="44.69991068" lon="-0.78562480"><ele>201.711</ele><time>2026-08-22T08:54:18Z</time><speed>17.790</speed><sat>28</sat></trkpt>
  <trkpt lat="44.69993226" lon="-0.78540171"><ele>201.127</ele><time>2026-08-22T08:54:19Z</time><speed>17.710</speed><sat>31</sat></trkpt>
  <trkpt lat="44.69996070" lon="-0.78518147"><ele>200.810</ele><time>2026-08-22T08:54:20Z</time><speed>17.580</speed><sat>28</sat></trkpt>
  <trkpt lat="44.69998418" lon="-0.78496274"><ele>200.498</ele><time>2026-08-22T08:54:21Z</time><speed>17.420</speed><sat>31</sat></trkpt>
  <trkpt lat="44.70000184" lon="-0.78474360"><ele>200.687</ele><time>2026-08-22T08:54:22Z</time><speed>17.050</speed><sat>31</sat></trkpt>
  <trkpt lat="44.70000296" lon="-0.78452779"><ele>200.621</ele><time>2026-08-22T08:54:23Z</time><speed>16.680</speed><sat>31</sat></trkpt>
  <trkpt lat="44.69997422" lon="-0.78432620"><ele>199.860</ele><time>2026-08-22T08:54:24Z</time><speed>16.520</speed><sat>30</sat></trkpt>
  <trkpt lat="44.69992335" lon="-0.78413484"><ele>198.238</ele><time>2026-08-22T08:54:25Z</time><speed>16.700</speed><sat>32</sat></trkpt>
  <trkpt lat="44.69984274" lon="-0.78395136"><ele>196.370</ele><time>2026-08-22T08:54:26Z</time><speed>17.010</speed><sat>33</sat></trkpt>
  <trkpt lat="44.69973089" lon="-0.78379690"><ele>194.759</ele><time>2026-08-22T08:54:27Z</time><speed>17.620</speed><sat>30</sat></trkpt>
  <trkpt lat="44.69959027" lon="-0.78367220"><ele>192.970</ele><time>2026-08-22T08:54:28Z</time><speed>18.500</speed><sat>31</sat></trkpt>
  <trkpt lat="44.69942127" lon="-0.78359162"><ele>191.362</ele><time>2026-08-22T08:54:29Z</time><speed>19.790</speed><sat>34</sat></trkpt>
  <trkpt lat="44.69923214" lon="-0.78356402"><ele>190.079</ele><time>2026-08-22T08:54:30Z</time><speed>20.690</speed><sat>32</sat></trkpt>
  <trkpt lat="44.69904208" lon="-0.78359455"><ele>189.785</ele><time>2026-08-22T08:54:31Z</time><speed>21.690</speed><sat>33</sat></trkpt>
  <trkpt lat="44.69884119" lon="-0.78367785"><ele>188.697</ele><time>2026-08-22T08:54:32Z</time><speed>22.990</speed><sat>34</sat></trkpt>
  <trkpt lat="44.69864387" lon="-0.78381830"><ele>187.673</ele><time>2026-08-22T08:54:33Z</time><speed>24.300</speed><sat>33</sat></trkpt>
  <trkpt lat="44.69846297" lon="-0.78402215"><ele>187.060</ele><time>2026-08-22T08:54:34Z</time><speed>25.290</speed><sat>30</sat></trkpt>
  <trkpt lat="44.69830931" lon="-0.78427077"><ele>186.016</ele><time>2026-08-22T08:54:35Z</time><speed>25.770</speed><sat>32</sat></trkpt>
  <trkpt lat="44.69818401" lon="-0.78454981"><ele>185.310</ele><time>2026-08-22T08:54:36Z</time><speed>25.770</speed><sat>31</sat></trkpt>
  <trkpt lat="44.69808798" lon="-0.78484717"><ele>185.203</ele><time>2026-08-22T08:54:37Z</time><speed>25.870</speed><sat>31</sat></trkpt>
  <trkpt lat="44.69801549" lon="-0.78515295"><ele>184.743</ele><time>2026-08-22T08:54:38Z</time><speed>25.820</speed><sat>33</sat></trkpt>
  <trkpt lat="44.69795238" lon="-0.78546924"><ele>184.748</ele><time>2026-08-22T08:54:39Z</time><speed>25.930</speed><sat>32</sat></trkpt>
  <trkpt lat="44.69790035" lon="-0.78579116"><ele>185.482</ele><time>2026-08-22T08:54:40Z</time><speed>26.060</speed><sat>30</sat></trkpt>
  <trkpt lat="44.69786005" lon="-0.78610876"><ele>186.100</ele><time>2026-08-22T08:54:41Z</time><speed>25.960</speed><sat>30</sat></trkpt>
  <trkpt lat="44.69782434" lon="-0.78642764"><ele>186.798</ele><time>2026-08-22T08:54:42Z</time><speed>25.720</speed><sat>28</sat></trkpt>
  <trkpt lat="44.69778588" lon="-0.78675098"><ele>186.772</ele><time>2026-08-22T08:54:43Z</time><speed>25.800</speed><sat>31</sat></trkpt>
  <trkpt lat="44.69775477" lon="-0.78708188"><ele>186.084</ele><time>2026-08-22T08:54:44Z</time><speed>25.930</speed><sat>30</sat></trkpt>
  <trkpt lat="44.69771434" lon="-0.78741318"><ele>185.462</ele><time>2026-08-22T08:54:45Z</time><speed>26.270</speed><sat>30</sat></trkpt>
  <trkpt lat="44.69766887" lon="-0.78773899"><ele>185.166</ele><time>2026-08-22T08:54:46Z</time><speed>26.420</speed><sat>29</sat></trkpt>
  <trkpt lat="44.69760866" lon="-0.78806713"><ele>184.922</ele><time>2026-08-22T08:54:47Z</time><speed>26.650</speed><sat>28</sat></trkpt>
  <trkpt lat="44.69753754" lon="-0.78839670"><ele>185.031</ele><time>2026-08-22T08:54:48Z</time><speed>26.650</speed><sat>28</sat></trkpt>
  <trkpt lat="44.69744985" lon="-0.78871838"><ele>184.850</ele><time>2026-08-22T08:54:49Z</time><speed>26.780</speed><sat>29</sat></trkpt>
  <trkpt lat="44.69735835" lon="-0.78902427"><ele>185.362</ele><time>2026-08-22T08:54:50Z</time><speed>26.910</speed><sat>30</sat></trkpt>
  <trkpt lat="44.69726004" lon="-0.78933067"><ele>186.402</ele><time>2026-08-22T08:54:51Z</time><speed>26.800</speed><sat>31</sat></trkpt>
  <trkpt lat="44.69715523" lon="-0.78963381"><ele>187.602</ele><time>2026-08-22T08:54:52Z</time><speed>26.490</speed><sat>29</sat></trkpt>
  <trkpt lat="44.69705362" lon="-0.78992920"><ele>189.484</ele><time>2026-08-22T08:54:53Z</time><speed>25.810</speed><sat>33</sat></trkpt>
  <trkpt lat="44.69695449" lon="-0.79020431"><ele>191.913</ele><time>2026-08-22T08:54:54Z</time><speed>24.880</speed><sat>30</sat></trkpt>
  <trkpt lat="44.69684962" lon="-0.79047223"><ele>193.957</ele><time>2026-08-22T08:54:55Z</time><speed>24.180</speed><sat>30</sat></trkpt>
  <trkpt lat="44.69673838" lon="-0.79074023"><ele>195.014</ele><time>2026-08-22T08:54:56Z</time><speed>24.240</speed><sat>28</sat></trkpt>
  <trkpt lat="44.69662158" lon="-0.79101004"><ele>195.072</ele><time>2026-08-22T08:54:57Z</time><speed>24.830</speed><sat>29</sat></trkpt>
  <trkpt lat="44.69649573" lon="-0.79128509"><ele>194.481</ele><time>2026-08-22T08:54:58Z</time><speed>26.060</speed><sat>30</sat></trkpt>
  <trkpt lat="44.69637958" lon="-0.79158672"><ele>194.835</ele><time>2026-08-22T08:54:59Z</time><speed>27.200</speed><sat>32</sat></trkpt>
  <trkpt lat="44.69628583" lon="-0.79191016"><ele>197.124</ele><time>2026-08-22T08:55:00Z</time><speed>27.440</speed><sat>31</sat></trkpt>
  <trkpt lat="44.69619764" lon="-0.79222320"><ele>200.571</ele><time>2026-08-22T08:55:01Z</time><speed>26.600</speed><sat>30</sat></trkpt>
  <trkpt lat="44.69611656" lon="-0.79252472"><ele>203.878</ele><time>2026-08-22T08:55:02Z</time><speed>25.770</speed><sat>32</sat></trkpt>
  <trkpt lat="44.69603198" lon="-0.79282646"><ele>206.049</ele><time>2026-08-22T08:55:03Z</time><speed>25.360</speed><sat>30</sat></trkpt>
  <trkpt lat="44.69594991" lon="-0.79313046"><ele>207.017</ele><time>2026-08-22T08:55:04Z</time><speed>25.330</speed><sat>30</sat></trkpt>
  <trkpt lat="44.69587307" lon="-0.79343794"><ele>207.692</ele><time>2026-08-22T08:55:05Z</time><speed>25.970</speed><sat>31</sat></trkpt>
  <trkpt lat="44.69579048" lon="-0.79375955"><ele>207.487</ele><time>2026-08-22T08:55:06Z</time><speed>27.040</speed><sat>31</sat></trkpt>
  <trkpt lat="44.69571682" lon="-0.79409663"><ele>209.305</ele><time>2026-08-22T08:55:07Z</time><speed>27.940</speed><sat>32</sat></trkpt>
  <trkpt lat="44.69565659" lon="-0.79443332"><ele>213.059</ele><time>2026-08-22T08:55:08Z</time><speed>27.400</speed><sat>32</sat></trkpt>
  <trkpt lat="44.69560973" lon="-0.79475694"><ele>218.193</ele><time>2026-08-22T08:55:09Z</time><speed>26.290</speed><sat>31</sat></trkpt>
  <trkpt lat="44.69556756" lon="-0.79507177"><ele>222.852</ele><time>2026-08-22T08:55:10Z</time><speed>25.310</speed><sat>28</sat></trkpt>
  <trkpt lat="44.69552931" lon="-0.79538231"><ele>226.379</ele><time>2026-08-22T08:55:11Z</time><speed>24.840</speed><sat>28</sat></trkpt>
  <trkpt lat="44.69549279" lon="-0.79569399"><ele>228.958</ele><time>2026-08-22T08:55:12Z</time><speed>24.760</speed><sat>29</sat></trkpt>
  <trkpt lat="44.69544994" lon="-0.79601482"><ele>229.456</ele><time>2026-08-22T08:55:13Z</time><speed>25.650</speed><sat>30</sat></trkpt>
  <trkpt lat="44.69540642" lon="-0.79634105"><ele>228.921</ele><time>2026-08-22T08:55:14Z</time><speed>26.730</speed><sat>31</sat></trkpt>
  <trkpt lat="44.69535664" lon="-0.79668172"><ele>228.134</ele><time>2026-08-22T08:55:15Z</time><speed>27.700</speed><sat>31</sat></trkpt>
  <trkpt lat="44.69529520" lon="-0.79703080"><ele>228.055</ele><time>2026-08-22T08:55:16Z</time><speed>28.640</speed><sat>31</sat></trkpt>
  <trkpt lat="44.69522168" lon="-0.79738124"><ele>229.560</ele><time>2026-08-22T08:55:17Z</time><speed>28.670</speed><sat>29</sat></trkpt>
  <trkpt lat="44.69514375" lon="-0.79771434"><ele>232.054</ele><time>2026-08-22T08:55:18Z</time><speed>27.680</speed><sat>30</sat></trkpt>
  <trkpt lat="44.69505433" lon="-0.79802869"><ele>235.364</ele><time>2026-08-22T08:55:19Z</time><speed>26.450</speed><sat>32</sat></trkpt>
  <trkpt lat="44.69496856" lon="-0.79832909"><ele>237.750</ele><time>2026-08-22T08:55:20Z</time><speed>25.740</speed><sat>30</sat></trkpt>
  <trkpt lat="44.69487472" lon="-0.79862947"><ele>239.283</ele><time>2026-08-22T08:55:21Z</time><speed>25.640</speed><sat>30</sat></trkpt>
  <trkpt lat="44.69478653" lon="-0.79893245"><ele>239.769</ele><time>2026-08-22T08:55:22Z</time><speed>26.160</speed><sat>30</sat></trkpt>
  <trkpt lat="44.69469785" lon="-0.79924058"><ele>239.975</ele><time>2026-08-22T08:55:23Z</time><speed>26.560</speed><sat>25</sat></trkpt>
  <trkpt lat="44.69462198" lon="-0.79956366"><ele>239.623</ele><time>2026-08-22T08:55:24Z</time><speed>26.830</speed><sat>27</sat></trkpt>
  <trkpt lat="44.69454459" lon="-0.79988845"><ele>239.647</ele><time>2026-08-22T08:55:25Z</time><speed>26.670</speed><sat>31</sat></trkpt>
  <trkpt lat="44.69447769" lon="-0.80020851"><ele>239.965</ele><time>2026-08-22T08:55:26Z</time><speed>26.670</speed><sat>32</sat></trkpt>
  <trkpt lat="44.69443348" lon="-0.80053841"><ele>239.285</ele><time>2026-08-22T08:55:27Z</time><speed>26.870</speed><sat>31</sat></trkpt>
  <trkpt lat="44.69439952" lon="-0.80087112"><ele>239.266</ele><time>2026-08-22T08:55:28Z</time><speed>27.000</speed><sat>30</sat></trkpt>
  <trkpt lat="44.69437881" lon="-0.80121760"><ele>238.922</ele><time>2026-08-22T08:55:29Z</time><speed>27.250</speed><sat>29</sat></trkpt>
  <trkpt lat="44.69437795" lon="-0.80156197"><ele>239.840</ele><time>2026-08-22T08:55:30Z</time><speed>27.220</speed><sat>29</sat></trkpt>
  <trkpt lat="44.69437522" lon="-0.80191020"><ele>240.992</ele><time>2026-08-22T08:55:31Z</time><speed>27.390</speed><sat>28</sat></trkpt>
  <trkpt lat="44.69437257" lon="-0.80225202"><ele>243.049</ele><time>2026-08-22T08:55:32Z</time><speed>27.090</speed><sat>28</sat></trkpt>
  <trkpt lat="44.69435822" lon="-0.80258053"><ele>246.008</ele><time>2026-08-22T08:55:33Z</time><speed>26.410</speed><sat>30</sat></trkpt>
  <trkpt lat="44.69433291" lon="-0.80290197"><ele>248.060</ele><time>2026-08-22T08:55:34Z</time><speed>25.600</speed><sat>32</sat></trkpt>
  <trkpt lat="44.69430607" lon="-0.80321929"><ele>249.856</ele><time>2026-08-22T08:55:35Z</time><speed>25.230</speed><sat>33</sat></trkpt>
  <trkpt lat="44.69426495" lon="-0.80352965"><ele>249.411</ele><time>2026-08-22T08:55:36Z</time><speed>25.240</speed><sat>30</sat></trkpt>
  <trkpt lat="44.69421437" lon="-0.80384211"><ele>248.739</ele><time>2026-08-22T08:55:37Z</time><speed>25.220</speed><sat>32</sat></trkpt>
  <trkpt lat="44.69416469" lon="-0.80415789"><ele>246.250</ele><time>2026-08-22T08:55:38Z</time><speed>25.480</speed><sat>30</sat></trkpt>
  <trkpt lat="44.69411330" lon="-0.80447713"><ele>244.108</ele><time>2026-08-22T08:55:39Z</time><speed>26.150</speed><sat>31</sat></trkpt>
  <trkpt lat="44.69404844" lon="-0.80479950"><ele>241.551</ele><time>2026-08-22T08:55:40Z</time><speed>26.930</speed><sat>31</sat></trkpt>
  <trkpt lat="44.69397477" lon="-0.80514104"><ele>239.229</ele><time>2026-08-22T08:55:41Z</time><speed>27.700</speed><sat>30</sat></trkpt>
  <trkpt lat="44.69389951" lon="-0.80548027"><ele>237.637</ele><time>2026-08-22T08:55:42Z</time><speed>28.330</speed><sat>30</sat></trkpt>
  <trkpt lat="44.69382290" lon="-0.80582342"><ele>236.249</ele><time>2026-08-22T08:55:43Z</time><speed>28.220</speed><sat>32</sat></trkpt>
  <trkpt lat="44.69375036" lon="-0.80615687"><ele>237.243</ele><time>2026-08-22T08:55:44Z</time><speed>27.690</speed><sat>32</sat></trkpt>
  <trkpt lat="44.69368343" lon="-0.80647795"><ele>239.815</ele><time>2026-08-22T08:55:45Z</time><speed>26.650</speed><sat>32</sat></trkpt>
  <trkpt lat="44.69361682" lon="-0.80679896"><ele>242.341</ele><time>2026-08-22T08:55:46Z</time><speed>25.610</speed><sat>32</sat></trkpt>
  <trkpt lat="44.69355818" lon="-0.80710270"><ele>245.101</ele><time>2026-08-22T08:55:47Z</time><speed>24.620</speed><sat>32</sat></trkpt>
  <trkpt lat="44.69351000" lon="-0.80739860"><ele>246.889</ele><time>2026-08-22T08:55:48Z</time><speed>24.030</speed><sat>30</sat></trkpt>
  <trkpt lat="44.69346649" lon="-0.80769194"><ele>247.924</ele><time>2026-08-22T08:55:49Z</time><speed>23.870</speed><sat>31</sat></trkpt>
  <trkpt lat="44.69342654" lon="-0.80798723"><ele>248.112</ele><time>2026-08-22T08:55:50Z</time><speed>24.050</speed><sat>31</sat></trkpt>
  <trkpt lat="44.69339043" lon="-0.80829088"><ele>246.822</ele><time>2026-08-22T08:55:51Z</time><speed>24.480</speed><sat>32</sat></trkpt>
  <trkpt lat="44.69335688" lon="-0.80859792"><ele>245.163</ele><time>2026-08-22T08:55:52Z</time><speed>24.830</speed><sat>32</sat></trkpt>
  <trkpt lat="44.69332312" lon="-0.80890950"><ele>244.056</ele><time>2026-08-22T08:55:53Z</time><speed>25.170</speed><sat>30</sat></trkpt>
  <trkpt lat="44.69329335" lon="-0.80922649"><ele>243.026</ele><time>2026-08-22T08:55:54Z</time><speed>25.350</speed><sat>31</sat></trkpt>
  <trkpt lat="44.69326998" lon="-0.80954848"><ele>241.612</ele><time>2026-08-22T08:55:55Z</time><speed>25.360</speed><sat>31</sat></trkpt>
  <trkpt lat="44.69324175" lon="-0.80986483"><ele>240.672</ele><time>2026-08-22T08:55:56Z</time><speed>25.500</speed><sat>28</sat></trkpt>
  <trkpt lat="44.69321100" lon="-0.81018230"><ele>239.926</ele><time>2026-08-22T08:55:57Z</time><speed>25.670</speed><sat>30</sat></trkpt>
  <trkpt lat="44.69318382" lon="-0.81051236"><ele>238.965</ele><time>2026-08-22T08:55:58Z</time><speed>25.910</speed><sat>31</sat></trkpt>
  <trkpt lat="44.69316229" lon="-0.81084280"><ele>237.770</ele><time>2026-08-22T08:55:59Z</time><speed>26.220</speed><sat>30</sat></trkpt>
  <trkpt lat="44.69314070" lon="-0.81117121"><ele>237.765</ele><time>2026-08-22T08:56:00Z</time><speed>26.150</speed><sat>29</sat></trkpt>
  <trkpt lat="44.69311836" lon="-0.81149673"><ele>238.832</ele><time>2026-08-22T08:56:01Z</time><speed>25.750</speed><sat>29</sat></trkpt>
  <trkpt lat="44.69309219" lon="-0.81182021"><ele>238.794</ele><time>2026-08-22T08:56:02Z</time><speed>25.540</speed><sat>27</sat></trkpt>
  <trkpt lat="44.69306509" lon="-0.81214363"><ele>238.636</ele><time>2026-08-22T08:56:03Z</time><speed>25.550</speed><sat>29</sat></trkpt>
  <trkpt lat="44.69302791" lon="-0.81245770"><ele>238.409</ele><time>2026-08-22T08:56:04Z</time><speed>25.780</speed><sat>28</sat></trkpt>
  <trkpt lat="44.69297008" lon="-0.81276938"><ele>237.961</ele><time>2026-08-22T08:56:05Z</time><speed>25.990</speed><sat>26</sat></trkpt>
  <trkpt lat="44.69287711" lon="-0.81307576"><ele>236.733</ele><time>2026-08-22T08:56:06Z</time><speed>26.110</speed><sat>27</sat></trkpt>
  <trkpt lat="44.69275820" lon="-0.81336798"><ele>235.583</ele><time>2026-08-22T08:56:07Z</time><speed>25.950</speed><sat>26</sat></trkpt>
  <trkpt lat="44.69262038" lon="-0.81363377"><ele>234.846</ele><time>2026-08-22T08:56:08Z</time><speed>25.860</speed><sat>27</sat></trkpt>
  <trkpt lat="44.69246798" lon="-0.81387231"><ele>234.517</ele><time>2026-08-22T08:56:09Z</time><speed>25.440</speed><sat>27</sat></trkpt>
  <trkpt lat="44.69229969" lon="-0.81408154"><ele>234.489</ele><time>2026-08-22T08:56:10Z</time><speed>25.070</speed><sat>28</sat></trkpt>
  <trkpt lat="44.69212127" lon="-0.81425996"><ele>235.910</ele><time>2026-08-22T08:56:11Z</time><speed>24.210</speed><sat>27</sat></trkpt>
  <trkpt lat="44.69193796" lon="-0.81440312"><ele>237.855</ele><time>2026-08-22T08:56:12Z</time><speed>23.360</speed><sat>28</sat></trkpt>
  <trkpt lat="44.69174928" lon="-0.81451347"><ele>238.998</ele><time>2026-08-22T08:56:13Z</time><speed>22.620</speed><sat>29</sat></trkpt>
  <trkpt lat="44.69155513" lon="-0.81459399"><ele>239.015</ele><time>2026-08-22T08:56:14Z</time><speed>22.100</speed><sat>27</sat></trkpt>
  <trkpt lat="44.69136451" lon="-0.81464394"><ele>239.213</ele><time>2026-08-22T08:56:15Z</time><speed>21.550</speed><sat>31</sat></trkpt>
  <trkpt lat="44.69117215" lon="-0.81467358"><ele>238.962</ele><time>2026-08-22T08:56:16Z</time><speed>21.570</speed><sat>28</sat></trkpt>
  <trkpt lat="44.69097934" lon="-0.81467735"><ele>238.990</ele><time>2026-08-22T08:56:17Z</time><speed>21.440</speed><sat>27</sat></trkpt>
  <trkpt lat="44.69078697" lon="-0.81465349"><ele>237.840</ele><time>2026-08-22T08:56:18Z</time><speed>21.330</speed><sat>27</sat></trkpt>
  <trkpt lat="44.69059870" lon="-0.81461740"><ele>236.261</ele><time>2026-08-22T08:56:19Z</time><speed>21.390</speed><sat>27</sat></trkpt>
  <trkpt lat="44.69041478" lon="-0.81455065"><ele>233.630</ele><time>2026-08-22T08:56:20Z</time><speed>21.430</speed><sat>28</sat></trkpt>
  <trkpt lat="44.69023709" lon="-0.81446609"><ele>232.009</ele><time>2026-08-22T08:56:21Z</time><speed>21.300</speed><sat>25</sat></trkpt>
  <trkpt lat="44.69006167" lon="-0.81435920"><ele>231.327</ele><time>2026-08-22T08:56:22Z</time><speed>20.790</speed><sat>28</sat></trkpt>
  <trkpt lat="44.68989064" lon="-0.81424088"><ele>231.766</ele><time>2026-08-22T08:56:23Z</time><speed>20.260</speed><sat>27</sat></trkpt>
  <trkpt lat="44.68973146" lon="-0.81413723"><ele>231.700</ele><time>2026-08-22T08:56:24Z</time><speed>19.800</speed><sat>29</sat></trkpt>
  <trkpt lat="44.68956852" lon="-0.81404421"><ele>232.060</ele><time>2026-08-22T08:56:25Z</time><speed>19.360</speed><sat>31</sat></trkpt>
  <trkpt lat="44.68940941" lon="-0.81395206"><ele>231.583</ele><time>2026-08-22T08:56:26Z</time><speed>19.260</speed><sat>31</sat></trkpt>
  <trkpt lat="44.68924599" lon="-0.81385768"><ele>231.009</ele><time>2026-08-22T08:56:27Z</time><speed>19.330</speed><sat>30</sat></trkpt>
  <trkpt lat="44.68907786" lon="-0.81376702"><ele>229.952</ele><time>2026-08-22T08:56:28Z</time><speed>19.480</speed><sat>30</sat></trkpt>
  <trkpt lat="44.68891282" lon="-0.81366671"><ele>229.149</ele><time>2026-08-22T08:56:29Z</time><speed>19.740</speed><sat>29</sat></trkpt>
  <trkpt lat="44.68874559" lon="-0.81355672"><ele>229.281</ele><time>2026-08-22T08:56:30Z</time><speed>20.100</speed><sat>29</sat></trkpt>
  <trkpt lat="44.68859340" lon="-0.81342971"><ele>228.875</ele><time>2026-08-22T08:56:31Z</time><speed>19.920</speed><sat>28</sat></trkpt>
  <trkpt lat="44.68844760" lon="-0.81328401"><ele>228.754</ele><time>2026-08-22T08:56:32Z</time><speed>19.530</speed><sat>28</sat></trkpt>
  <trkpt lat="44.68832350" lon="-0.81312117"><ele>228.834</ele><time>2026-08-22T08:56:33Z</time><speed>18.840</speed><sat>26</sat></trkpt>
  <trkpt lat="44.68821956" lon="-0.81293385"><ele>227.827</ele><time>2026-08-22T08:56:34Z</time><speed>18.400</speed><sat>25</sat></trkpt>
  <trkpt lat="44.68814309" lon="-0.81273127"><ele>226.933</ele><time>2026-08-22T08:56:35Z</time><speed>18.170</speed><sat>26</sat></trkpt>
  <trkpt lat="44.68809813" lon="-0.81251237"><ele>226.120</ele><time>2026-08-22T08:56:36Z</time><speed>18.040</speed><sat>26</sat></trkpt>
  <trkpt lat="44.68810261" lon="-0.81228414"><ele>224.438</ele><time>2026-08-22T08:56:37Z</time><speed>18.150</speed><sat>26</sat></trkpt>
  <trkpt lat="44.68814136" lon="-0.81205339"><ele>222.365</ele><time>2026-08-22T08:56:38Z</time><speed>18.560</speed><sat>28</sat></trkpt>
  <trkpt lat="44.68821401" lon="-0.81183309"><ele>221.813</ele><time>2026-08-22T08:56:39Z</time><speed>19.120</speed><sat>28</sat></trkpt>
  <trkpt lat="44.68832752" lon="-0.81162875"><ele>221.901</ele><time>2026-08-22T08:56:40Z</time><speed>19.350</speed><sat>28</sat></trkpt>
  <trkpt lat="44.68845203" lon="-0.81145493"><ele>222.987</ele><time>2026-08-22T08:56:41Z</time><speed>19.270</speed><sat>30</sat></trkpt>
  <trkpt lat="44.68859407" lon="-0.81131498"><ele>224.931</ele><time>2026-08-22T08:56:42Z</time><speed>19.260</speed><sat>29</sat></trkpt>
  <trkpt lat="44.68874149" lon="-0.81119281"><ele>225.327</ele><time>2026-08-22T08:56:43Z</time><speed>18.890</speed><sat>30</sat></trkpt>
  <trkpt lat="44.68891074" lon="-0.81111067"><ele>226.101</ele><time>2026-08-22T08:56:44Z</time><speed>19.740</speed><sat>28</sat></trkpt>
  <trkpt lat="44.68909389" lon="-0.81105910"><ele>225.407</ele><time>2026-08-22T08:56:45Z</time><speed>20.510</speed><sat>30</sat></trkpt>
  <trkpt lat="44.68929373" lon="-0.81102034"><ele>224.116</ele><time>2026-08-22T08:56:46Z</time><speed>21.800</speed><sat>29</sat></trkpt>
  <trkpt lat="44.68950209" lon="-0.81100894"><ele>222.912</ele><time>2026-08-22T08:56:47Z</time><speed>22.910</speed><sat>29</sat></trkpt>
  <trkpt lat="44.68972079" lon="-0.81100965"><ele>221.376</ele><time>2026-08-22T08:56:48Z</time><speed>23.640</speed><sat>28</sat></trkpt>
  <trkpt lat="44.68994440" lon="-0.81101262"><ele>221.343</ele><time>2026-08-22T08:56:49Z</time><speed>23.510</speed><sat>28</sat></trkpt>
  <trkpt lat="44.69015696" lon="-0.81102837"><ele>223.130</ele><time>2026-08-22T08:56:50Z</time><speed>22.660</speed><sat>28</sat></trkpt>
  <trkpt lat="44.69035803" lon="-0.81104739"><ele>226.690</ele><time>2026-08-22T08:56:51Z</time><speed>21.760</speed><sat>27</sat></trkpt>
  <trkpt lat="44.69055863" lon="-0.81108107"><ele>228.399</ele><time>2026-08-22T08:56:52Z</time><speed>21.270</speed><sat>29</sat></trkpt>
  <trkpt lat="44.69075757" lon="-0.81111935"><ele>228.498</ele><time>2026-08-22T08:56:53Z</time><speed>21.660</speed><sat>26</sat></trkpt>
  <trkpt lat="44.69095755" lon="-0.81117975"><ele>228.026</ele><time>2026-08-22T08:56:54Z</time><speed>22.320</speed><sat>30</sat></trkpt>
  <trkpt lat="44.69116202" lon="-0.81124740"><ele>225.898</ele><time>2026-08-22T08:56:55Z</time><speed>23.350</speed><sat>30</sat></trkpt>
  <trkpt lat="44.69137160" lon="-0.81132065"><ele>223.852</ele><time>2026-08-22T08:56:56Z</time><speed>24.370</speed><sat>31</sat></trkpt>
  <trkpt lat="44.69159417" lon="-0.81136636"><ele>221.548</ele><time>2026-08-22T08:56:57Z</time><speed>24.800</speed><sat>31</sat></trkpt>
  <trkpt lat="44.69181898" lon="-0.81138789"><ele>220.855</ele><time>2026-08-22T08:56:58Z</time><speed>24.400</speed><sat>31</sat></trkpt>
  <trkpt lat="44.69203453" lon="-0.81138330"><ele>221.133</ele><time>2026-08-22T08:56:59Z</time><speed>23.600</speed><sat>29</sat></trkpt>
  <trkpt lat="44.69223806" lon="-0.81136803"><ele>222.670</ele><time>2026-08-22T08:57:00Z</time><speed>22.450</speed><sat>29</sat></trkpt>
  <trkpt lat="44.69242952" lon="-0.81133192"><ele>224.696</ele><time>2026-08-22T08:57:01Z</time><speed>21.320</speed><sat>29</sat></trkpt>
  <trkpt lat="44.69260747" lon="-0.81128081"><ele>226.279</ele><time>2026-08-22T08:57:02Z</time><speed>20.480</speed><sat>32</sat></trkpt>
  <trkpt lat="44.69278600" lon="-0.81121597"><ele>226.389</ele><time>2026-08-22T08:57:03Z</time><speed>20.090</speed><sat>31</sat></trkpt>
  <trkpt lat="44.69296198" lon="-0.81114487"><ele>225.767</ele><time>2026-08-22T08:57:04Z</time><speed>20.060</speed><sat>32</sat></trkpt>
  <trkpt lat="44.69313643" lon="-0.81105111"><ele>223.750</ele><time>2026-08-22T08:57:05Z</time><speed>20.650</speed><sat>31</sat></trkpt>
  <trkpt lat="44.69330595" lon="-0.81095617"><ele>221.711</ele><time>2026-08-22T08:57:06Z</time><speed>21.620</speed><sat>29</sat></trkpt>
  <trkpt lat="44.69349609" lon="-0.81084933"><ele>219.784</ele><time>2026-08-22T08:57:07Z</time><speed>22.480</speed><sat>30</sat></trkpt>
  <trkpt lat="44.69369070" lon="-0.81073585"><ele>218.247</ele><time>2026-08-22T08:57:08Z</time><speed>23.090</speed><sat>30</sat></trkpt>
  <trkpt lat="44.69388200" lon="-0.81062339"><ele>218.836</ele><time>2026-08-22T08:57:09Z</time><speed>22.910</speed><sat>30</sat></trkpt>
  <trkpt lat="44.69405403" lon="-0.81049384"><ele>219.937</ele><time>2026-08-22T08:57:10Z</time><speed>22.000</speed><sat>33</sat></trkpt>
  <trkpt lat="44.69420934" lon="-0.81035292"><ele>222.384</ele><time>2026-08-22T08:57:11Z</time><speed>20.540</speed><sat>30</sat></trkpt>
  <trkpt lat="44.69434380" lon="-0.81020793"><ele>224.814</ele><time>2026-08-22T08:57:12Z</time><speed>18.970</speed><sat>31</sat></trkpt>
  <trkpt lat="44.69445710" lon="-0.81005036"><ele>226.342</ele><time>2026-08-22T08:57:13Z</time><speed>18.110</speed><sat>30</sat></trkpt>
  <trkpt lat="44.69455615" lon="-0.80986985"><ele>226.218</ele><time>2026-08-22T08:57:14Z</time><speed>17.910</speed><sat>32</sat></trkpt>
  <trkpt lat="44.69464280" lon="-0.80967364"><ele>225.178</ele><time>2026-08-22T08:57:15Z</time><speed>18.370</speed><sat>30</sat></trkpt>
  <trkpt lat="44.69474210" lon="-0.80947638"><ele>223.146</ele><time>2026-08-22T08:57:16Z</time><speed>19.030</speed><sat>31</sat></trkpt>
  <trkpt lat="44.69485069" lon="-0.80928107"><ele>221.514</ele><time>2026-08-22T08:57:17Z</time><speed>19.500</speed><sat>30</sat></trkpt>
  <trkpt lat="44.69497245" lon="-0.80909608"><ele>220.322</ele><time>2026-08-22T08:57:18Z</time><speed>20.260</speed><sat>31</sat></trkpt>
  <trkpt lat="44.69510297" lon="-0.80891448"><ele>219.134</ele><time>2026-08-22T08:57:19Z</time><speed>20.610</speed><sat>30</sat></trkpt>
  <trkpt lat="44.69524341" lon="-0.80872804"><ele>218.657</ele><time>2026-08-22T08:57:20Z</time><speed>20.990</speed><sat>32</sat></trkpt>
  <trkpt lat="44.69537357" lon="-0.80853355"><ele>219.182</ele><time>2026-08-22T08:57:21Z</time><speed>21.080</speed><sat>30</sat></trkpt>
  <trkpt lat="44.69548727" lon="-0.80833414"><ele>221.311</ele><time>2026-08-22T08:57:22Z</time><speed>20.550</speed><sat>32</sat></trkpt>
  <trkpt lat="44.69558202" lon="-0.80813406"><ele>224.470</ele><time>2026-08-22T08:57:23Z</time><speed>19.180</speed><sat>32</sat></trkpt>
  <trkpt lat="44.69565850" lon="-0.80793377"><ele>226.269</ele><time>2026-08-22T08:57:24Z</time><speed>18.030</speed><sat>31</sat></trkpt>
  <trkpt lat="44.69572030" lon="-0.80772362"><ele>226.549</ele><time>2026-08-22T08:57:25Z</time><speed>17.240</speed><sat>29</sat></trkpt>
  <trkpt lat="44.69577511" lon="-0.80751312"><ele>226.076</ele><time>2026-08-22T08:57:26Z</time><speed>17.480</speed><sat>29</sat></trkpt>
  <trkpt lat="44.69582945" lon="-0.80729889"><ele>223.880</ele><time>2026-08-22T08:57:27Z</time><speed>18.310</speed><sat>29</sat></trkpt>
  <trkpt lat="44.69589211" lon="-0.80706487"><ele>221.254</ele><time>2026-08-22T08:57:28Z</time><speed>19.870</speed><sat>27</sat></trkpt>
  <trkpt lat="44.69596155" lon="-0.80681311"><ele>218.407</ele><time>2026-08-22T08:57:29Z</time><speed>21.520</speed><sat>31</sat></trkpt>
  <trkpt lat="44.69603080" lon="-0.80655400"><ele>217.379</ele><time>2026-08-22T08:57:30Z</time><speed>22.320</speed><sat>30</sat></trkpt>
  <trkpt lat="44.69609663" lon="-0.80629434"><ele>217.980</ele><time>2026-08-22T08:57:31Z</time><speed>21.700</speed><sat>31</sat></trkpt>
  <trkpt lat="44.69617174" lon="-0.80606497"><ele>220.737</ele><time>2026-08-22T08:57:32Z</time><speed>19.830</speed><sat>31</sat></trkpt>
  <trkpt lat="44.69625214" lon="-0.80586389"><ele>224.059</ele><time>2026-08-22T08:57:33Z</time><speed>17.880</speed><sat>30</sat></trkpt>
  <trkpt lat="44.69633383" lon="-0.80569087"><ele>225.044</ele><time>2026-08-22T08:57:34Z</time><speed>16.810</speed><sat>32</sat></trkpt>
  <trkpt lat="44.69641923" lon="-0.80551751"><ele>223.382</ele><time>2026-08-22T08:57:35Z</time><speed>16.720</speed><sat>31</sat></trkpt>
  <trkpt lat="44.69650947" lon="-0.80534594"><ele>220.472</ele><time>2026-08-22T08:57:36Z</time><speed>17.390</speed><sat>29</sat></trkpt>
  <trkpt lat="44.69661601" lon="-0.80516615"><ele>216.704</ele><time>2026-08-22T08:57:37Z</time><speed>18.360</speed><sat>31</sat></trkpt>
  <trkpt lat="44.69672037" lon="-0.80496772"><ele>212.733</ele><time>2026-08-22T08:57:38Z</time><speed>19.510</speed><sat>29</sat></trkpt>
  <trkpt lat="44.69682589" lon="-0.80475540"><ele>209.666</ele><time>2026-08-22T08:57:39Z</time><speed>20.340</speed><sat>29</sat></trkpt>
  <trkpt lat="44.69692480" lon="-0.80453609"><ele>207.699</ele><time>2026-08-22T08:57:40Z</time><speed>20.710</speed><sat>31</sat></trkpt>
  <trkpt lat="44.69702383" lon="-0.80431658"><ele>207.754</ele><time>2026-08-22T08:57:41Z</time><speed>20.340</speed><sat>31</sat></trkpt>
  <trkpt lat="44.69712130" lon="-0.80410742"><ele>209.727</ele><time>2026-08-22T08:57:42Z</time><speed>19.500</speed><sat>28</sat></trkpt>
  <trkpt lat="44.69721411" lon="-0.80391350"><ele>211.548</ele><time>2026-08-22T08:57:43Z</time><speed>18.770</speed><sat>27</sat></trkpt>
  <trkpt lat="44.69730213" lon="-0.80372330"><ele>211.302</ele><time>2026-08-22T08:57:44Z</time><speed>18.450</speed><sat>33</sat></trkpt>
  <trkpt lat="44.69739243" lon="-0.80352444"><ele>210.259</ele><time>2026-08-22T08:57:45Z</time><speed>18.490</speed><sat>28</sat></trkpt>
  <trkpt lat="44.69748083" lon="-0.80331935"><ele>208.133</ele><time>2026-08-22T08:57:46Z</time><speed>18.670</speed><sat>29</sat></trkpt>
  <trkpt lat="44.69755644" lon="-0.80310465"><ele>205.613</ele><time>2026-08-22T08:57:47Z</time><speed>18.920</speed><sat>32</sat></trkpt>
  <trkpt lat="44.69762513" lon="-0.80288507"><ele>203.622</ele><time>2026-08-22T08:57:48Z</time><speed>18.850</speed><sat>32</sat></trkpt>
  <trkpt lat="44.69767998" lon="-0.80266482"><ele>202.499</ele><time>2026-08-22T08:57:49Z</time><speed>18.520</speed><sat>31</sat></trkpt>
  <trkpt lat="44.69772883" lon="-0.80245023"><ele>201.251</ele><time>2026-08-22T08:57:50Z</time><speed>18.070</speed><sat>31</sat></trkpt>
  <trkpt lat="44.69777557" lon="-0.80224015"><ele>199.631</ele><time>2026-08-22T08:57:51Z</time><speed>17.500</speed><sat>30</sat></trkpt>
  <trkpt lat="44.69781745" lon="-0.80202899"><ele>198.389</ele><time>2026-08-22T08:57:52Z</time><speed>17.120</speed><sat>31</sat></trkpt>
  <trkpt lat="44.69785370" lon="-0.80182299"><ele>196.829</ele><time>2026-08-22T08:57:53Z</time><speed>17.040</speed><sat>30</sat></trkpt>
  <trkpt lat="44.69789325" lon="-0.80161430"><ele>194.685</ele><time>2026-08-22T08:57:54Z</time><speed>17.090</speed><sat>31</sat></trkpt>
  <trkpt lat="44.69793441" lon="-0.80140849"><ele>192.663</ele><time>2026-08-22T08:57:55Z</time><speed>17.310</speed><sat>29</sat></trkpt>
  <trkpt lat="44.69798496" lon="-0.80119784"><ele>189.783</ele><time>2026-08-22T08:57:56Z</time><speed>17.730</speed><sat>29</sat></trkpt>
  <trkpt lat="44.69804717" lon="-0.80098156"><ele>187.407</ele><time>2026-08-22T08:57:57Z</time><speed>18.240</speed><sat>32</sat></trkpt>
  <trkpt lat="44.69811284" lon="-0.80075769"><ele>185.292</ele><time>2026-08-22T08:57:58Z</time><speed>18.770</speed><sat>31</sat></trkpt>
  <trkpt lat="44.69817647" lon="-0.80052645"><ele>184.547</ele><time>2026-08-22T08:57:59Z</time><speed>19.220</speed><sat>31</sat></trkpt>
  <trkpt lat="44.69823720" lon="-0.80029153"><ele>183.834</ele><time>2026-08-22T08:58:00Z</time><speed>19.590</speed><sat>31</sat></trkpt>
  <trkpt lat="44.69830087" lon="-0.80005851"><ele>184.401</ele><time>2026-08-22T08:58:01Z</time><speed>19.340</speed><sat>30</sat></trkpt>
  <trkpt lat="44.69835633" lon="-0.79983584"><ele>185.994</ele><time>2026-08-22T08:58:02Z</time><speed>18.660</speed><sat>30</sat></trkpt>
  <trkpt lat="44.69841368" lon="-0.79962417"><ele>187.893</ele><time>2026-08-22T08:58:03Z</time><speed>17.800</speed><sat>32</sat></trkpt>
  <trkpt lat="44.69846638" lon="-0.79942137"><ele>189.083</ele><time>2026-08-22T08:58:04Z</time><speed>17.040</speed><sat>31</sat></trkpt>
  <trkpt lat="44.69851715" lon="-0.79922910"><ele>188.670</ele><time>2026-08-22T08:58:05Z</time><speed>16.700</speed><sat>31</sat></trkpt>
  <trkpt lat="44.69856920" lon="-0.79903137"><ele>187.075</ele><time>2026-08-22T08:58:06Z</time><speed>16.820</speed><sat>32</sat></trkpt>
  <trkpt lat="44.69862284" lon="-0.79882671"><ele>184.140</ele><time>2026-08-22T08:58:07Z</time><speed>17.300</speed><sat>33</sat></trkpt>
  <trkpt lat="44.69868510" lon="-0.79860949"><ele>181.122</ele><time>2026-08-22T08:58:08Z</time><speed>18.190</speed><sat>28</sat></trkpt>
  <trkpt lat="44.69874339" lon="-0.79838017"><ele>178.016</ele><time>2026-08-22T08:58:09Z</time><speed>19.050</speed><sat>31</sat></trkpt>
  <trkpt lat="44.69878637" lon="-0.79814200"><ele>175.698</ele><time>2026-08-22T08:58:10Z</time><speed>19.580</speed><sat>31</sat></trkpt>
  <trkpt lat="44.69881564" lon="-0.79790872"><ele>174.701</ele><time>2026-08-22T08:58:11Z</time><speed>19.520</speed><sat>31</sat></trkpt>
  <trkpt lat="44.69884781" lon="-0.79767931"><ele>175.639</ele><time>2026-08-22T08:58:12Z</time><speed>18.770</speed><sat>32</sat></trkpt>
  <trkpt lat="44.69887706" lon="-0.79745626"><ele>176.989</ele><time>2026-08-22T08:58:13Z</time><speed>17.790</speed><sat>31</sat></trkpt>
  <trkpt lat="44.69890303" lon="-0.79723824"><ele>177.615</ele><time>2026-08-22T08:58:14Z</time><speed>16.880</speed><sat>31</sat></trkpt>
  <trkpt lat="44.69893469" lon="-0.79703246"><ele>177.218</ele><time>2026-08-22T08:58:15Z</time><speed>16.570</speed><sat>28</sat></trkpt>
  <trkpt lat="44.69897035" lon="-0.79682106"><ele>176.093</ele><time>2026-08-22T08:58:16Z</time><speed>16.920</speed><sat>30</sat></trkpt>
  <trkpt lat="44.69900596" lon="-0.79661298"><ele>174.420</ele><time>2026-08-22T08:58:17Z</time><speed>17.290</speed><sat>31</sat></trkpt>
  <trkpt lat="44.69905240" lon="-0.79639333"><ele>171.997</ele><time>2026-08-22T08:58:18Z</time><speed>17.760</speed><sat>30</sat></trkpt>
  <trkpt lat="44.69909903" lon="-0.79616837"><ele>170.160</ele><time>2026-08-22T08:58:19Z</time><speed>18.290</speed><sat>28</sat></trkpt>
  <trkpt lat="44.69914205" lon="-0.79593708"><ele>168.574</ele><time>2026-08-22T08:58:20Z</time><speed>18.680</speed><sat>29</sat></trkpt>
  <trkpt lat="44.69918960" lon="-0.79570476"><ele>167.185</ele><time>2026-08-22T08:58:21Z</time><speed>18.930</speed><sat>30</sat></trkpt>
  <trkpt lat="44.69924271" lon="-0.79547440"><ele>165.467</ele><time>2026-08-22T08:58:22Z</time><speed>19.330</speed><sat>29</sat></trkpt>
  <trkpt lat="44.69929436" lon="-0.79523410"><ele>165.101</ele><time>2026-08-22T08:58:23Z</time><speed>19.620</speed><sat>30</sat></trkpt>
  <trkpt lat="44.69935368" lon="-0.79501138"><ele>165.545</ele><time>2026-08-22T08:58:24Z</time><speed>19.010</speed><sat>30</sat></trkpt>
  <trkpt lat="44.69941805" lon="-0.79479762"><ele>165.376</ele><time>2026-08-22T08:58:25Z</time><speed>18.220</speed><sat>31</sat></trkpt>
  <trkpt lat="44.69947843" lon="-0.79458663"><ele>164.352</ele><time>2026-08-22T08:58:26Z</time><speed>17.920</speed><sat>30</sat></trkpt>
  <trkpt lat="44.69954584" lon="-0.79438154"><ele>162.733</ele><time>2026-08-22T08:58:27Z</time><speed>18.160</speed><sat>30</sat></trkpt>
  <trkpt lat="44.69961120" lon="-0.79417162"><ele>160.726</ele><time>2026-08-22T08:58:28Z</time><speed>18.520</speed><sat>28</sat></trkpt>
  <trkpt lat="44.69967438" lon="-0.79395030"><ele>158.601</ele><time>2026-08-22T08:58:29Z</time><speed>19.000</speed><sat>29</sat></trkpt>
  <trkpt lat="44.69974060" lon="-0.79372222"><ele>157.054</ele><time>2026-08-22T08:58:30Z</time><speed>19.540</speed><sat>29</sat></trkpt>
  <trkpt lat="44.69979749" lon="-0.79348524"><ele>156.473</ele><time>2026-08-22T08:58:31Z</time><speed>19.640</speed><sat>30</sat></trkpt>
  <trkpt lat="44.69984755" lon="-0.79325309"><ele>156.420</ele><time>2026-08-22T08:58:32Z</time><speed>19.520</speed><sat>29</sat></trkpt>
  <trkpt lat="44.69988953" lon="-0.79302105"><ele>157.460</ele><time>2026-08-22T08:58:33Z</time><speed>18.970</speed><sat>31</sat></trkpt>
  <trkpt lat="44.69992718" lon="-0.79279011"><ele>158.175</ele><time>2026-08-22T08:58:34Z</time><speed>18.370</speed><sat>29</sat></trkpt>
  <trkpt lat="44.69995286" lon="-0.79257615"><ele>158.563</ele><time>2026-08-22T08:58:35Z</time><speed>17.600</speed><sat>30</sat></trkpt>
  <trkpt lat="44.69997015" lon="-0.79235623"><ele>158.268</ele><time>2026-08-22T08:58:36Z</time><speed>17.410</speed><sat>27</sat></trkpt>
  <trkpt lat="44.69999018" lon="-0.79213659"><ele>157.442</ele><time>2026-08-22T08:58:37Z</time><speed>17.530</speed><sat>26</sat></trkpt>
  <trkpt lat="44.70001735" lon="-0.79191607"><ele>156.166</ele><time>2026-08-22T08:58:38Z</time><speed>17.860</speed><sat>24</sat></trkpt>
  <trkpt lat="44.70005956" lon="-0.79169923"><ele>154.593</ele><time>2026-08-22T08:58:39Z</time><speed>18.010</speed><sat>31</sat></trkpt>
  <trkpt lat="44.70011508" lon="-0.79148325"><ele>152.580</ele><time>2026-08-22T08:58:40Z</time><speed>18.170</speed><sat>31</sat></trkpt>
  <trkpt lat="44.70018669" lon="-0.79127150"><ele>150.718</ele><time>2026-08-22T08:58:41Z</time><speed>18.620</speed><sat>31</sat></trkpt>
  <trkpt lat="44.70026260" lon="-0.79105495"><ele>148.698</ele><time>2026-08-22T08:58:42Z</time><speed>19.010</speed><sat>30</sat></trkpt>
  <trkpt lat="44.70034527" lon="-0.79083817"><ele>147.066</ele><time>2026-08-22T08:58:43Z</time><speed>19.410</speed><sat>29</sat></trkpt>
  <trkpt lat="44.70043713" lon="-0.79061669"><ele>144.246</ele><time>2026-08-22T08:58:44Z</time><speed>20.030</speed><sat>28</sat></trkpt>
  <trkpt lat="44.70052522" lon="-0.79038745"><ele>141.647</ele><time>2026-08-22T08:58:45Z</time><speed>20.850</speed><sat>31</sat></trkpt>
  <trkpt lat="44.70060407" lon="-0.79014470"><ele>139.124</ele><time>2026-08-22T08:58:46Z</time><speed>21.330</speed><sat>33</sat></trkpt>
  <trkpt lat="44.70067507" lon="-0.78989976"><ele>138.342</ele><time>2026-08-22T08:58:47Z</time><speed>21.270</speed><sat>30</sat></trkpt>
  <trkpt lat="44.70074741" lon="-0.78966095"><ele>138.429</ele><time>2026-08-22T08:58:48Z</time><speed>20.450</speed><sat>29</sat></trkpt>
  <trkpt lat="44.70081607" lon="-0.78943699"><ele>138.106</ele><time>2026-08-22T08:58:49Z</time><speed>19.300</speed><sat>27</sat></trkpt>
  <trkpt lat="44.70087597" lon="-0.78921853"><ele>135.820</ele><time>2026-08-22T08:58:50Z</time><speed>18.390</speed><sat>29</sat></trkpt>
  <trkpt lat="44.70092777" lon="-0.78899280"><ele>131.850</ele><time>2026-08-22T08:58:51Z</time><speed>18.520</speed><sat>28</sat></trkpt>
  <trkpt lat="44.70097790" lon="-0.78875794"><ele>125.838</ele><time>2026-08-22T08:58:52Z</time><speed>19.670</speed><sat>30</sat></trkpt>
  <trkpt lat="44.70102909" lon="-0.78851133"><ele>120.206</ele><time>2026-08-22T08:58:53Z</time><speed>20.660</speed><sat>27</sat></trkpt>
  <trkpt lat="44.70109661" lon="-0.78826073"><ele>115.475</ele><time>2026-08-22T08:58:54Z</time><speed>21.180</speed><sat>29</sat></trkpt>
  <trkpt lat="44.70116794" lon="-0.78800729"><ele>111.843</ele><time>2026-08-22T08:58:55Z</time><speed>21.550</speed><sat>28</sat></trkpt>
  <trkpt lat="44.70123870" lon="-0.78775170"><ele>108.515</ele><time>2026-08-22T08:58:56Z</time><speed>21.470</speed><sat>29</sat></trkpt>
  <trkpt lat="44.70130659" lon="-0.78749911"><ele>104.149</ele><time>2026-08-22T08:58:57Z</time><speed>21.300</speed><sat>30</sat></trkpt>
  <trkpt lat="44.70137068" lon="-0.78724466"><ele>99.204</ele><time>2026-08-22T08:58:58Z</time><speed>21.540</speed><sat>29</sat></trkpt>
  <trkpt lat="44.70143137" lon="-0.78697703"><ele>93.991</ele><time>2026-08-22T08:58:59Z</time><speed>22.020</speed><sat>29</sat></trkpt>
  <trkpt lat="44.70149444" lon="-0.78670829"><ele>89.538</ele><time>2026-08-22T08:59:00Z</time><speed>22.280</speed><sat>28</sat></trkpt>
  <trkpt lat="44.70155781" lon="-0.78644146"><ele>85.625</ele><time>2026-08-22T08:59:01Z</time><speed>22.410</speed><sat>28</sat></trkpt>
  <trkpt lat="44.70163659" lon="-0.78618483"><ele>82.696</ele><time>2026-08-22T08:59:02Z</time><speed>22.460</speed><sat>30</sat></trkpt>
  <trkpt lat="44.70171736" lon="-0.78592993"><ele>80.620</ele><time>2026-08-22T08:59:03Z</time><speed>22.480</speed><sat>30</sat></trkpt>
  <trkpt lat="44.70179476" lon="-0.78567479"><ele>77.828</ele><time>2026-08-22T08:59:04Z</time><speed>22.000</speed><sat>29</sat></trkpt>
  <trkpt lat="44.70186646" lon="-0.78541950"><ele>74.837</ele><time>2026-08-22T08:59:05Z</time><speed>21.680</speed><sat>29</sat></trkpt>
  <trkpt lat="44.70192711" lon="-0.78514755"><ele>71.348</ele><time>2026-08-22T08:59:06Z</time><speed>22.400</speed><sat>28</sat></trkpt>
  <trkpt lat="44.70199220" lon="-0.78486076"><ele>69.482</ele><time>2026-08-22T08:59:07Z</time><speed>23.980</speed><sat>29</sat></trkpt>
  <trkpt lat="44.70207275" lon="-0.78457107"><ele>70.133</ele><time>2026-08-22T08:59:08Z</time><speed>24.590</speed><sat>28</sat></trkpt>
  <trkpt lat="44.70216429" lon="-0.78429695"><ele>72.417</ele><time>2026-08-22T08:59:09Z</time><speed>23.760</speed><sat>28</sat></trkpt>
  <trkpt lat="44.70225875" lon="-0.78405217"><ele>75.157</ele><time>2026-08-22T08:59:10Z</time><speed>21.800</speed><sat>31</sat></trkpt>
  <trkpt lat="44.70235912" lon="-0.78382848"><ele>77.854</ele><time>2026-08-22T08:59:11Z</time><speed>20.740</speed><sat>31</sat></trkpt>
  <trkpt lat="44.70245751" lon="-0.78361708"><ele>80.084</ele><time>2026-08-22T08:59:12Z</time><speed>20.120</speed><sat>32</sat></trkpt>
  <trkpt lat="44.70257828" lon="-0.78339977"><ele>83.783</ele><time>2026-08-22T08:59:13Z</time><speed>20.990</speed><sat>30</sat></trkpt>
  <trkpt lat="44.70269966" lon="-0.78317870"><ele>84.907</ele><time>2026-08-22T08:59:14Z</time><speed>21.140</speed><sat>30</sat></trkpt>
  <trkpt lat="44.70281088" lon="-0.78295075"><ele>84.975</ele><time>2026-08-22T08:59:15Z</time><speed>22.010</speed><sat>32</sat></trkpt>
  <trkpt lat="44.70292005" lon="-0.78270747"><ele>84.841</ele><time>2026-08-22T08:59:16Z</time><speed>22.720</speed><sat>32</sat></trkpt>
  <trkpt lat="44.70300762" lon="-0.78244599"><ele>86.342</ele><time>2026-08-22T08:59:17Z</time><speed>22.850</speed><sat>30</sat></trkpt>
  <trkpt lat="44.70309041" lon="-0.78218132"><ele>90.919</ele><time>2026-08-22T08:59:18Z</time><speed>21.610</speed><sat>28</sat></trkpt>
  <trkpt lat="44.70315904" lon="-0.78193264"><ele>96.213</ele><time>2026-08-22T08:59:19Z</time><speed>19.850</speed><sat>31</sat></trkpt>
  <trkpt lat="44.70321303" lon="-0.78170302"><ele>101.397</ele><time>2026-08-22T08:59:20Z</time><speed>18.130</speed><sat>29</sat></trkpt>
  <trkpt lat="44.70326203" lon="-0.78148915"><ele>106.246</ele><time>2026-08-22T08:59:21Z</time><speed>17.690</speed><sat>29</sat></trkpt>
  <trkpt lat="44.70329571" lon="-0.78127272"><ele>110.349</ele><time>2026-08-22T08:59:22Z</time><speed>17.200</speed><sat>28</sat></trkpt>
  <trkpt lat="44.70332289" lon="-0.78106082"><ele>113.819</ele><time>2026-08-22T08:59:23Z</time><speed>17.070</speed><sat>28</sat></trkpt>
  <trkpt lat="44.70333585" lon="-0.78085591"><ele>116.022</ele><time>2026-08-22T08:59:24Z</time><speed>16.530</speed><sat>28</sat></trkpt>
  <trkpt lat="44.70332821" lon="-0.78065189"><ele>119.028</ele><time>2026-08-22T08:59:25Z</time><speed>16.370</speed><sat>26</sat></trkpt>
  <trkpt lat="44.70331203" lon="-0.78045233"><ele>122.027</ele><time>2026-08-22T08:59:26Z</time><speed>16.350</speed><sat>27</sat></trkpt>
  <trkpt lat="44.70327338" lon="-0.78024994"><ele>123.063</ele><time>2026-08-22T08:59:27Z</time><speed>16.930</speed><sat>27</sat></trkpt>
  <trkpt lat="44.70322270" lon="-0.78003971"><ele>122.020</ele><time>2026-08-22T08:59:28Z</time><speed>17.750</speed><sat>29</sat></trkpt>
  <trkpt lat="44.70315642" lon="-0.77983145"><ele>120.899</ele><time>2026-08-22T08:59:29Z</time><speed>18.240</speed><sat>29</sat></trkpt>
  <trkpt lat="44.70306743" lon="-0.77962268"><ele>120.689</ele><time>2026-08-22T08:59:30Z</time><speed>19.180</speed><sat>29</sat></trkpt>
  <trkpt lat="44.70296637" lon="-0.77941978"><ele>121.420</ele><time>2026-08-22T08:59:31Z</time><speed>19.740</speed><sat>30</sat></trkpt>
  <trkpt lat="44.70285839" lon="-0.77921975"><ele>123.629</ele><time>2026-08-22T08:59:32Z</time><speed>19.830</speed><sat>26</sat></trkpt>
  <trkpt lat="44.70275639" lon="-0.77902400"><ele>126.367</ele><time>2026-08-22T08:59:33Z</time><speed>19.740</speed><sat>27</sat></trkpt>
  <trkpt lat="44.70265816" lon="-0.77882121"><ele>129.313</ele><time>2026-08-22T08:59:34Z</time><speed>19.530</speed><sat>23</sat></trkpt>
  <trkpt lat="44.70256426" lon="-0.77861820"><ele>133.304</ele><time>2026-08-22T08:59:35Z</time><speed>18.910</speed><sat>26</sat></trkpt>
  <trkpt lat="44.70248233" lon="-0.77842507"><ele>136.878</ele><time>2026-08-22T08:59:36Z</time><speed>17.940</speed><sat>31</sat></trkpt>
  <trkpt lat="44.70241166" lon="-0.77822534"><ele>139.340</ele><time>2026-08-22T08:59:37Z</time><speed>17.440</speed><sat>27</sat></trkpt>
  <trkpt lat="44.70233387" lon="-0.77801213"><ele>140.402</ele><time>2026-08-22T08:59:38Z</time><speed>18.390</speed><sat>27</sat></trkpt>
  <trkpt lat="44.70223504" lon="-0.77779568"><ele>140.002</ele><time>2026-08-22T08:59:39Z</time><speed>20.160</speed><sat>29</sat></trkpt>
  <trkpt lat="44.70210207" lon="-0.77759390"><ele>140.845</ele><time>2026-08-22T08:59:40Z</time><speed>22.130</speed><sat>26</sat></trkpt>
  <trkpt lat="44.70192970" lon="-0.77744059"><ele>142.506</ele><time>2026-08-22T08:59:41Z</time><speed>22.890</speed><sat>29</sat></trkpt>
  <trkpt lat="44.70173456" lon="-0.77732597"><ele>145.890</ele><time>2026-08-22T08:59:42Z</time><speed>23.160</speed><sat>31</sat></trkpt>
  <trkpt lat="44.70152996" lon="-0.77725822"><ele>148.995</ele><time>2026-08-22T08:59:43Z</time><speed>23.300</speed><sat>31</sat></trkpt>
  <trkpt lat="44.70132089" lon="-0.77724304"><ele>151.757</ele><time>2026-08-22T08:59:44Z</time><speed>23.520</speed><sat>31</sat></trkpt>
  <trkpt lat="44.70110395" lon="-0.77728019"><ele>155.050</ele><time>2026-08-22T08:59:45Z</time><speed>23.850</speed><sat>31</sat></trkpt>
  <trkpt lat="44.70089453" lon="-0.77737537"><ele>158.472</ele><time>2026-08-22T08:59:46Z</time><speed>24.740</speed><sat>31</sat></trkpt>
  <trkpt lat="44.70068671" lon="-0.77751317"><ele>160.428</ele><time>2026-08-22T08:59:47Z</time><speed>25.130</speed><sat>28</sat></trkpt>
  <trkpt lat="44.70048948" lon="-0.77767959"><ele>162.299</ele><time>2026-08-22T08:59:48Z</time><speed>25.320</speed><sat>29</sat></trkpt>
  <trkpt lat="44.70030423" lon="-0.77787506"><ele>163.923</ele><time>2026-08-22T08:59:49Z</time><speed>25.760</speed><sat>28</sat></trkpt>
  <trkpt lat="44.70012857" lon="-0.77809342"><ele>165.363</ele><time>2026-08-22T08:59:50Z</time><speed>26.020</speed><sat>32</sat></trkpt>
  <trkpt lat="44.69996576" lon="-0.77833745"><ele>167.340</ele><time>2026-08-22T08:59:51Z</time><speed>26.150</speed><sat>27</sat></trkpt>
  <trkpt lat="44.69981111" lon="-0.77858920"><ele>170.286</ele><time>2026-08-22T08:59:52Z</time><speed>26.070</speed><sat>30</sat></trkpt>
  <trkpt lat="44.69966970" lon="-0.77884762"><ele>173.906</ele><time>2026-08-22T08:59:53Z</time><speed>25.590</speed><sat>28</sat></trkpt>
  <trkpt lat="44.69954559" lon="-0.77910139"><ele>177.564</ele><time>2026-08-22T08:59:54Z</time><speed>24.640</speed><sat>26</sat></trkpt>
  <trkpt lat="44.69941916" lon="-0.77934751"><ele>180.057</ele><time>2026-08-22T08:59:55Z</time><speed>24.010</speed><sat>28</sat></trkpt>
  <trkpt lat="44.69928828" lon="-0.77958929"><ele>182.592</ele><time>2026-08-22T08:59:56Z</time><speed>23.810</speed><sat>27</sat></trkpt>
  <trkpt lat="44.69915302" lon="-0.77982364"><ele>185.362</ele><time>2026-08-22T08:59:57Z</time><speed>23.800</speed><sat>27</sat></trkpt>
  <trkpt lat="44.69901571" lon="-0.78004831"><ele>188.044</ele><time>2026-08-22T08:59:58Z</time><speed>23.320</speed><sat>27</sat></trkpt>
  <trkpt lat="44.69887162" lon="-0.78024486"><ele>190.470</ele><time>2026-08-22T08:59:59Z</time><speed>22.430</speed><sat>24</sat></trkpt>
  <trkpt lat="44.69872253" lon="-0.78042002"><ele>192.645</ele><time>2026-08-22T09:00:00Z</time><speed>21.920</speed><sat>27</sat></trkpt>
  <trkpt lat="44.69856760" lon="-0.78057894"><ele>194.660</ele><time>2026-08-22T09:00:01Z</time><speed>21.730</speed><sat>25</sat></trkpt>
  <trkpt lat="44.69840463" lon="-0.78072254"><ele>194.401</ele><time>2026-08-22T09:00:02Z</time><speed>21.800</speed><sat>25</sat></trkpt>
  <trkpt lat="44.69822892" lon="-0.78085573"><ele>193.957</ele><time>2026-08-22T09:00:03Z</time><speed>22.100</speed><sat>27</sat></trkpt>
  <trkpt lat="44.69804763" lon="-0.78097262"><ele>193.479</ele><time>2026-08-22T09:00:04Z</time><speed>22.340</speed><sat>25</sat></trkpt>
  <trkpt lat="44.69786099" lon="-0.78107943"><ele>193.845</ele><time>2026-08-22T09:00:05Z</time><speed>22.410</speed><sat>26</sat></trkpt>
  <trkpt lat="44.69767293" lon="-0.78116303"><ele>193.967</ele><time>2026-08-22T09:00:06Z</time><speed>22.100</speed><sat>28</sat></trkpt>
  <trkpt lat="44.69748956" lon="-0.78124647"><ele>194.770</ele><time>2026-08-22T09:00:07Z</time><speed>21.810</speed><sat>28</sat></trkpt>
  <trkpt lat="44.69730437" lon="-0.78133559"><ele>195.978</ele><time>2026-08-22T09:00:08Z</time><speed>21.660</speed><sat>26</sat></trkpt>
  <trkpt lat="44.69711732" lon="-0.78142926"><ele>196.688</ele><time>2026-08-22T09:00:09Z</time><speed>21.620</speed><sat>27</sat></trkpt>
  <trkpt lat="44.69693915" lon="-0.78152288"><ele>196.909</ele><time>2026-08-22T09:00:10Z</time><speed>21.750</speed><sat>27</sat></trkpt>
  <trkpt lat="44.69675407" lon="-0.78163033"><ele>196.908</ele><time>2026-08-22T09:00:11Z</time><speed>22.090</speed><sat>28</sat></trkpt>
  <trkpt lat="44.69657047" lon="-0.78174395"><ele>196.610</ele><time>2026-08-22T09:00:12Z</time><speed>22.450</speed><sat>28</sat></trkpt>
  <trkpt lat="44.69638691" lon="-0.78187662"><ele>196.301</ele><time>2026-08-22T09:00:13Z</time><speed>22.690</speed><sat>26</sat></trkpt>
  <trkpt lat="44.69620162" lon="-0.78201261"><ele>196.259</ele><time>2026-08-22T09:00:14Z</time><speed>23.030</speed><sat>26</sat></trkpt>
  <trkpt lat="44.69601937" lon="-0.78215254"><ele>196.670</ele><time>2026-08-22T09:00:15Z</time><speed>23.150</speed><sat>25</sat></trkpt>
  <trkpt lat="44.69583700" lon="-0.78229558"><ele>197.706</ele><time>2026-08-22T09:00:16Z</time><speed>22.910</speed><sat>27</sat></trkpt>
  <trkpt lat="44.69566073" lon="-0.78243313"><ele>198.345</ele><time>2026-08-22T09:00:17Z</time><speed>22.550</speed><sat>27</sat></trkpt>
  <trkpt lat="44.69547962" lon="-0.78256925"><ele>198.884</ele><time>2026-08-22T09:00:18Z</time><speed>22.560</speed><sat>26</sat></trkpt>
  <trkpt lat="44.69528889" lon="-0.78269213"><ele>198.813</ele><time>2026-08-22T09:00:19Z</time><speed>23.270</speed><sat>26</sat></trkpt>
  <trkpt lat="44.69509391" lon="-0.78282133"><ele>198.697</ele><time>2026-08-22T09:00:20Z</time><speed>24.300</speed><sat>28</sat></trkpt>
  <trkpt lat="44.69490575" lon="-0.78298104"><ele>198.251</ele><time>2026-08-22T09:00:21Z</time><speed>24.880</speed><sat>28</sat></trkpt>
  <trkpt lat="44.69472150" lon="-0.78316341"><ele>198.340</ele><time>2026-08-22T09:00:22Z</time><speed>25.640</speed><sat>26</sat></trkpt>
  <trkpt lat="44.69453848" lon="-0.78337026"><ele>199.344</ele><time>2026-08-22T09:00:23Z</time><speed>25.970</speed><sat>28</sat></trkpt>
  <trkpt lat="44.69437441" lon="-0.78360085"><ele>201.821</ele><time>2026-08-22T09:00:24Z</time><speed>25.820</speed><sat>28</sat></trkpt>
  <trkpt lat="44.69421866" lon="-0.78383654"><ele>204.108</ele><time>2026-08-22T09:00:25Z</time><speed>25.140</speed><sat>28</sat></trkpt>
  <trkpt lat="44.69407402" lon="-0.78408257"><ele>206.631</ele><time>2026-08-22T09:00:26Z</time><speed>25.200</speed><sat>30</sat></trkpt>
  <trkpt lat="44.69394935" lon="-0.78433852"><ele>209.087</ele><time>2026-08-22T09:00:27Z</time><speed>24.930</speed><sat>29</sat></trkpt>
  <trkpt lat="44.69382858" lon="-0.78460739"><ele>212.332</ele><time>2026-08-22T09:00:28Z</time><speed>24.630</speed><sat>29</sat></trkpt>
  <trkpt lat="44.69372117" lon="-0.78487530"><ele>214.689</ele><time>2026-08-22T09:00:29Z</time><speed>24.670</speed><sat>28</sat></trkpt>
  <trkpt lat="44.69362318" lon="-0.78516109"><ele>216.480</ele><time>2026-08-22T09:00:30Z</time><speed>24.950</speed><sat>27</sat></trkpt>
  <trkpt lat="44.69353733" lon="-0.78545614"><ele>218.414</ele><time>2026-08-22T09:00:31Z</time><speed>25.520</speed><sat>28</sat></trkpt>
  <trkpt lat="44.69345906" lon="-0.78576581"><ele>219.535</ele><time>2026-08-22T09:00:32Z</time><speed>26.610</speed><sat>29</sat></trkpt>
  <trkpt lat="44.69339727" lon="-0.78610336"><ele>221.152</ele><time>2026-08-22T09:00:33Z</time><speed>27.620</speed><sat>29</sat></trkpt>
  <trkpt lat="44.69335405" lon="-0.78645622"><ele>223.314</ele><time>2026-08-22T09:00:34Z</time><speed>28.360</speed><sat>27</sat></trkpt>
  <trkpt lat="44.69333000" lon="-0.78681272"><ele>225.681</ele><time>2026-08-22T09:00:35Z</time><speed>28.240</speed><sat>28</sat></trkpt>
  <trkpt lat="44.69333530" lon="-0.78716520"><ele>228.455</ele><time>2026-08-22T09:00:36Z</time><speed>27.780</speed><sat>30</sat></trkpt>
  <trkpt lat="44.69336597" lon="-0.78750017"><ele>231.261</ele><time>2026-08-22T09:00:37Z</time><speed>26.760</speed><sat>29</sat></trkpt>
  <trkpt lat="44.69342348" lon="-0.78782128"><ele>233.940</ele><time>2026-08-22T09:00:38Z</time><speed>25.950</speed><sat>30</sat></trkpt>
  <trkpt lat="44.69351405" lon="-0.78811751"><ele>235.427</ele><time>2026-08-22T09:00:39Z</time><speed>25.390</speed><sat>28</sat></trkpt>
  <trkpt lat="44.69363003" lon="-0.78838781"><ele>235.280</ele><time>2026-08-22T09:00:40Z</time><speed>24.740</speed><sat>29</sat></trkpt>
  <trkpt lat="44.69377203" lon="-0.78862941"><ele>233.881</ele><time>2026-08-22T09:00:41Z</time><speed>24.380</speed><sat>27</sat></trkpt>
  <trkpt lat="44.69393371" lon="-0.78883613"><ele>231.995</ele><time>2026-08-22T09:00:42Z</time><speed>24.220</speed><sat>30</sat></trkpt>
  <trkpt lat="44.69411378" lon="-0.78901135"><ele>229.737</ele><time>2026-08-22T09:00:43Z</time><speed>24.200</speed><sat>29</sat></trkpt>
  <trkpt lat="44.69430442" lon="-0.78917175"><ele>227.494</ele><time>2026-08-22T09:00:44Z</time><speed>24.590</speed><sat>29</sat></trkpt>
  <trkpt lat="44.69449961" lon="-0.78930893"><ele>226.111</ele><time>2026-08-22T09:00:45Z</time><speed>24.850</speed><sat>30</sat></trkpt>
  <trkpt lat="44.69470105" lon="-0.78944789"><ele>225.146</ele><time>2026-08-22T09:00:46Z</time><speed>24.830</speed><sat>28</sat></trkpt>
  <trkpt lat="44.69489600" lon="-0.78960848"><ele>224.300</ele><time>2026-08-22T09:00:47Z</time><speed>25.010</speed><sat>29</sat></trkpt>
  <trkpt lat="44.69508331" lon="-0.78978592"><ele>224.839</ele><time>2026-08-22T09:00:48Z</time><speed>24.900</speed><sat>27</sat></trkpt>
  <trkpt lat="44.69525730" lon="-0.78997474"><ele>224.767</ele><time>2026-08-22T09:00:49Z</time><speed>24.350</speed><sat>27</sat></trkpt>
  <trkpt lat="44.69542844" lon="-0.79015881"><ele>224.400</ele><time>2026-08-22T09:00:50Z</time><speed>23.440</speed><sat>32</sat></trkpt>
  <trkpt lat="44.69559468" lon="-0.79033310"><ele>223.867</ele><time>2026-08-22T09:00:51Z</time><speed>22.980</speed><sat>29</sat></trkpt>
  <trkpt lat="44.69576645" lon="-0.79049789"><ele>222.163</ele><time>2026-08-22T09:00:52Z</time><speed>22.820</speed><sat>31</sat></trkpt>
  <trkpt lat="44.69594604" lon="-0.79064268"><ele>219.553</ele><time>2026-08-22T09:00:53Z</time><speed>22.780</speed><sat>30</sat></trkpt>
  <trkpt lat="44.69613646" lon="-0.79074307"><ele>215.568</ele><time>2026-08-22T09:00:54Z</time><speed>22.830</speed><sat>31</sat></trkpt>
  <trkpt lat="44.69633989" lon="-0.79079877"><ele>211.476</ele><time>2026-08-22T09:00:55Z</time><speed>23.000</speed><sat>27</sat></trkpt>
  <trkpt lat="44.69655355" lon="-0.79081428"><ele>208.479</ele><time>2026-08-22T09:00:56Z</time><speed>23.350</speed><sat>29</sat></trkpt>
  <trkpt lat="44.69676078" lon="-0.79080799"><ele>206.679</ele><time>2026-08-22T09:00:57Z</time><speed>23.280</speed><sat>29</sat></trkpt>
  <trkpt lat="44.69696620" lon="-0.79079834"><ele>206.709</ele><time>2026-08-22T09:00:58Z</time><speed>22.870</speed><sat>27</sat></trkpt>
  <trkpt lat="44.69716639" lon="-0.79078736"><ele>206.480</ele><time>2026-08-22T09:00:59Z</time><speed>22.060</speed><sat>29</sat></trkpt>
  <trkpt lat="44.69736207" lon="-0.79077916"><ele>207.020</ele><time>2026-08-22T09:01:00Z</time><speed>21.300</speed><sat>28</sat></trkpt>
  <trkpt lat="44.69754883" lon="-0.79077866"><ele>207.467</ele><time>2026-08-22T09:01:01Z</time><speed>20.980</speed><sat>27</sat></trkpt>
  <trkpt lat="44.69773725" lon="-0.79078693"><ele>206.939</ele><time>2026-08-22T09:01:02Z</time><speed>21.050</speed><sat>29</sat></trkpt>
  <trkpt lat="44.69792969" lon="-0.79080504"><ele>205.975</ele><time>2026-08-22T09:01:03Z</time><speed>21.660</speed><sat>27</sat></trkpt>
  <trkpt lat="44.69813132" lon="-0.79083300"><ele>204.198</ele><time>2026-08-22T09:01:04Z</time><speed>22.460</speed><sat>26</sat></trkpt>
  <trkpt lat="44.69833257" lon="-0.79089015"><ele>201.696</ele><time>2026-08-22T09:01:05Z</time><speed>22.860</speed><sat>27</sat></trkpt>
  <trkpt lat="44.69853661" lon="-0.79096312"><ele>199.358</ele><time>2026-08-22T09:01:06Z</time><speed>23.270</speed><sat>27</sat></trkpt>
  <trkpt lat="44.69874144" lon="-0.79104392"><ele>195.954</ele><time>2026-08-22T09:01:07Z</time><speed>23.530</speed><sat>27</sat></trkpt>
  <trkpt lat="44.69894622" lon="-0.79112073"><ele>192.718</ele><time>2026-08-22T09:01:08Z</time><speed>23.600</speed><sat>27</sat></trkpt>
  <trkpt lat="44.69915403" lon="-0.79118837"><ele>189.351</ele><time>2026-08-22T09:01:09Z</time><speed>23.710</speed><sat>30</sat></trkpt>
  <trkpt lat="44.69936420" lon="-0.79123606"><ele>185.785</ele><time>2026-08-22T09:01:10Z</time><speed>23.770</speed><sat>27</sat></trkpt>
  <trkpt lat="44.69957750" lon="-0.79126547"><ele>182.869</ele><time>2026-08-22T09:01:11Z</time><speed>23.540</speed><sat>30</sat></trkpt>
  <trkpt lat="44.69979066" lon="-0.79127504"><ele>180.189</ele><time>2026-08-22T09:01:12Z</time><speed>22.950</speed><sat>31</sat></trkpt>
  <trkpt lat="44.69999007" lon="-0.79126566"><ele>177.194</ele><time>2026-08-22T09:01:13Z</time><speed>22.170</speed><sat>29</sat></trkpt>
  <trkpt lat="44.70018391" lon="-0.79123399"><ele>174.522</ele><time>2026-08-22T09:01:14Z</time><speed>21.610</speed><sat>30</sat></trkpt>
  <trkpt lat="44.70037244" lon="-0.79119065"><ele>170.618</ele><time>2026-08-22T09:01:15Z</time><speed>21.210</speed><sat>29</sat></trkpt>
  <trkpt lat="44.70056078" lon="-0.79113005"><ele>166.098</ele><time>2026-08-22T09:01:16Z</time><speed>21.340</speed><sat>30</sat></trkpt>
  <trkpt lat="44.70074989" lon="-0.79105161"><ele>161.545</ele><time>2026-08-22T09:01:17Z</time><speed>21.950</speed><sat>29</sat></trkpt>
  <trkpt lat="44.70093835" lon="-0.79095456"><ele>156.851</ele><time>2026-08-22T09:01:18Z</time><speed>22.270</speed><sat>27</sat></trkpt>
  <trkpt lat="44.70112251" lon="-0.79084388"><ele>152.242</ele><time>2026-08-22T09:01:19Z</time><speed>22.440</speed><sat>27</sat></trkpt>
  <trkpt lat="44.70129218" lon="-0.79069761"><ele>146.897</ele><time>2026-08-22T09:01:20Z</time><speed>22.410</speed><sat>27</sat></trkpt>
  <trkpt lat="44.70144045" lon="-0.79050328"><ele>141.550</ele><time>2026-08-22T09:01:21Z</time><speed>22.500</speed><sat>29</sat></trkpt>
  <trkpt lat="44.70155841" lon="-0.79027393"><ele>136.170</ele><time>2026-08-22T09:01:22Z</time><speed>22.280</speed><sat>31</sat></trkpt>
  <trkpt lat="44.70163239" lon="-0.79002067"><ele>132.001</ele><time>2026-08-22T09:01:23Z</time><speed>22.170</speed><sat>29</sat></trkpt>
  <trkpt lat="44.70166076" lon="-0.78975600"><ele>128.229</ele><time>2026-08-22T09:01:24Z</time><speed>21.110</speed><sat>30</sat></trkpt>
  <trkpt lat="44.70164315" lon="-0.78950760"><ele>125.033</ele><time>2026-08-22T09:01:25Z</time><speed>19.960</speed><sat>32</sat></trkpt>
  <trkpt lat="44.70158384" lon="-0.78927886"><ele>122.980</ele><time>2026-08-22T09:01:26Z</time><speed>19.180</speed><sat>27</sat></trkpt>
  <trkpt lat="44.70150276" lon="-0.78907536"><ele>121.063</ele><time>2026-08-22T09:01:27Z</time><speed>18.310</speed><sat>25</sat></trkpt>
  <trkpt lat="44.70141981" lon="-0.78888090"><ele>119.607</ele><time>2026-08-22T09:01:28Z</time><speed>17.670</speed><sat>27</sat></trkpt>
  <trkpt lat="44.70133548" lon="-0.78869538"><ele>118.273</ele><time>2026-08-22T09:01:29Z</time><speed>17.060</speed><sat>25</sat></trkpt>
  <trkpt lat="44.70125983" lon="-0.78850380"><ele>116.562</ele><time>2026-08-22T09:01:30Z</time><speed>17.020</speed><sat>28</sat></trkpt>
  <trkpt lat="44.70119624" lon="-0.78830680"><ele>113.733</ele><time>2026-08-22T09:01:31Z</time><speed>17.030</speed><sat>24</sat></trkpt>
  <trkpt lat="44.70116460" lon="-0.78809360"><ele>110.101</ele><time>2026-08-22T09:01:32Z</time><speed>17.130</speed><sat>25</sat></trkpt>
  <trkpt lat="44.70117240" lon="-0.78786369"><ele>106.183</ele><time>2026-08-22T09:01:33Z</time><speed>17.900</speed><sat>23</sat></trkpt>
  <trkpt lat="44.70121279" lon="-0.78763093"><ele>101.449</ele><time>2026-08-22T09:01:34Z</time><speed>18.940</speed><sat>26</sat></trkpt>
  <trkpt lat="44.70127876" lon="-0.78740148"><ele>95.849</ele><time>2026-08-22T09:01:35Z</time><speed>19.800</speed><sat>23</sat></trkpt>
  <trkpt lat="44.70138049" lon="-0.78718991"><ele>89.459</ele><time>2026-08-22T09:01:36Z</time><speed>20.470</speed><sat>27</sat></trkpt>
  <trkpt lat="44.70153334" lon="-0.78696500"><ele>87.601</ele><time>2026-08-22T09:01:37Z</time><speed>24.010</speed><sat>29</sat></trkpt>
  <trkpt lat="44.70166376" lon="-0.78674639"><ele>86.002</ele><time>2026-08-22T09:01:38Z</time><speed>22.030</speed><sat>30</sat></trkpt>
  <trkpt lat="44.70178125" lon="-0.78652677"><ele>84.965</ele><time>2026-08-22T09:01:39Z</time><speed>20.900</speed><sat>30</sat></trkpt>
  <trkpt lat="44.70187167" lon="-0.78630336"><ele>83.909</ele><time>2026-08-22T09:01:40Z</time><speed>19.010</speed><sat>30</sat></trkpt>
  <trkpt lat="44.70195507" lon="-0.78608490"><ele>82.658</ele><time>2026-08-22T09:01:41Z</time><speed>19.670</speed><sat>30</sat></trkpt>
  <trkpt lat="44.70199017" lon="-0.78583209"><ele>74.518</ele><time>2026-08-22T09:01:42Z</time><speed>20.530</speed><sat>29</sat></trkpt>
  <trkpt lat="44.70201612" lon="-0.78554906"><ele>69.975</ele><time>2026-08-22T09:01:43Z</time><speed>23.780</speed><sat>27</sat></trkpt>
  <trkpt lat="44.70204436" lon="-0.78525126"><ele>67.927</ele><time>2026-08-22T09:01:44Z</time><speed>24.630</speed><sat>31</sat></trkpt>
  <trkpt lat="44.70208713" lon="-0.78495748"><ele>69.173</ele><time>2026-08-22T09:01:45Z</time><speed>24.250</speed><sat>29</sat></trkpt>
  <trkpt lat="44.70213615" lon="-0.78466903"><ele>71.693</ele><time>2026-08-22T09:01:46Z</time><speed>23.130</speed><sat>28</sat></trkpt>
  <trkpt lat="44.70219368" lon="-0.78439159"><ele>74.236</ele><time>2026-08-22T09:01:47Z</time><speed>22.180</speed><sat>29</sat></trkpt>
  <trkpt lat="44.70228064" lon="-0.78414621"><ele>76.682</ele><time>2026-08-22T09:01:48Z</time><speed>21.250</speed><sat>29</sat></trkpt>
  <trkpt lat="44.70238903" lon="-0.78391210"><ele>81.016</ele><time>2026-08-22T09:01:49Z</time><speed>21.730</speed><sat>30</sat></trkpt>
  <trkpt lat="44.70248901" lon="-0.78369101"><ele>83.542</ele><time>2026-08-22T09:01:50Z</time><speed>21.130</speed><sat>30</sat></trkpt>
  <trkpt lat="44.70260900" lon="-0.78346899"><ele>85.267</ele><time>2026-08-22T09:01:51Z</time><speed>21.310</speed><sat>30</sat></trkpt>
  <trkpt lat="44.70272831" lon="-0.78327957"><ele>89.531</ele><time>2026-08-22T09:01:52Z</time><speed>20.560</speed><sat>29</sat></trkpt>
  <trkpt lat="44.70283740" lon="-0.78309170"><ele>91.876</ele><time>2026-08-22T09:01:53Z</time><speed>19.590</speed><sat>31</sat></trkpt>
  <trkpt lat="44.70296653" lon="-0.78292315"><ele>95.690</ele><time>2026-08-22T09:01:54Z</time><speed>19.570</speed><sat>31</sat></trkpt>
  <trkpt lat="44.70309504" lon="-0.78276119"><ele>99.812</ele><time>2026-08-22T09:01:55Z</time><speed>19.120</speed><sat>30</sat></trkpt>
  <trkpt lat="44.70322407" lon="-0.78260325"><ele>102.782</ele><time>2026-08-22T09:01:56Z</time><speed>18.740</speed><sat>32</sat></trkpt>
  <trkpt lat="44.70333721" lon="-0.78243450"><ele>105.334</ele><time>2026-08-22T09:01:57Z</time><speed>18.510</speed><sat>31</sat></trkpt>
  <trkpt lat="44.70343556" lon="-0.78225757"><ele>107.577</ele><time>2026-08-22T09:01:58Z</time><speed>17.950</speed><sat>29</sat></trkpt>
  <trkpt lat="44.70351768" lon="-0.78206882"><ele>109.631</ele><time>2026-08-22T09:01:59Z</time><speed>17.620</speed><sat>31</sat></trkpt>
  <trkpt lat="44.70358231" lon="-0.78186379"><ele>111.844</ele><time>2026-08-22T09:02:00Z</time><speed>17.460</speed><sat>29</sat></trkpt>
  <trkpt lat="44.70362384" lon="-0.78164601"><ele>113.965</ele><time>2026-08-22T09:02:01Z</time><speed>17.550</speed><sat>30</sat></trkpt>
  <trkpt lat="44.70363693" lon="-0.78141839"><ele>115.003</ele><time>2026-08-22T09:02:02Z</time><speed>17.620</speed><sat>31</sat></trkpt>
  <trkpt lat="44.70362569" lon="-0.78119779"><ele>116.594</ele><time>2026-08-22T09:02:03Z</time><speed>17.650</speed><sat>30</sat></trkpt>
  <trkpt lat="44.70358576" lon="-0.78097974"><ele>118.590</ele><time>2026-08-22T09:02:04Z</time><speed>17.670</speed><sat>31</sat></trkpt>
  <trkpt lat="44.70352648" lon="-0.78076654"><ele>120.336</ele><time>2026-08-22T09:02:05Z</time><speed>17.710</speed><sat>29</sat></trkpt>
  <trkpt lat="44.70345787" lon="-0.78057049"><ele>122.871</ele><time>2026-08-22T09:02:06Z</time><speed>17.230</speed><sat>30</sat></trkpt>
  <trkpt lat="44.70337966" lon="-0.78037712"><ele>125.434</ele><time>2026-08-22T09:02:07Z</time><speed>17.160</speed><sat>29</sat></trkpt>
  <trkpt lat="44.70329318" lon="-0.78019237"><ele>127.860</ele><time>2026-08-22T09:02:08Z</time><speed>17.570</speed><sat>27</sat></trkpt>
  <trkpt lat="44.70319579" lon="-0.78001735"><ele>129.520</ele><time>2026-08-22T09:02:09Z</time><speed>18.030</speed><sat>27</sat></trkpt>
  <trkpt lat="44.70308204" lon="-0.77983749"><ele>131.047</ele><time>2026-08-22T09:02:10Z</time><speed>19.180</speed><sat>28</sat></trkpt>
  <trkpt lat="44.70294433" lon="-0.77965703"><ele>131.108</ele><time>2026-08-22T09:02:11Z</time><speed>20.410</speed><sat>29</sat></trkpt>
  <trkpt lat="44.70278994" lon="-0.77949756"><ele>131.931</ele><time>2026-08-22T09:02:12Z</time><speed>21.280</speed><sat>27</sat></trkpt>
  <trkpt lat="44.70261527" lon="-0.77936616"><ele>132.525</ele><time>2026-08-22T09:02:13Z</time><speed>22.060</speed><sat>30</sat></trkpt>
  <trkpt lat="44.70241903" lon="-0.77926341"><ele>133.426</ele><time>2026-08-22T09:02:14Z</time><speed>22.990</speed><sat>31</sat></trkpt>
  <trkpt lat="44.70220958" lon="-0.77920274"><ele>134.947</ele><time>2026-08-22T09:02:15Z</time><speed>23.910</speed><sat>30</sat></trkpt>
  <trkpt lat="44.70198569" lon="-0.77919304"><ele>136.251</ele><time>2026-08-22T09:02:16Z</time><speed>24.930</speed><sat>32</sat></trkpt>
  <trkpt lat="44.70175589" lon="-0.77922957"><ele>138.795</ele><time>2026-08-22T09:02:17Z</time><speed>25.750</speed><sat>28</sat></trkpt>
  <trkpt lat="44.70153097" lon="-0.77931410"><ele>142.324</ele><time>2026-08-22T09:02:18Z</time><speed>25.850</speed><sat>27</sat></trkpt>
  <trkpt lat="44.70131998" lon="-0.77943185"><ele>147.070</ele><time>2026-08-22T09:02:19Z</time><speed>25.130</speed><sat>28</sat></trkpt>
  <trkpt lat="44.70112819" lon="-0.77957211"><ele>152.893</ele><time>2026-08-22T09:02:20Z</time><speed>24.160</speed><sat>26</sat></trkpt>
  <trkpt lat="44.70094788" lon="-0.77971773"><ele>158.843</ele><time>2026-08-22T09:02:21Z</time><speed>22.930</speed><sat>27</sat></trkpt>
  <trkpt lat="44.70078378" lon="-0.77987226"><ele>164.246</ele><time>2026-08-22T09:02:22Z</time><speed>21.780</speed><sat>28</sat></trkpt>
  <trkpt lat="44.70063063" lon="-0.78002767"><ele>167.285</ele><time>2026-08-22T09:02:23Z</time><speed>21.540</speed><sat>26</sat></trkpt>
  <trkpt lat="44.70047384" lon="-0.78019308"><ele>169.076</ele><time>2026-08-22T09:02:24Z</time><speed>21.920</speed><sat>27</sat></trkpt>
  <trkpt lat="44.70030061" lon="-0.78034795"><ele>168.422</ele><time>2026-08-22T09:02:25Z</time><speed>22.700</speed><sat>26</sat></trkpt>
  <trkpt lat="44.70011147" lon="-0.78050568"><ele>167.266</ele><time>2026-08-22T09:02:26Z</time><speed>23.780</speed><sat>27</sat></trkpt>
  <trkpt lat="44.69991705" lon="-0.78065232"><ele>166.353</ele><time>2026-08-22T09:02:27Z</time><speed>24.540</speed><sat>27</sat></trkpt>
  <trkpt lat="44.69971282" lon="-0.78079492"><ele>165.409</ele><time>2026-08-22T09:02:28Z</time><speed>24.870</speed><sat>25</sat></trkpt>
  <trkpt lat="44.69950984" lon="-0.78093661"><ele>165.170</ele><time>2026-08-22T09:02:29Z</time><speed>25.010</speed><sat>27</sat></trkpt>
  <trkpt lat="44.69931466" lon="-0.78107126"><ele>166.934</ele><time>2026-08-22T09:02:30Z</time><speed>24.450</speed><sat>27</sat></trkpt>
  <trkpt lat="44.69912612" lon="-0.78121544"><ele>170.233</ele><time>2026-08-22T09:02:31Z</time><speed>23.840</speed><sat>28</sat></trkpt>
  <trkpt lat="44.69893776" lon="-0.78136202"><ele>173.806</ele><time>2026-08-22T09:02:32Z</time><speed>23.400</speed><sat>26</sat></trkpt>
  <trkpt lat="44.69876337" lon="-0.78152045"><ele>176.364</ele><time>2026-08-22T09:02:33Z</time><speed>23.170</speed><sat>28</sat></trkpt>
  <trkpt lat="44.69858395" lon="-0.78167813"><ele>178.208</ele><time>2026-08-22T09:02:34Z</time><speed>23.240</speed><sat>29</sat></trkpt>
  <trkpt lat="44.69840493" lon="-0.78183454"><ele>178.165</ele><time>2026-08-22T09:02:35Z</time><speed>23.530</speed><sat>27</sat></trkpt>
  <trkpt lat="44.69822600" lon="-0.78198656"><ele>179.799</ele><time>2026-08-22T09:02:36Z</time><speed>23.270</speed><sat>27</sat></trkpt>
  <trkpt lat="44.69804499" lon="-0.78213390"><ele>180.753</ele><time>2026-08-22T09:02:37Z</time><speed>23.410</speed><sat>27</sat></trkpt>
  <trkpt lat="44.69786611" lon="-0.78229204"><ele>180.776</ele><time>2026-08-22T09:02:38Z</time><speed>23.140</speed><sat>26</sat></trkpt>
  <trkpt lat="44.69768626" lon="-0.78244175"><ele>181.577</ele><time>2026-08-22T09:02:39Z</time><speed>22.970</speed><sat>27</sat></trkpt>
  <trkpt lat="44.69751113" lon="-0.78258489"><ele>182.333</ele><time>2026-08-22T09:02:40Z</time><speed>22.790</speed><sat>27</sat></trkpt>
  <trkpt lat="44.69733122" lon="-0.78271783"><ele>182.152</ele><time>2026-08-22T09:02:41Z</time><speed>23.060</speed><sat>25</sat></trkpt>
  <trkpt lat="44.69714084" lon="-0.78284552"><ele>182.420</ele><time>2026-08-22T09:02:42Z</time><speed>23.200</speed><sat>25</sat></trkpt>
  <trkpt lat="44.69694383" lon="-0.78295410"><ele>182.104</ele><time>2026-08-22T09:02:43Z</time><speed>23.420</speed><sat>25</sat></trkpt>
  <trkpt lat="44.69674806" lon="-0.78305515"><ele>180.714</ele><time>2026-08-22T09:02:44Z</time><speed>23.750</speed><sat>27</sat></trkpt>
  <trkpt lat="44.69654255" lon="-0.78315284"><ele>179.858</ele><time>2026-08-22T09:02:45Z</time><speed>24.320</speed><sat>26</sat></trkpt>
  <trkpt lat="44.69633411" lon="-0.78325521"><ele>180.785</ele><time>2026-08-22T09:02:46Z</time><speed>24.260</speed><sat>27</sat></trkpt>
  <trkpt lat="44.69613052" lon="-0.78337093"><ele>181.837</ele><time>2026-08-22T09:02:47Z</time><speed>23.980</speed><sat>26</sat></trkpt>
  <trkpt lat="44.69594247" lon="-0.78350726"><ele>183.759</ele><time>2026-08-22T09:02:48Z</time><speed>23.930</speed><sat>29</sat></trkpt>
  <trkpt lat="44.69575631" lon="-0.78367060"><ele>184.375</ele><time>2026-08-22T09:02:49Z</time><speed>23.990</speed><sat>27</sat></trkpt>
  <trkpt lat="44.69557663" lon="-0.78385814"><ele>183.932</ele><time>2026-08-22T09:02:50Z</time><speed>24.480</speed><sat>29</sat></trkpt>
  <trkpt lat="44.69541101" lon="-0.78406620"><ele>183.711</ele><time>2026-08-22T09:02:51Z</time><speed>24.920</speed><sat>28</sat></trkpt>
  <trkpt lat="44.69524486" lon="-0.78428775"><ele>183.056</ele><time>2026-08-22T09:02:52Z</time><speed>25.550</speed><sat>29</sat></trkpt>
  <trkpt lat="44.69508369" lon="-0.78452588"><ele>182.221</ele><time>2026-08-22T09:02:53Z</time><speed>25.900</speed><sat>28</sat></trkpt>
  <trkpt lat="44.69492607" lon="-0.78476442"><ele>182.776</ele><time>2026-08-22T09:02:54Z</time><speed>25.910</speed><sat>31</sat></trkpt>
  <trkpt lat="44.69477397" lon="-0.78500773"><ele>184.423</ele><time>2026-08-22T09:02:55Z</time><speed>25.530</speed><sat>30</sat></trkpt>
  <trkpt lat="44.69463882" lon="-0.78526125"><ele>185.640</ele><time>2026-08-22T09:02:56Z</time><speed>24.930</speed><sat>27</sat></trkpt>
  <trkpt lat="44.69452153" lon="-0.78553179"><ele>186.101</ele><time>2026-08-22T09:02:57Z</time><speed>24.950</speed><sat>29</sat></trkpt>
  <trkpt lat="44.69442648" lon="-0.78582083"><ele>184.763</ele><time>2026-08-22T09:02:58Z</time><speed>25.630</speed><sat>28</sat></trkpt>
  <trkpt lat="44.69435240" lon="-0.78613880"><ele>182.969</ele><time>2026-08-22T09:02:59Z</time><speed>26.800</speed><sat>29</sat></trkpt>
  <trkpt lat="44.69430057" lon="-0.78648511"><ele>181.287</ele><time>2026-08-22T09:03:00Z</time><speed>27.990</speed><sat>29</sat></trkpt>
  <trkpt lat="44.69426466" lon="-0.78685212"><ele>181.774</ele><time>2026-08-22T09:03:01Z</time><speed>29.350</speed><sat>29</sat></trkpt>
  <trkpt lat="44.69425609" lon="-0.78722555"><ele>184.480</ele><time>2026-08-22T09:03:02Z</time><speed>29.530</speed><sat>29</sat></trkpt>
  <trkpt lat="44.69427988" lon="-0.78759170"><ele>187.619</ele><time>2026-08-22T09:03:03Z</time><speed>29.170</speed><sat>27</sat></trkpt>
  <trkpt lat="44.69433930" lon="-0.78793528"><ele>191.243</ele><time>2026-08-22T09:03:04Z</time><speed>28.320</speed><sat>29</sat></trkpt>
  <trkpt lat="44.69442629" lon="-0.78826298"><ele>194.698</ele><time>2026-08-22T09:03:05Z</time><speed>27.700</speed><sat>30</sat></trkpt>
  <trkpt lat="44.69453990" lon="-0.78856521"><ele>196.485</ele><time>2026-08-22T09:03:06Z</time><speed>26.970</speed><sat>28</sat></trkpt>
  <trkpt lat="44.69466358" lon="-0.78884589"><ele>196.373</ele><time>2026-08-22T09:03:07Z</time><speed>25.930</speed><sat>30</sat></trkpt>
  <trkpt lat="44.69479855" lon="-0.78910388"><ele>195.185</ele><time>2026-08-22T09:03:08Z</time><speed>25.150</speed><sat>30</sat></trkpt>
  <trkpt lat="44.69493888" lon="-0.78935037"><ele>193.228</ele><time>2026-08-22T09:03:09Z</time><speed>25.090</speed><sat>27</sat></trkpt>
  <trkpt lat="44.69509058" lon="-0.78959267"><ele>190.172</ele><time>2026-08-22T09:03:10Z</time><speed>25.460</speed><sat>29</sat></trkpt>
  <trkpt lat="44.69525431" lon="-0.78982863"><ele>186.379</ele><time>2026-08-22T09:03:11Z</time><speed>26.060</speed><sat>30</sat></trkpt>
  <trkpt lat="44.69543733" lon="-0.79004622"><ele>182.100</ele><time>2026-08-22T09:03:12Z</time><speed>26.530</speed><sat>31</sat></trkpt>
  <trkpt lat="44.69563661" lon="-0.79023329"><ele>178.091</ele><time>2026-08-22T09:03:13Z</time><speed>26.580</speed><sat>30</sat></trkpt>
  <trkpt lat="44.69585424" lon="-0.79037528"><ele>173.994</ele><time>2026-08-22T09:03:14Z</time><speed>26.520</speed><sat>30</sat></trkpt>
  <trkpt lat="44.69607662" lon="-0.79049507"><ele>171.131</ele><time>2026-08-22T09:03:15Z</time><speed>26.340</speed><sat>30</sat></trkpt>
  <trkpt lat="44.69630282" lon="-0.79059238"><ele>169.385</ele><time>2026-08-22T09:03:16Z</time><speed>25.710</speed><sat>29</sat></trkpt>
  <trkpt lat="44.69652196" lon="-0.79066105"><ele>169.061</ele><time>2026-08-22T09:03:17Z</time><speed>25.110</speed><sat>27</sat></trkpt>
  <trkpt lat="44.69674082" lon="-0.79071239"><ele>168.705</ele><time>2026-08-22T09:03:18Z</time><speed>24.330</speed><sat>26</sat></trkpt>
  <trkpt lat="44.69695376" lon="-0.79075610"><ele>169.007</ele><time>2026-08-22T09:03:19Z</time><speed>23.770</speed><sat>27</sat></trkpt>
  <trkpt lat="44.69716410" lon="-0.79079561"><ele>168.742</ele><time>2026-08-22T09:03:20Z</time><speed>23.590</speed><sat>31</sat></trkpt>
  <trkpt lat="44.69737795" lon="-0.79081323"><ele>167.446</ele><time>2026-08-22T09:03:21Z</time><speed>23.690</speed><sat>30</sat></trkpt>
  <trkpt lat="44.69759153" lon="-0.79080534"><ele>165.108</ele><time>2026-08-22T09:03:22Z</time><speed>23.720</speed><sat>29</sat></trkpt>
  <trkpt lat="44.69780945" lon="-0.79078550"><ele>162.729</ele><time>2026-08-22T09:03:23Z</time><speed>24.060</speed><sat>28</sat></trkpt>
  <trkpt lat="44.69802554" lon="-0.79077542"><ele>160.510</ele><time>2026-08-22T09:03:24Z</time><speed>24.270</speed><sat>25</sat></trkpt>
  <trkpt lat="44.69824504" lon="-0.79075603"><ele>158.841</ele><time>2026-08-22T09:03:25Z</time><speed>24.230</speed><sat>27</sat></trkpt>
  <trkpt lat="44.69845980" lon="-0.79073938"><ele>157.966</ele><time>2026-08-22T09:03:26Z</time><speed>24.010</speed><sat>27</sat></trkpt>
  <trkpt lat="44.69867500" lon="-0.79072991"><ele>157.447</ele><time>2026-08-22T09:03:27Z</time><speed>23.850</speed><sat>26</sat></trkpt>
  <trkpt lat="44.69889021" lon="-0.79072608"><ele>157.047</ele><time>2026-08-22T09:03:28Z</time><speed>23.600</speed><sat>24</sat></trkpt>
  <trkpt lat="44.69909993" lon="-0.79074381"><ele>155.621</ele><time>2026-08-22T09:03:29Z</time><speed>23.680</speed><sat>26</sat></trkpt>
  <trkpt lat="44.69931682" lon="-0.79076657"><ele>152.704</ele><time>2026-08-22T09:03:30Z</time><speed>24.080</speed><sat>25</sat></trkpt>
  <trkpt lat="44.69954056" lon="-0.79079226"><ele>149.726</ele><time>2026-08-22T09:03:31Z</time><speed>24.790</speed><sat>26</sat></trkpt>
  <trkpt lat="44.69977224" lon="-0.79081477"><ele>146.247</ele><time>2026-08-22T09:03:32Z</time><speed>25.510</speed><sat>28</sat></trkpt>
  <trkpt lat="44.69999973" lon="-0.79081682"><ele>142.985</ele><time>2026-08-22T09:03:33Z</time><speed>25.630</speed><sat>29</sat></trkpt>
  <trkpt lat="44.70022730" lon="-0.79078466"><ele>140.435</ele><time>2026-08-22T09:03:34Z</time><speed>25.540</speed><sat>31</sat></trkpt>
  <trkpt lat="44.70044412" lon="-0.79069245"><ele>136.738</ele><time>2026-08-22T09:03:35Z</time><speed>24.790</speed><sat>31</sat></trkpt>
  <trkpt lat="44.70062749" lon="-0.79054206"><ele>133.428</ele><time>2026-08-22T09:03:36Z</time><speed>24.060</speed><sat>30</sat></trkpt>
  <trkpt lat="44.70077612" lon="-0.79033253"><ele>129.760</ele><time>2026-08-22T09:03:37Z</time><speed>23.390</speed><sat>30</sat></trkpt>
  <trkpt lat="44.70088523" lon="-0.79008916"><ele>127.354</ele><time>2026-08-22T09:03:38Z</time><speed>22.740</speed><sat>30</sat></trkpt>
  <trkpt lat="44.70096001" lon="-0.78983369"><ele>126.385</ele><time>2026-08-22T09:03:39Z</time><speed>21.700</speed><sat>27</sat></trkpt>
  <trkpt lat="44.70100874" lon="-0.78958412"><ele>126.702</ele><time>2026-08-22T09:03:40Z</time><speed>20.740</speed><sat>28</sat></trkpt>
  <trkpt lat="44.70103008" lon="-0.78933943"><ele>125.703</ele><time>2026-08-22T09:03:41Z</time><speed>19.810</speed><sat>28</sat></trkpt>
  <trkpt lat="44.70105591" lon="-0.78910321"><ele>125.343</ele><time>2026-08-22T09:03:42Z</time><speed>18.800</speed><sat>27</sat></trkpt>
  <trkpt lat="44.70107413" lon="-0.78887005"><ele>123.077</ele><time>2026-08-22T09:03:43Z</time><speed>18.190</speed><sat>27</sat></trkpt>
  <trkpt lat="44.70109816" lon="-0.78863370"><ele>119.591</ele><time>2026-08-22T09:03:44Z</time><speed>18.560</speed><sat>27</sat></trkpt>
  <trkpt lat="44.70113544" lon="-0.78839158"><ele>114.215</ele><time>2026-08-22T09:03:45Z</time><speed>19.590</speed><sat>27</sat></trkpt>
  <trkpt lat="44.70119313" lon="-0.78813835"><ele>108.528</ele><time>2026-08-22T09:03:46Z</time><speed>20.790</speed><sat>29</sat></trkpt>
  <trkpt lat="44.70127302" lon="-0.78789119"><ele>104.645</ele><time>2026-08-22T09:03:47Z</time><speed>21.500</speed><sat>30</sat></trkpt>
  <trkpt lat="44.70135401" lon="-0.78764707"><ele>103.007</ele><time>2026-08-22T09:03:48Z</time><speed>21.200</speed><sat>29</sat></trkpt>
  <trkpt lat="44.70141686" lon="-0.78740223"><ele>100.981</ele><time>2026-08-22T09:03:49Z</time><speed>20.340</speed><sat>28</sat></trkpt>
  <trkpt lat="44.70146921" lon="-0.78716910"><ele>97.825</ele><time>2026-08-22T09:03:50Z</time><speed>19.540</speed><sat>28</sat></trkpt>
  <trkpt lat="44.70153044" lon="-0.78694090"><ele>93.004</ele><time>2026-08-22T09:03:51Z</time><speed>19.330</speed><sat>27</sat></trkpt>
  <trkpt lat="44.70160286" lon="-0.78671219"><ele>86.837</ele><time>2026-08-22T09:03:52Z</time><speed>19.830</speed><sat>26</sat></trkpt>
  <trkpt lat="44.70167586" lon="-0.78647013"><ele>80.878</ele><time>2026-08-22T09:03:53Z</time><speed>20.490</speed><sat>28</sat></trkpt>
  <trkpt lat="44.70174562" lon="-0.78622311"><ele>74.652</ele><time>2026-08-22T09:03:54Z</time><speed>20.880</speed><sat>27</sat></trkpt>
  <trkpt lat="44.70180563" lon="-0.78597154"><ele>69.577</ele><time>2026-08-22T09:03:55Z</time><speed>21.220</speed><sat>28</sat></trkpt>
  <trkpt lat="44.70188121" lon="-0.78572095"><ele>66.064</ele><time>2026-08-22T09:03:56Z</time><speed>21.460</speed><sat>30</sat></trkpt>
  <trkpt lat="44.70195966" lon="-0.78547378"><ele>64.300</ele><time>2026-08-22T09:03:57Z</time><speed>21.160</speed><sat>31</sat></trkpt>
  <trkpt lat="44.70203367" lon="-0.78524007"><ele>64.448</ele><time>2026-08-22T09:03:58Z</time><speed>20.320</speed><sat>30</sat></trkpt>
  <trkpt lat="44.70210794" lon="-0.78500382"><ele>65.190</ele><time>2026-08-22T09:03:59Z</time><speed>20.190</speed><sat>29</sat></trkpt>
  <trkpt lat="44.70217445" lon="-0.78476169"><ele>66.239</ele><time>2026-08-22T09:04:00Z</time><speed>20.610</speed><sat>30</sat></trkpt>
  <trkpt lat="44.70224282" lon="-0.78451523"><ele>68.005</ele><time>2026-08-22T09:04:01Z</time><speed>20.620</speed><sat>29</sat></trkpt>
  <trkpt lat="44.70231385" lon="-0.78428199"><ele>71.782</ele><time>2026-08-22T09:04:02Z</time><speed>19.980</speed><sat>29</sat></trkpt>
  <trkpt lat="44.70238490" lon="-0.78405868"><ele>76.432</ele><time>2026-08-22T09:04:03Z</time><speed>19.110</speed><sat>29</sat></trkpt>
  <trkpt lat="44.70244918" lon="-0.78385858"><ele>81.647</ele><time>2026-08-22T09:04:04Z</time><speed>17.440</speed><sat>30</sat></trkpt>
  <trkpt lat="44.70251793" lon="-0.78367117"><ele>86.435</ele><time>2026-08-22T09:04:05Z</time><speed>16.320</speed><sat>28</sat></trkpt>
  <trkpt lat="44.70257833" lon="-0.78349530"><ele>89.138</ele><time>2026-08-22T09:04:06Z</time><speed>16.040</speed><sat>29</sat></trkpt>
  <trkpt lat="44.70265254" lon="-0.78331208"><ele>91.306</ele><time>2026-08-22T09:04:07Z</time><speed>16.410</speed><sat>30</sat></trkpt>
  <trkpt lat="44.70273042" lon="-0.78312411"><ele>91.008</ele><time>2026-08-22T09:04:08Z</time><speed>17.390</speed><sat>31</sat></trkpt>
  <trkpt lat="44.70282717" lon="-0.78292496"><ele>89.608</ele><time>2026-08-22T09:04:09Z</time><speed>18.910</speed><sat>29</sat></trkpt>
  <trkpt lat="44.70292789" lon="-0.78270573"><ele>88.636</ele><time>2026-08-22T09:04:10Z</time><speed>20.210</speed><sat>29</sat></trkpt>
  <trkpt lat="44.70301825" lon="-0.78247305"><ele>88.565</ele><time>2026-08-22T09:04:11Z</time><speed>21.230</speed><sat>29</sat></trkpt>
  <trkpt lat="44.70310376" lon="-0.78222851"><ele>90.471</ele><time>2026-08-22T09:04:12Z</time><speed>21.520</speed><sat>31</sat></trkpt>
  <trkpt lat="44.70318135" lon="-0.78198844"><ele>95.219</ele><time>2026-08-22T09:04:13Z</time><speed>20.620</speed><sat>32</sat></trkpt>
  <trkpt lat="44.70325148" lon="-0.78176131"><ele>101.390</ele><time>2026-08-22T09:04:14Z</time><speed>18.880</speed><sat>32</sat></trkpt>
  <trkpt lat="44.70331501" lon="-0.78156906"><ele>108.622</ele><time>2026-08-22T09:04:15Z</time><speed>16.990</speed><sat>29</sat></trkpt>
  <trkpt lat="44.70336664" lon="-0.78137682"><ele>113.063</ele><time>2026-08-22T09:04:16Z</time><speed>16.100</speed><sat>30</sat></trkpt>
  <trkpt lat="44.70341541" lon="-0.78117795"><ele>115.433</ele><time>2026-08-22T09:04:17Z</time><speed>16.120</speed><sat>30</sat></trkpt>
  <trkpt lat="44.70345217" lon="-0.78097876"><ele>117.454</ele><time>2026-08-22T09:04:18Z</time><speed>16.680</speed><sat>30</sat></trkpt>
  <trkpt lat="44.70348403" lon="-0.78077134"><ele>118.675</ele><time>2026-08-22T09:04:19Z</time><speed>17.260</speed><sat>32</sat></trkpt>
  <trkpt lat="44.70351261" lon="-0.78054596"><ele>118.811</ele><time>2026-08-22T09:04:20Z</time><speed>18.090</speed><sat>30</sat></trkpt>
  <trkpt lat="44.70353838" lon="-0.78031182"><ele>119.258</ele><time>2026-08-22T09:04:21Z</time><speed>18.920</speed><sat>29</sat></trkpt>
  <trkpt lat="44.70355915" lon="-0.78006291"><ele>120.476</ele><time>2026-08-22T09:04:22Z</time><speed>19.860</speed><sat>30</sat></trkpt>
  <trkpt lat="44.70357973" lon="-0.77981096"><ele>122.496</ele><time>2026-08-22T09:04:23Z</time><speed>20.000</speed><sat>30</sat></trkpt>
  <trkpt lat="44.70358316" lon="-0.77956577"><ele>126.655</ele><time>2026-08-22T09:04:24Z</time><speed>19.390</speed><sat>31</sat></trkpt>
  <trkpt lat="44.70357033" lon="-0.77932945"><ele>130.897</ele><time>2026-08-22T09:04:25Z</time><speed>18.770</speed><sat>27</sat></trkpt>
  <trkpt lat="44.70353422" lon="-0.77909578"><ele>133.481</ele><time>2026-08-22T09:04:26Z</time><speed>18.850</speed><sat>29</sat></trkpt>
  <trkpt lat="44.70348479" lon="-0.77886120"><ele>135.556</ele><time>2026-08-22T09:04:27Z</time><speed>19.560</speed><sat>29</sat></trkpt>
  <trkpt lat="44.70340802" lon="-0.77863408"><ele>137.029</ele><time>2026-08-22T09:04:28Z</time><speed>19.810</speed><sat>30</sat></trkpt>
  <trkpt lat="44.70331339" lon="-0.77842177"><ele>139.440</ele><time>2026-08-22T09:04:29Z</time><speed>19.910</speed><sat>30</sat></trkpt>
  <trkpt lat="44.70319802" lon="-0.77823008"><ele>142.029</ele><time>2026-08-22T09:04:30Z</time><speed>19.960</speed><sat>26</sat></trkpt>
  <trkpt lat="44.70306801" lon="-0.77806303"><ele>144.424</ele><time>2026-08-22T09:04:31Z</time><speed>20.110</speed><sat>29</sat></trkpt>
  <trkpt lat="44.70292546" lon="-0.77791459"><ele>146.531</ele><time>2026-08-22T09:04:32Z</time><speed>20.070</speed><sat>28</sat></trkpt>
  <trkpt lat="44.70276380" lon="-0.77779605"><ele>147.366</ele><time>2026-08-22T09:04:33Z</time><speed>20.350</speed><sat>30</sat></trkpt>
  <trkpt lat="44.70257373" lon="-0.77771746"><ele>146.406</ele><time>2026-08-22T09:04:34Z</time><speed>21.460</speed><sat>30</sat></trkpt>
  <trkpt lat="44.70236790" lon="-0.77768765"><ele>143.706</ele><time>2026-08-22T09:04:35Z</time><speed>23.360</speed><sat>28</sat></trkpt>
  <trkpt lat="44.70213634" lon="-0.77771343"><ele>140.349</ele><time>2026-08-22T09:04:36Z</time><speed>25.790</speed><sat>30</sat></trkpt>
  <trkpt lat="44.70189107" lon="-0.77779715"><ele>138.546</ele><time>2026-08-22T09:04:37Z</time><speed>27.940</speed><sat>30</sat></trkpt>
  <trkpt lat="44.70164654" lon="-0.77792628"><ele>139.191</ele><time>2026-08-22T09:04:38Z</time><speed>29.270</speed><sat>31</sat></trkpt>
  <trkpt lat="44.70141348" lon="-0.77809869"><ele>140.742</ele><time>2026-08-22T09:04:39Z</time><speed>29.160</speed><sat>27</sat></trkpt>
  <trkpt lat="44.70119029" lon="-0.77828848"><ele>143.277</ele><time>2026-08-22T09:04:40Z</time><speed>28.720</speed><sat>26</sat></trkpt>
  <trkpt lat="44.70098352" lon="-0.77849183"><ele>147.228</ele><time>2026-08-22T09:04:41Z</time><speed>27.890</speed><sat>28</sat></trkpt>
  <trkpt lat="44.70078763" lon="-0.77870444"><ele>150.996</ele><time>2026-08-22T09:04:42Z</time><speed>27.120</speed><sat>30</sat></trkpt>
  <trkpt lat="44.70061064" lon="-0.77893332"><ele>154.306</ele><time>2026-08-22T09:04:43Z</time><speed>26.680</speed><sat>30</sat></trkpt>
  <trkpt lat="44.70044784" lon="-0.77917536"><ele>157.056</ele><time>2026-08-22T09:04:44Z</time><speed>26.110</speed><sat>29</sat></trkpt>
  <trkpt lat="44.70029461" lon="-0.77942962"><ele>159.704</ele><time>2026-08-22T09:04:45Z</time><speed>25.590</speed><sat>30</sat></trkpt>
  <trkpt lat="44.70015423" lon="-0.77968072"><ele>163.101</ele><time>2026-08-22T09:04:46Z</time><speed>24.990</speed><sat>28</sat></trkpt>
  <trkpt lat="44.70001596" lon="-0.77992128"><ele>166.375</ele><time>2026-08-22T09:04:47Z</time><speed>24.520</speed><sat>27</sat></trkpt>
  <trkpt lat="44.69986784" lon="-0.78015705"><ele>168.209</ele><time>2026-08-22T09:04:48Z</time><speed>24.760</speed><sat>27</sat></trkpt>
  <trkpt lat="44.69971936" lon="-0.78038982"><ele>170.003</ele><time>2026-08-22T09:04:49Z</time><speed>24.920</speed><sat>29</sat></trkpt>
  <trkpt lat="44.69956367" lon="-0.78061086"><ele>173.528</ele><time>2026-08-22T09:04:50Z</time><speed>24.240</speed><sat>30</sat></trkpt>
  <trkpt lat="44.69941703" lon="-0.78082210"><ele>178.017</ele><time>2026-08-22T09:04:51Z</time><speed>23.600</speed><sat>28</sat></trkpt>
  <trkpt lat="44.69926805" lon="-0.78103525"><ele>182.066</ele><time>2026-08-22T09:04:52Z</time><speed>23.120</speed><sat>25</sat></trkpt>
  <trkpt lat="44.69912226" lon="-0.78125037"><ele>183.849</ele><time>2026-08-22T09:04:53Z</time><speed>23.260</speed><sat>28</sat></trkpt>
  <trkpt lat="44.69897235" lon="-0.78146457"><ele>184.540</ele><time>2026-08-22T09:04:54Z</time><speed>23.770</speed><sat>28</sat></trkpt>
  <trkpt lat="44.69881896" lon="-0.78167248"><ele>185.574</ele><time>2026-08-22T09:04:55Z</time><speed>24.330</speed><sat>25</sat></trkpt>
  <trkpt lat="44.69865796" lon="-0.78188049"><ele>186.650</ele><time>2026-08-22T09:04:56Z</time><speed>24.750</speed><sat>25</sat></trkpt>
  <trkpt lat="44.69848849" lon="-0.78208515"><ele>187.107</ele><time>2026-08-22T09:04:57Z</time><speed>25.040</speed><sat>27</sat></trkpt>
  <trkpt lat="44.69831486" lon="-0.78228330"><ele>188.478</ele><time>2026-08-22T09:04:58Z</time><speed>25.070</speed><sat>26</sat></trkpt>
  <trkpt lat="44.69813964" lon="-0.78246716"><ele>189.781</ele><time>2026-08-22T09:04:59Z</time><speed>24.720</speed><sat>26</sat></trkpt>
  <trkpt lat="44.69795688" lon="-0.78263606"><ele>190.809</ele><time>2026-08-22T09:05:00Z</time><speed>24.230</speed><sat>26</sat></trkpt>
  <trkpt lat="44.69777495" lon="-0.78279131"><ele>192.199</ele><time>2026-08-22T09:05:01Z</time><speed>23.680</speed><sat>27</sat></trkpt>
  <trkpt lat="44.69758959" lon="-0.78292945"><ele>193.136</ele><time>2026-08-22T09:05:02Z</time><speed>23.210</speed><sat>26</sat></trkpt>
  <trkpt lat="44.69741367" lon="-0.78306400"><ele>193.021</ele><time>2026-08-22T09:05:03Z</time><speed>22.940</speed><sat>25</sat></trkpt>
  <trkpt lat="44.69723446" lon="-0.78320831"><ele>192.874</ele><time>2026-08-22T09:05:04Z</time><speed>23.130</speed><sat>27</sat></trkpt>
  <trkpt lat="44.69704781" lon="-0.78335466"><ele>191.216</ele><time>2026-08-22T09:05:05Z</time><speed>23.500</speed><sat>28</sat></trkpt>
  <trkpt lat="44.69686041" lon="-0.78350492"><ele>189.980</ele><time>2026-08-22T09:05:06Z</time><speed>24.040</speed><sat>28</sat></trkpt>
  <trkpt lat="44.69666888" lon="-0.78366392"><ele>188.834</ele><time>2026-08-22T09:05:07Z</time><speed>24.830</speed><sat>28</sat></trkpt>
  <trkpt lat="44.69647628" lon="-0.78383569"><ele>187.828</ele><time>2026-08-22T09:05:08Z</time><speed>25.340</speed><sat>28</sat></trkpt>
  <trkpt lat="44.69629371" lon="-0.78402623"><ele>186.691</ele><time>2026-08-22T09:05:09Z</time><speed>25.380</speed><sat>28</sat></trkpt>
  <trkpt lat="44.69611366" lon="-0.78422573"><ele>186.701</ele><time>2026-08-22T09:05:10Z</time><speed>25.120</speed><sat>27</sat></trkpt>
  <trkpt lat="44.69595543" lon="-0.78444990"><ele>186.755</ele><time>2026-08-22T09:05:11Z</time><speed>24.800</speed><sat>30</sat></trkpt>
  <trkpt lat="44.69581439" lon="-0.78468766"><ele>187.262</ele><time>2026-08-22T09:05:12Z</time><speed>24.650</speed><sat>29</sat></trkpt>
  <trkpt lat="44.69568703" lon="-0.78495147"><ele>186.442</ele><time>2026-08-22T09:05:13Z</time><speed>24.870</speed><sat>31</sat></trkpt>
  <trkpt lat="44.69558394" lon="-0.78523725"><ele>184.926</ele><time>2026-08-22T09:05:14Z</time><speed>25.660</speed><sat>30</sat></trkpt>
  <trkpt lat="44.69551556" lon="-0.78555793"><ele>182.422</ele><time>2026-08-22T09:05:15Z</time><speed>26.870</speed><sat>30</sat></trkpt>
  <trkpt lat="44.69549554" lon="-0.78590283"><ele>180.390</ele><time>2026-08-22T09:05:16Z</time><speed>28.000</speed><sat>31</sat></trkpt>
  <trkpt lat="44.69552027" lon="-0.78625954"><ele>178.615</ele><time>2026-08-22T09:05:17Z</time><speed>28.550</speed><sat>28</sat></trkpt>
  <trkpt lat="44.69560333" lon="-0.78660421"><ele>178.607</ele><time>2026-08-22T09:05:18Z</time><speed>28.770</speed><sat>28</sat></trkpt>
  <trkpt lat="44.69571436" lon="-0.78692857"><ele>179.471</ele><time>2026-08-22T09:05:19Z</time><speed>28.150</speed><sat>28</sat></trkpt>
  <trkpt lat="44.69584586" lon="-0.78721636"><ele>181.373</ele><time>2026-08-22T09:05:20Z</time><speed>27.210</speed><sat>28</sat></trkpt>
  <trkpt lat="44.69598334" lon="-0.78748869"><ele>183.774</ele><time>2026-08-22T09:05:21Z</time><speed>26.220</speed><sat>29</sat></trkpt>
  <trkpt lat="44.69613369" lon="-0.78773080"><ele>185.749</ele><time>2026-08-22T09:05:22Z</time><speed>25.520</speed><sat>30</sat></trkpt>
  <trkpt lat="44.69630110" lon="-0.78795818"><ele>185.544</ele><time>2026-08-22T09:05:23Z</time><speed>25.640</speed><sat>29</sat></trkpt>
  <trkpt lat="44.69648084" lon="-0.78817035"><ele>184.067</ele><time>2026-08-22T09:05:24Z</time><speed>25.900</speed><sat>30</sat></trkpt>
  <trkpt lat="44.69667813" lon="-0.78836127"><ele>181.834</ele><time>2026-08-22T09:05:25Z</time><speed>26.370</speed><sat>31</sat></trkpt>
  <trkpt lat="44.69688744" lon="-0.78851890"><ele>180.126</ele><time>2026-08-22T09:05:26Z</time><speed>26.420</speed><sat>31</sat></trkpt>
  <trkpt lat="44.69711352" lon="-0.78863368"><ele>179.227</ele><time>2026-08-22T09:05:27Z</time><speed>25.830</speed><sat>30</sat></trkpt>
  <trkpt lat="44.69733329" lon="-0.78873807"><ele>180.501</ele><time>2026-08-22T09:05:28Z</time><speed>25.330</speed><sat>30</sat></trkpt>
  <trkpt lat="44.69754711" lon="-0.78881795"><ele>182.064</ele><time>2026-08-22T09:05:29Z</time><speed>24.490</speed><sat>27</sat></trkpt>
  <trkpt lat="44.69775416" lon="-0.78888314"><ele>182.254</ele><time>2026-08-22T09:05:30Z</time><speed>23.500</speed><sat>29</sat></trkpt>
  <trkpt lat="44.69795687" lon="-0.78894879"><ele>181.476</ele><time>2026-08-22T09:05:31Z</time><speed>23.030</speed><sat>26</sat></trkpt>
  <trkpt lat="44.69815940" lon="-0.78901953"><ele>179.265</ele><time>2026-08-22T09:05:32Z</time><speed>23.380</speed><sat>29</sat></trkpt>
  <trkpt lat="44.69836880" lon="-0.78909737"><ele>174.705</ele><time>2026-08-22T09:05:33Z</time><speed>24.010</speed><sat>30</sat></trkpt>
  <trkpt lat="44.69858003" lon="-0.78917901"><ele>169.377</ele><time>2026-08-22T09:05:34Z</time><speed>24.520</speed><sat>26</sat></trkpt>
  <trkpt lat="44.69879622" lon="-0.78926299"><ele>164.009</ele><time>2026-08-22T09:05:35Z</time><speed>25.010</speed><sat>26</sat></trkpt>
  <trkpt lat="44.69901448" lon="-0.78935803"><ele>159.330</ele><time>2026-08-22T09:05:36Z</time><speed>25.500</speed><sat>27</sat></trkpt>
  <trkpt lat="44.69923739" lon="-0.78943671"><ele>154.797</ele><time>2026-08-22T09:05:37Z</time><speed>25.570</speed><sat>28</sat></trkpt>
  <trkpt lat="44.69946021" lon="-0.78950264"><ele>151.976</ele><time>2026-08-22T09:05:38Z</time><speed>25.250</speed><sat>29</sat></trkpt>
  <trkpt lat="44.69967627" lon="-0.78956192"><ele>149.475</ele><time>2026-08-22T09:05:39Z</time><speed>24.350</speed><sat>27</sat></trkpt>
  <trkpt lat="44.69988470" lon="-0.78957489"><ele>145.515</ele><time>2026-08-22T09:05:40Z</time><speed>23.110</speed><sat>28</sat></trkpt>
  <trkpt lat="44.70008087" lon="-0.78952971"><ele>141.323</ele><time>2026-08-22T09:05:41Z</time><speed>22.050</speed><sat>28</sat></trkpt>
  <trkpt lat="44.70026207" lon="-0.78941691"><ele>136.382</ele><time>2026-08-22T09:05:42Z</time><speed>21.790</speed><sat>30</sat></trkpt>
  <trkpt lat="44.70042296" lon="-0.78925796"><ele>131.481</ele><time>2026-08-22T09:05:43Z</time><speed>21.550</speed><sat>28</sat></trkpt>
  <trkpt lat="44.70055955" lon="-0.78907002"><ele>125.811</ele><time>2026-08-22T09:05:44Z</time><speed>21.340</speed><sat>28</sat></trkpt>
  <trkpt lat="44.70065808" lon="-0.78883131"><ele>119.027</ele><time>2026-08-22T09:05:45Z</time><speed>22.090</speed><sat>28</sat></trkpt>
  <trkpt lat="44.70072116" lon="-0.78856415"><ele>115.128</ele><time>2026-08-22T09:05:46Z</time><speed>22.780</speed><sat>26</sat></trkpt>
  <trkpt lat="44.70078421" lon="-0.78829683"><ele>114.764</ele><time>2026-08-22T09:05:47Z</time><speed>22.050</speed><sat>29</sat></trkpt>
  <trkpt lat="44.70084581" lon="-0.78805546"><ele>115.641</ele><time>2026-08-22T09:05:48Z</time><speed>19.730</speed><sat>28</sat></trkpt>
  <trkpt lat="44.70089562" lon="-0.78782644"><ele>117.052</ele><time>2026-08-22T09:05:49Z</time><speed>17.840</speed><sat>30</sat></trkpt>
  <trkpt lat="44.70093160" lon="-0.78761692"><ele>116.670</ele><time>2026-08-22T09:05:50Z</time><speed>16.900</speed><sat>25</sat></trkpt>
  <trkpt lat="44.70097183" lon="-0.78740826"><ele>112.786</ele><time>2026-08-22T09:05:51Z</time><speed>16.830</speed><sat>25</sat></trkpt>
  <trkpt lat="44.70102772" lon="-0.78720135"><ele>105.372</ele><time>2026-08-22T09:05:52Z</time><speed>18.170</speed><sat>27</sat></trkpt>
  <trkpt lat="44.70109802" lon="-0.78697206"><ele>98.185</ele><time>2026-08-22T09:05:53Z</time><speed>20.650</speed><sat>30</sat></trkpt>
  <trkpt lat="44.70119147" lon="-0.78673712"><ele>93.412</ele><time>2026-08-22T09:05:54Z</time><speed>22.660</speed><sat>28</sat></trkpt>
  <trkpt lat="44.70128711" lon="-0.78649954"><ele>87.889</ele><time>2026-08-22T09:05:55Z</time><speed>21.940</speed><sat>26</sat></trkpt>
  <trkpt lat="44.70140392" lon="-0.78627623"><ele>82.086</ele><time>2026-08-22T09:05:56Z</time><speed>21.820</speed><sat>28</sat></trkpt>
  <trkpt lat="44.70156225" lon="-0.78606185"><ele>85.818</ele><time>2026-08-22T09:05:57Z</time><speed>24.150</speed><sat>30</sat></trkpt>
  <trkpt lat="44.70170141" lon="-0.78585441"><ele>87.049</ele><time>2026-08-22T09:05:58Z</time><speed>21.980</speed><sat>27</sat></trkpt>
  <trkpt lat="44.70183347" lon="-0.78566887"><ele>89.078</ele><time>2026-08-22T09:05:59Z</time><speed>20.510</speed><sat>31</sat></trkpt>
  <trkpt lat="44.70197203" lon="-0.78549004"><ele>93.416</ele><time>2026-08-22T09:06:00Z</time><speed>19.490</speed><sat>31</sat></trkpt>
  <trkpt lat="44.70210022" lon="-0.78531322"><ele>97.517</ele><time>2026-08-22T09:06:01Z</time><speed>18.840</speed><sat>31</sat></trkpt>
  <trkpt lat="44.70221420" lon="-0.78516224"><ele>101.360</ele><time>2026-08-22T09:06:02Z</time><speed>18.050</speed><sat>31</sat></trkpt>
  <trkpt lat="44.70234092" lon="-0.78501696"><ele>104.613</ele><time>2026-08-22T09:06:03Z</time><speed>17.640</speed><sat>31</sat></trkpt>
  <trkpt lat="44.70245802" lon="-0.78487202"><ele>106.589</ele><time>2026-08-22T09:06:04Z</time><speed>17.480</speed><sat>32</sat></trkpt>
  <trkpt lat="44.70256784" lon="-0.78472584"><ele>108.167</ele><time>2026-08-22T09:06:05Z</time><speed>17.420</speed><sat>31</sat></trkpt>
  <trkpt lat="44.70267840" lon="-0.78456397"><ele>109.961</ele><time>2026-08-22T09:06:06Z</time><speed>17.780</speed><sat>31</sat></trkpt>
  <trkpt lat="44.70278068" lon="-0.78439897"><ele>111.244</ele><time>2026-08-22T09:06:07Z</time><speed>17.840</speed><sat>31</sat></trkpt>
  <trkpt lat="44.70286830" lon="-0.78422070"><ele>113.465</ele><time>2026-08-22T09:06:08Z</time><speed>17.310</speed><sat>30</sat></trkpt>
  <trkpt lat="44.70294265" lon="-0.78404196"><ele>116.346</ele><time>2026-08-22T09:06:09Z</time><speed>16.440</speed><sat>31</sat></trkpt>
  <trkpt lat="44.70300607" lon="-0.78385910"><ele>118.356</ele><time>2026-08-22T09:06:10Z</time><speed>16.000</speed><sat>30</sat></trkpt>
  <trkpt lat="44.70306945" lon="-0.78367453"><ele>120.179</ele><time>2026-08-22T09:06:11Z</time><speed>16.000</speed><sat>30</sat></trkpt>
  <trkpt lat="44.70313341" lon="-0.78348822"><ele>120.807</ele><time>2026-08-22T09:06:12Z</time><speed>16.610</speed><sat>30</sat></trkpt>
  <trkpt lat="44.70320889" lon="-0.78329676"><ele>120.885</ele><time>2026-08-22T09:06:13Z</time><speed>17.340</speed><sat>30</sat></trkpt>
  <trkpt lat="44.70328668" lon="-0.78309689"><ele>120.868</ele><time>2026-08-22T09:06:14Z</time><speed>18.040</speed><sat>28</sat></trkpt>
  <trkpt lat="44.70336850" lon="-0.78290018"><ele>122.253</ele><time>2026-08-22T09:06:15Z</time><speed>18.080</speed><sat>29</sat></trkpt>
  <trkpt lat="44.70345387" lon="-0.78270299"><ele>123.124</ele><time>2026-08-22T09:06:16Z</time><speed>17.970</speed><sat>30</sat></trkpt>
  <trkpt lat="44.70354636" lon="-0.78251557"><ele>125.342</ele><time>2026-08-22T09:06:17Z</time><speed>17.640</speed><sat>29</sat></trkpt>
  <trkpt lat="44.70363157" lon="-0.78233386"><ele>127.469</ele><time>2026-08-22T09:06:18Z</time><speed>17.280</speed><sat>30</sat></trkpt>
  <trkpt lat="44.70371061" lon="-0.78215301"><ele>129.941</ele><time>2026-08-22T09:06:19Z</time><speed>17.070</speed><sat>31</sat></trkpt>
  <trkpt lat="44.70379220" lon="-0.78196397"><ele>131.377</ele><time>2026-08-22T09:06:20Z</time><speed>17.040</speed><sat>30</sat></trkpt>
  <trkpt lat="44.70386496" lon="-0.78177619"><ele>131.673</ele><time>2026-08-22T09:06:21Z</time><speed>17.050</speed><sat>29</sat></trkpt>
  <trkpt lat="44.70394192" lon="-0.78158872"><ele>132.321</ele><time>2026-08-22T09:06:22Z</time><speed>17.370</speed><sat>30</sat></trkpt>
  <trkpt lat="44.70401382" lon="-0.78139376"><ele>132.539</ele><time>2026-08-22T09:06:23Z</time><speed>17.860</speed><sat>29</sat></trkpt>
  <trkpt lat="44.70408295" lon="-0.78118252"><ele>132.039</ele><time>2026-08-22T09:06:24Z</time><speed>18.220</speed><sat>28</sat></trkpt>
  <trkpt lat="44.70413589" lon="-0.78095549"><ele>130.447</ele><time>2026-08-22T09:06:25Z</time><speed>18.690</speed><sat>30</sat></trkpt>
  <trkpt lat="44.70416307" lon="-0.78072126"><ele>129.648</ele><time>2026-08-22T09:06:26Z</time><speed>19.080</speed><sat>28</sat></trkpt>
  <trkpt lat="44.70414830" lon="-0.78047825"><ele>128.997</ele><time>2026-08-22T09:06:27Z</time><speed>19.160</speed><sat>30</sat></trkpt>
  <trkpt lat="44.70409561" lon="-0.78025380"><ele>129.902</ele><time>2026-08-22T09:06:28Z</time><speed>19.070</speed><sat>32</sat></trkpt>
  <trkpt lat="44.70400727" lon="-0.78004553"><ele>131.618</ele><time>2026-08-22T09:06:29Z</time><speed>18.900</speed><sat>29</sat></trkpt>
  <trkpt lat="44.70387989" lon="-0.77987686"><ele>133.345</ele><time>2026-08-22T09:06:30Z</time><speed>18.990</speed><sat>32</sat></trkpt>
  <trkpt lat="44.70372376" lon="-0.77975455"><ele>134.131</ele><time>2026-08-22T09:06:31Z</time><speed>19.410</speed><sat>32</sat></trkpt>
  <trkpt lat="44.70355231" lon="-0.77967329"><ele>134.500</ele><time>2026-08-22T09:06:32Z</time><speed>19.800</speed><sat>32</sat></trkpt>
  <trkpt lat="44.70337467" lon="-0.77962130"><ele>134.582</ele><time>2026-08-22T09:06:33Z</time><speed>20.140</speed><sat>29</sat></trkpt>
  <trkpt lat="44.70318735" lon="-0.77958369"><ele>134.581</ele><time>2026-08-22T09:06:34Z</time><speed>20.460</speed><sat>26</sat></trkpt>
  <trkpt lat="44.70300359" lon="-0.77955064"><ele>134.487</ele><time>2026-08-22T09:06:35Z</time><speed>20.520</speed><sat>30</sat></trkpt>
  <trkpt lat="44.70281728" lon="-0.77951777"><ele>135.382</ele><time>2026-08-22T09:06:36Z</time><speed>20.420</speed><sat>30</sat></trkpt>
  <trkpt lat="44.70262869" lon="-0.77948544"><ele>136.922</ele><time>2026-08-22T09:06:37Z</time><speed>20.370</speed><sat>27</sat></trkpt>
  <trkpt lat="44.70244327" lon="-0.77944459"><ele>137.742</ele><time>2026-08-22T09:06:38Z</time><speed>20.300</speed><sat>27</sat></trkpt>
  <trkpt lat="44.70226980" lon="-0.77939197"><ele>138.381</ele><time>2026-08-22T09:06:39Z</time><speed>20.050</speed><sat>29</sat></trkpt>
  <trkpt lat="44.70209684" lon="-0.77932491"><ele>137.723</ele><time>2026-08-22T09:06:40Z</time><speed>19.920</speed><sat>30</sat></trkpt>
  <trkpt lat="44.70191735" lon="-0.77926137"><ele>136.658</ele><time>2026-08-22T09:06:41Z</time><speed>20.050</speed><sat>30</sat></trkpt>
  <trkpt lat="44.70173041" lon="-0.77920460"><ele>135.704</ele><time>2026-08-22T09:06:42Z</time><speed>20.850</speed><sat>30</sat></trkpt>
  <trkpt lat="44.70153284" lon="-0.77915297"><ele>134.292</ele><time>2026-08-22T09:06:43Z</time><speed>21.710</speed><sat>29</sat></trkpt>
  <trkpt lat="44.70133324" lon="-0.77910598"><ele>133.244</ele><time>2026-08-22T09:06:44Z</time><speed>22.290</speed><sat>27</sat></trkpt>
  <trkpt lat="44.70113152" lon="-0.77906655"><ele>133.181</ele><time>2026-08-22T09:06:45Z</time><speed>23.040</speed><sat>27</sat></trkpt>
  <trkpt lat="44.70091898" lon="-0.77902811"><ele>135.372</ele><time>2026-08-22T09:06:46Z</time><speed>23.390</speed><sat>28</sat></trkpt>
  <trkpt lat="44.70071358" lon="-0.77898032"><ele>138.962</ele><time>2026-08-22T09:06:47Z</time><speed>23.140</speed><sat>28</sat></trkpt>
  <trkpt lat="44.70051463" lon="-0.77894479"><ele>141.383</ele><time>2026-08-22T09:06:48Z</time><speed>22.450</speed><sat>29</sat></trkpt>
  <trkpt lat="44.70031192" lon="-0.77893154"><ele>143.482</ele><time>2026-08-22T09:06:49Z</time><speed>22.390</speed><sat>29</sat></trkpt>
  <trkpt lat="44.70010488" lon="-0.77893476"><ele>144.228</ele><time>2026-08-22T09:06:50Z</time><speed>22.880</speed><sat>29</sat></trkpt>
  <trkpt lat="44.69988663" lon="-0.77896317"><ele>143.800</ele><time>2026-08-22T09:06:51Z</time><speed>24.060</speed><sat>30</sat></trkpt>
  <trkpt lat="44.69966178" lon="-0.77903106"><ele>142.439</ele><time>2026-08-22T09:06:52Z</time><speed>25.430</speed><sat>30</sat></trkpt>
  <trkpt lat="44.69944566" lon="-0.77916096"><ele>141.715</ele><time>2026-08-22T09:06:53Z</time><speed>26.560</speed><sat>32</sat></trkpt>
  <trkpt lat="44.69924279" lon="-0.77935474"><ele>141.114</ele><time>2026-08-22T09:06:54Z</time><speed>27.380</speed><sat>30</sat></trkpt>
  <trkpt lat="44.69906227" lon="-0.77958789"><ele>142.991</ele><time>2026-08-22T09:06:55Z</time><speed>27.320</speed><sat>29</sat></trkpt>
  <trkpt lat="44.69890550" lon="-0.77985491"><ele>145.399</ele><time>2026-08-22T09:06:56Z</time><speed>27.190</speed><sat>29</sat></trkpt>
  <trkpt lat="44.69877031" lon="-0.78013555"><ele>149.576</ele><time>2026-08-22T09:06:57Z</time><speed>26.490</speed><sat>27</sat></trkpt>
  <trkpt lat="44.69864722" lon="-0.78041569"><ele>154.542</ele><time>2026-08-22T09:06:58Z</time><speed>25.350</speed><sat>27</sat></trkpt>
  <trkpt lat="44.69853680" lon="-0.78069648"><ele>157.699</ele><time>2026-08-22T09:06:59Z</time><speed>25.120</speed><sat>27</sat></trkpt>
  <trkpt lat="44.69843299" lon="-0.78098717"><ele>160.202</ele><time>2026-08-22T09:07:00Z</time><speed>25.540</speed><sat>30</sat></trkpt>
  <trkpt lat="44.69833719" lon="-0.78128232"><ele>162.326</ele><time>2026-08-22T09:07:01Z</time><speed>25.820</speed><sat>29</sat></trkpt>
  <trkpt lat="44.69824809" lon="-0.78158440"><ele>164.633</ele><time>2026-08-22T09:07:02Z</time><speed>25.950</speed><sat>29</sat></trkpt>
  <trkpt lat="44.69817154" lon="-0.78188964"><ele>166.360</ele><time>2026-08-22T09:07:03Z</time><speed>26.070</speed><sat>31</sat></trkpt>
  <trkpt lat="44.69809081" lon="-0.78219783"><ele>168.171</ele><time>2026-08-22T09:07:04Z</time><speed>26.100</speed><sat>28</sat></trkpt>
  <trkpt lat="44.69801160" lon="-0.78249449"><ele>169.493</ele><time>2026-08-22T09:07:05Z</time><speed>25.540</speed><sat>25</sat></trkpt>
  <trkpt lat="44.69791130" lon="-0.78277580"><ele>170.900</ele><time>2026-08-22T09:07:06Z</time><speed>24.690</speed><sat>25</sat></trkpt>
  <trkpt lat="44.69779622" lon="-0.78304135"><ele>170.782</ele><time>2026-08-22T09:07:07Z</time><speed>24.500</speed><sat>25</sat></trkpt>
  <trkpt lat="44.69766271" lon="-0.78329159"><ele>169.422</ele><time>2026-08-22T09:07:08Z</time><speed>24.600</speed><sat>26</sat></trkpt>
  <trkpt lat="44.69751723" lon="-0.78352996"><ele>169.096</ele><time>2026-08-22T09:07:09Z</time><speed>24.680</speed><sat>26</sat></trkpt>
  <trkpt lat="44.69735219" lon="-0.78375252"><ele>169.137</ele><time>2026-08-22T09:07:10Z</time><speed>25.070</speed><sat>27</sat></trkpt>
  <trkpt lat="44.69718646" lon="-0.78397319"><ele>169.602</ele><time>2026-08-22T09:07:11Z</time><speed>25.350</speed><sat>24</sat></trkpt>
  <trkpt lat="44.69702150" lon="-0.78420819"><ele>170.561</ele><time>2026-08-22T09:07:12Z</time><speed>25.380</speed><sat>27</sat></trkpt>
  <trkpt lat="44.69686778" lon="-0.78444242"><ele>172.037</ele><time>2026-08-22T09:07:13Z</time><speed>25.180</speed><sat>26</sat></trkpt>
  <trkpt lat="44.69673018" lon="-0.78468566"><ele>174.889</ele><time>2026-08-22T09:07:14Z</time><speed>24.900</speed><sat>25</sat></trkpt>
  <trkpt lat="44.69661117" lon="-0.78494768"><ele>176.887</ele><time>2026-08-22T09:07:15Z</time><speed>24.650</speed><sat>28</sat></trkpt>
  <trkpt lat="44.69651503" lon="-0.78522844"><ele>176.673</ele><time>2026-08-22T09:07:16Z</time><speed>24.710</speed><sat>26</sat></trkpt>
  <trkpt lat="44.69643915" lon="-0.78552431"><ele>175.789</ele><time>2026-08-22T09:07:17Z</time><speed>25.180</speed><sat>28</sat></trkpt>
  <trkpt lat="44.69637609" lon="-0.78583832"><ele>175.575</ele><time>2026-08-22T09:07:18Z</time><speed>25.930</speed><sat>29</sat></trkpt>
  <trkpt lat="44.69631458" lon="-0.78616818"><ele>176.214</ele><time>2026-08-22T09:07:19Z</time><speed>27.190</speed><sat>28</sat></trkpt>
  <trkpt lat="44.69624627" lon="-0.78649687"><ele>178.388</ele><time>2026-08-22T09:07:20Z</time><speed>27.340</speed><sat>27</sat></trkpt>
  <trkpt lat="44.69618764" lon="-0.78683034"><ele>181.525</ele><time>2026-08-22T09:07:21Z</time><speed>26.770</speed><sat>28</sat></trkpt>
  <trkpt lat="44.69614697" lon="-0.78715715"><ele>184.471</ele><time>2026-08-22T09:07:22Z</time><speed>26.150</speed><sat>30</sat></trkpt>
  <trkpt lat="44.69612518" lon="-0.78748156"><ele>186.813</ele><time>2026-08-22T09:07:23Z</time><speed>25.990</speed><sat>29</sat></trkpt>
  <trkpt lat="44.69613475" lon="-0.78781330"><ele>187.252</ele><time>2026-08-22T09:07:24Z</time><speed>26.540</speed><sat>30</sat></trkpt>
  <trkpt lat="44.69616489" lon="-0.78815517"><ele>185.997</ele><time>2026-08-22T09:07:25Z</time><speed>27.370</speed><sat>31</sat></trkpt>
  <trkpt lat="44.69624470" lon="-0.78849162"><ele>185.713</ele><time>2026-08-22T09:07:26Z</time><speed>28.550</speed><sat>30</sat></trkpt>
  <trkpt lat="44.69637527" lon="-0.78881120"><ele>184.661</ele><time>2026-08-22T09:07:27Z</time><speed>29.150</speed><sat>30</sat></trkpt>
  <trkpt lat="44.69654901" lon="-0.78909636"><ele>184.060</ele><time>2026-08-22T09:07:28Z</time><speed>29.520</speed><sat>26</sat></trkpt>
  <trkpt lat="44.69674071" lon="-0.78935090"><ele>184.962</ele><time>2026-08-22T09:07:29Z</time><speed>29.070</speed><sat>32</sat></trkpt>
  <trkpt lat="44.69692758" lon="-0.78958533"><ele>189.033</ele><time>2026-08-22T09:07:30Z</time><speed>27.090</speed><sat>28</sat></trkpt>
  <trkpt lat="44.69710849" lon="-0.78977987"><ele>193.615</ele><time>2026-08-22T09:07:31Z</time><speed>24.570</speed><sat>32</sat></trkpt>
  <trkpt lat="44.69727992" lon="-0.78994965"><ele>197.097</ele><time>2026-08-22T09:07:32Z</time><speed>22.340</speed><sat>29</sat></trkpt>
  <trkpt lat="44.69744867" lon="-0.79009069"><ele>198.919</ele><time>2026-08-22T09:07:33Z</time><speed>20.570</speed><sat>30</sat></trkpt>
  <trkpt lat="44.69760757" lon="-0.79022918"><ele>199.422</ele><time>2026-08-22T09:07:34Z</time><speed>19.970</speed><sat>30</sat></trkpt>
  <trkpt lat="44.69777021" lon="-0.79034763"><ele>196.891</ele><time>2026-08-22T09:07:35Z</time><speed>20.250</speed><sat>30</sat></trkpt>
  <trkpt lat="44.69793983" lon="-0.79046351"><ele>193.475</ele><time>2026-08-22T09:07:36Z</time><speed>21.200</speed><sat>30</sat></trkpt>
  <trkpt lat="44.69812521" lon="-0.79056159"><ele>187.860</ele><time>2026-08-22T09:07:37Z</time><speed>22.290</speed><sat>31</sat></trkpt>
  <trkpt lat="44.69832572" lon="-0.79063573"><ele>181.675</ele><time>2026-08-22T09:07:38Z</time><speed>23.290</speed><sat>30</sat></trkpt>
  <trkpt lat="44.69853247" lon="-0.79069420"><ele>176.923</ele><time>2026-08-22T09:07:39Z</time><speed>24.100</speed><sat>31</sat></trkpt>
  <trkpt lat="44.69874326" lon="-0.79073037"><ele>173.750</ele><time>2026-08-22T09:07:40Z</time><speed>24.080</speed><sat>29</sat></trkpt>
  <trkpt lat="44.69896010" lon="-0.79074721"><ele>170.735</ele><time>2026-08-22T09:07:41Z</time><speed>23.960</speed><sat>31</sat></trkpt>
  <trkpt lat="44.69917186" lon="-0.79075582"><ele>168.819</ele><time>2026-08-22T09:07:42Z</time><speed>23.720</speed><sat>32</sat></trkpt>
  <trkpt lat="44.69937551" lon="-0.79076017"><ele>166.965</ele><time>2026-08-22T09:07:43Z</time><speed>23.220</speed><sat>30</sat></trkpt>
  <trkpt lat="44.69958101" lon="-0.79075562"><ele>166.293</ele><time>2026-08-22T09:07:44Z</time><speed>22.430</speed><sat>32</sat></trkpt>
  <trkpt lat="44.69978163" lon="-0.79074393"><ele>165.877</ele><time>2026-08-22T09:07:45Z</time><speed>21.660</speed><sat>31</sat></trkpt>
  <trkpt lat="44.69997371" lon="-0.79072883"><ele>163.768</ele><time>2026-08-22T09:07:46Z</time><speed>21.290</speed><sat>29</sat></trkpt>
  <trkpt lat="44.70016277" lon="-0.79072316"><ele>160.910</ele><time>2026-08-22T09:07:47Z</time><speed>21.000</speed><sat>31</sat></trkpt>
  <trkpt lat="44.70035206" lon="-0.79071988"><ele>157.391</ele><time>2026-08-22T09:07:48Z</time><speed>20.560</speed><sat>30</sat></trkpt>
  <trkpt lat="44.70053322" lon="-0.79070983"><ele>154.325</ele><time>2026-08-22T09:07:49Z</time><speed>20.170</speed><sat>27</sat></trkpt>
  <trkpt lat="44.70070869" lon="-0.79068126"><ele>151.548</ele><time>2026-08-22T09:07:50Z</time><speed>19.790</speed><sat>27</sat></trkpt>
  <trkpt lat="44.70088079" lon="-0.79063091"><ele>147.604</ele><time>2026-08-22T09:07:51Z</time><speed>19.410</speed><sat>30</sat></trkpt>
  <trkpt lat="44.70104794" lon="-0.79054786"><ele>142.369</ele><time>2026-08-22T09:07:52Z</time><speed>19.400</speed><sat>31</sat></trkpt>
  <trkpt lat="44.70119238" lon="-0.79041420"><ele>137.166</ele><time>2026-08-22T09:07:53Z</time><speed>19.500</speed><sat>30</sat></trkpt>
  <trkpt lat="44.70130518" lon="-0.79023009"><ele>131.101</ele><time>2026-08-22T09:07:54Z</time><speed>19.730</speed><sat>29</sat></trkpt>
  <trkpt lat="44.70138186" lon="-0.78999727"><ele>126.164</ele><time>2026-08-22T09:07:55Z</time><speed>21.030</speed><sat>30</sat></trkpt>
  <trkpt lat="44.70142279" lon="-0.78972650"><ele>121.361</ele><time>2026-08-22T09:07:56Z</time><speed>21.540</speed><sat>30</sat></trkpt>
  <trkpt lat="44.70142843" lon="-0.78944389"><ele>117.394</ele><time>2026-08-22T09:07:57Z</time><speed>22.110</speed><sat>31</sat></trkpt>
  <trkpt lat="44.70142038" lon="-0.78916857"><ele>114.170</ele><time>2026-08-22T09:07:58Z</time><speed>21.250</speed><sat>28</sat></trkpt>
  <trkpt lat="44.70140533" lon="-0.78890790"><ele>111.103</ele><time>2026-08-22T09:07:59Z</time><speed>20.530</speed><sat>31</sat></trkpt>
  <trkpt lat="44.70139607" lon="-0.78865478"><ele>107.768</ele><time>2026-08-22T09:08:00Z</time><speed>19.840</speed><sat>31</sat></trkpt>
  <trkpt lat="44.70139209" lon="-0.78839995"><ele>103.045</ele><time>2026-08-22T09:08:01Z</time><speed>19.630</speed><sat>28</sat></trkpt>
  <trkpt lat="44.70140070" lon="-0.78814801"><ele>98.808</ele><time>2026-08-22T09:08:02Z</time><speed>19.620</speed><sat>27</sat></trkpt>
  <trkpt lat="44.70142057" lon="-0.78790512"><ele>94.466</ele><time>2026-08-22T09:08:03Z</time><speed>19.450</speed><sat>29</sat></trkpt>
  <trkpt lat="44.70143850" lon="-0.78765890"><ele>88.941</ele><time>2026-08-22T09:08:04Z</time><speed>19.610</speed><sat>29</sat></trkpt>
  <trkpt lat="44.70147195" lon="-0.78742078"><ele>83.752</ele><time>2026-08-22T09:08:05Z</time><speed>19.590</speed><sat>28</sat></trkpt>
  <trkpt lat="44.70151924" lon="-0.78717729"><ele>78.579</ele><time>2026-08-22T09:08:06Z</time><speed>19.690</speed><sat>30</sat></trkpt>
  <trkpt lat="44.70156312" lon="-0.78693453"><ele>73.222</ele><time>2026-08-22T09:08:07Z</time><speed>19.680</speed><sat>29</sat></trkpt>
  <trkpt lat="44.70160691" lon="-0.78669771"><ele>68.868</ele><time>2026-08-22T09:08:08Z</time><speed>19.500</speed><sat>29</sat></trkpt>
  <trkpt lat="44.70165506" lon="-0.78645859"><ele>66.532</ele><time>2026-08-22T09:08:09Z</time><speed>19.220</speed><sat>30</sat></trkpt>
  <trkpt lat="44.70170340" lon="-0.78623805"><ele>65.629</ele><time>2026-08-22T09:08:10Z</time><speed>18.150</speed><sat>30</sat></trkpt>
  <trkpt lat="44.70174654" lon="-0.78603114"><ele>64.670</ele><time>2026-08-22T09:08:11Z</time><speed>17.070</speed><sat>27</sat></trkpt>
  <trkpt lat="44.70179385" lon="-0.78583672"><ele>65.166</ele><time>2026-08-22T09:08:12Z</time><speed>15.900</speed><sat>30</sat></trkpt>
  <trkpt lat="44.70184170" lon="-0.78566044"><ele>64.489</ele><time>2026-08-22T09:08:13Z</time><speed>14.780</speed><sat>29</sat></trkpt>
  <trkpt lat="44.70188469" lon="-0.78549797"><ele>64.659</ele><time>2026-08-22T09:08:14Z</time><speed>13.610</speed><sat>28</sat></trkpt>
  <trkpt lat="44.70192808" lon="-0.78534246"><ele>64.754</ele><time>2026-08-22T09:08:15Z</time><speed>12.720</speed><sat>29</sat></trkpt>
  <trkpt lat="44.70196775" lon="-0.78519732"><ele>64.781</ele><time>2026-08-22T09:08:16Z</time><speed>12.050</speed><sat>28</sat></trkpt>
  <trkpt lat="44.70200437" lon="-0.78506164"><ele>65.326</ele><time>2026-08-22T09:08:17Z</time><speed>11.280</speed><sat>29</sat></trkpt>
  <trkpt lat="44.70203279" lon="-0.78493327"><ele>65.303</ele><time>2026-08-22T09:08:18Z</time><speed>10.600</speed><sat>31</sat></trkpt>
  <trkpt lat="44.70205842" lon="-0.78480890"><ele>64.926</ele><time>2026-08-22T09:08:19Z</time><speed>10.050</speed><sat>29</sat></trkpt>
  <trkpt lat="44.70208305" lon="-0.78469366"><ele>64.474</ele><time>2026-08-22T09:08:20Z</time><speed>9.570</speed><sat>28</sat></trkpt>
  <trkpt lat="44.70210887" lon="-0.78458283"><ele>64.528</ele><time>2026-08-22T09:08:21Z</time><speed>9.070</speed><sat>29</sat></trkpt>
  <trkpt lat="44.70213175" lon="-0.78448221"><ele>64.268</ele><time>2026-08-22T09:08:22Z</time><speed>8.510</speed><sat>28</sat></trkpt>
  <trkpt lat="44.70215741" lon="-0.78438549"><ele>64.217</ele><time>2026-08-22T09:08:23Z</time><speed>8.020</speed><sat>26</sat></trkpt>
  <trkpt lat="44.70217650" lon="-0.78429328"><ele>64.433</ele><time>2026-08-22T09:08:24Z</time><speed>7.680</speed><sat>31</sat></trkpt>
  <trkpt lat="44.70219867" lon="-0.78420299"><ele>64.318</ele><time>2026-08-22T09:08:25Z</time><speed>7.290</speed><sat>30</sat></trkpt>
  <trkpt lat="44.70221980" lon="-0.78412028"><ele>64.325</ele><time>2026-08-22T09:08:26Z</time><speed>7.020</speed><sat>28</sat></trkpt>
  <trkpt lat="44.70224094" lon="-0.78403916"><ele>64.303</ele><time>2026-08-22T09:08:27Z</time><speed>6.810</speed><sat>28</sat></trkpt>
  <trkpt lat="44.70225823" lon="-0.78396072"><ele>64.585</ele><time>2026-08-22T09:08:28Z</time><speed>6.600</speed><sat>28</sat></trkpt>
  <trkpt lat="44.70227342" lon="-0.78388371"><ele>64.231</ele><time>2026-08-22T09:08:29Z</time><speed>6.300</speed><sat>28</sat></trkpt>
  <trkpt lat="44.70229173" lon="-0.78380693"><ele>63.682</ele><time>2026-08-22T09:08:30Z</time><speed>6.020</speed><sat>28</sat></trkpt>
  <trkpt lat="44.70231567" lon="-0.78373702"><ele>63.680</ele><time>2026-08-22T09:08:31Z</time><speed>5.730</speed><sat>28</sat></trkpt>
  <trkpt lat="44.70233535" lon="-0.78367385"><ele>64.084</ele><time>2026-08-22T09:08:32Z</time><speed>5.470</speed><sat>29</sat></trkpt>
  <trkpt lat="44.70235033" lon="-0.78361363"><ele>64.034</ele><time>2026-08-22T09:08:33Z</time><speed>5.140</speed><sat>31</sat></trkpt>
  <trkpt lat="44.70236630" lon="-0.78355461"><ele>64.114</ele><time>2026-08-22T09:08:34Z</time><speed>4.980</speed><sat>30</sat></trkpt>
  <trkpt lat="44.70238053" lon="-0.78350056"><ele>63.715</ele><time>2026-08-22T09:08:35Z</time><speed>4.820</speed><sat>29</sat></trkpt>
  <trkpt lat="44.70239293" lon="-0.78344465"><ele>63.587</ele><time>2026-08-22T09:08:36Z</time><speed>4.750</speed><sat>28</sat></trkpt>
  <trkpt lat="44.70240905" lon="-0.78338832"><ele>63.265</ele><time>2026-08-22T09:08:37Z</time><speed>4.640</speed><sat>27</sat></trkpt>
  <trkpt lat="44.70242468" lon="-0.78333839"><ele>63.245</ele><time>2026-08-22T09:08:38Z</time><speed>4.520</speed><sat>27</sat></trkpt>
  <trkpt lat="44.70244298" lon="-0.78329023"><ele>63.439</ele><time>2026-08-22T09:08:39Z</time><speed>4.460</speed><sat>26</sat></trkpt>
  <trkpt lat="44.70245790" lon="-0.78323861"><ele>63.874</ele><time>2026-08-22T09:08:40Z</time><speed>4.330</speed><sat>26</sat></trkpt>
  <trkpt lat="44.70247164" lon="-0.78318826"><ele>63.494</ele><time>2026-08-22T09:08:41Z</time><speed>4.250</speed><sat>27</sat></trkpt>
  <trkpt lat="44.70248499" lon="-0.78314106"><ele>63.233</ele><time>2026-08-22T09:08:42Z</time><speed>4.110</speed><sat>26</sat></trkpt>
  <trkpt lat="44.70249865" lon="-0.78309369"><ele>62.964</ele><time>2026-08-22T09:08:43Z</time><speed>4.080</speed><sat>25</sat></trkpt>
  <trkpt lat="44.70251079" lon="-0.78304567"><ele>62.778</ele><time>2026-08-22T09:08:44Z</time><speed>4.050</speed><sat>27</sat></trkpt>
  <trkpt lat="44.70251937" lon="-0.78299934"><ele>62.347</ele><time>2026-08-22T09:08:45Z</time><speed>3.710</speed><sat>27</sat></trkpt>
  <trkpt lat="44.70252580" lon="-0.78295381"><ele>62.253</ele><time>2026-08-22T09:08:46Z</time><speed>3.670</speed><sat>27</sat></trkpt>
  <trkpt lat="44.70252927" lon="-0.78291164"><ele>62.624</ele><time>2026-08-22T09:08:47Z</time><speed>3.300</speed><sat>31</sat></trkpt>
  <trkpt lat="44.70252907" lon="-0.78287007"><ele>61.991</ele><time>2026-08-22T09:08:48Z</time><speed>3.110</speed><sat>30</sat></trkpt>
  <trkpt lat="44.70252440" lon="-0.78283231"><ele>62.313</ele><time>2026-08-22T09:08:49Z</time><speed>3.080</speed><sat>31</sat></trkpt>
  <trkpt lat="44.70251480" lon="-0.78279911"><ele>62.510</ele><time>2026-08-22T09:08:50Z</time><speed>2.900</speed><sat>29</sat></trkpt>
  <trkpt lat="44.70250055" lon="-0.78277285"><ele>62.759</ele><time>2026-08-22T09:08:51Z</time><speed>2.730</speed><sat>28</sat></trkpt>
  <trkpt lat="44.70248436" lon="-0.78275340"><ele>63.324</ele><time>2026-08-22T09:08:52Z</time><speed>2.520</speed><sat>27</sat></trkpt>
  <trkpt lat="44.70246735" lon="-0.78273737"><ele>63.087</ele><time>2026-08-22T09:08:53Z</time><speed>2.440</speed><sat>28</sat></trkpt>
  <trkpt lat="44.70244867" lon="-0.78272410"><ele>63.251</ele><time>2026-08-22T09:08:54Z</time><speed>2.470</speed><sat>28</sat></trkpt>
  <trkpt lat="44.70242803" lon="-0.78271346"><ele>63.070</ele><time>2026-08-22T09:08:55Z</time><speed>2.480</speed><sat>31</sat></trkpt>
  <trkpt lat="44.70240515" lon="-0.78270662"><ele>63.060</ele><time>2026-08-22T09:08:56Z</time><speed>2.540</speed><sat>29</sat></trkpt>
  <trkpt lat="44.70238216" lon="-0.78270159"><ele>63.380</ele><time>2026-08-22T09:08:57Z</time><speed>2.530</speed><sat>26</sat></trkpt>
  <trkpt lat="44.70235573" lon="-0.78269575"><ele>63.542</ele><time>2026-08-22T09:08:58Z</time><speed>3.050</speed><sat>27</sat></trkpt>
  <trkpt lat="44.70232705" lon="-0.78268773"><ele>63.099</ele><time>2026-08-22T09:08:59Z</time><speed>3.270</speed><sat>28</sat></trkpt>
  <trkpt lat="44.70229735" lon="-0.78267855"><ele>62.948</ele><time>2026-08-22T09:09:00Z</time><speed>3.200</speed><sat>27</sat></trkpt>
  <trkpt lat="44.70226966" lon="-0.78266793"><ele>62.619</ele><time>2026-08-22T09:09:01Z</time><speed>3.030</speed><sat>28</sat></trkpt>
  <trkpt lat="44.70224445" lon="-0.78265468"><ele>62.377</ele><time>2026-08-22T09:09:02Z</time><speed>3.070</speed><sat>26</sat></trkpt>
  <trkpt lat="44.70221846" lon="-0.78263754"><ele>62.040</ele><time>2026-08-22T09:09:03Z</time><speed>3.260</speed><sat>27</sat></trkpt>
  <trkpt lat="44.70219323" lon="-0.78261898"><ele>62.452</ele><time>2026-08-22T09:09:04Z</time><speed>3.090</speed><sat>26</sat></trkpt>
  <trkpt lat="44.70216982" lon="-0.78260203"><ele>62.242</ele><time>2026-08-22T09:09:05Z</time><speed>2.860</speed><sat>26</sat></trkpt>
  <trkpt lat="44.70214942" lon="-0.78258409"><ele>62.403</ele><time>2026-08-22T09:09:06Z</time><speed>2.610</speed><sat>27</sat></trkpt>
  <trkpt lat="44.70213057" lon="-0.78256472"><ele>62.329</ele><time>2026-08-22T09:09:07Z</time><speed>2.380</speed><sat>28</sat></trkpt>
  <trkpt lat="44.70211407" lon="-0.78254520"><ele>62.015</ele><time>2026-08-22T09:09:08Z</time><speed>2.280</speed><sat>29</sat></trkpt>
  <trkpt lat="44.70209829" lon="-0.78252254"><ele>62.083</ele><time>2026-08-22T09:09:09Z</time><speed>2.470</speed><sat>25</sat></trkpt>
  <trkpt lat="44.70208269" lon="-0.78249446"><ele>62.258</ele><time>2026-08-22T09:09:10Z</time><speed>2.810</speed><sat>27</sat></trkpt>
  <trkpt lat="44.70207000" lon="-0.78246495"><ele>62.336</ele><time>2026-08-22T09:09:11Z</time><speed>2.730</speed><sat>26</sat></trkpt>
  <trkpt lat="44.70206052" lon="-0.78243387"><ele>62.150</ele><time>2026-08-22T09:09:12Z</time><speed>2.650</speed><sat>29</sat></trkpt>
  <trkpt lat="44.70205486" lon="-0.78240151"><ele>62.334</ele><time>2026-08-22T09:09:13Z</time><speed>2.560</speed><sat>26</sat></trkpt>
  <trkpt lat="44.70205221" lon="-0.78236570"><ele>62.688</ele><time>2026-08-22T09:09:14Z</time><speed>2.750</speed><sat>25</sat></trkpt>
  <trkpt lat="44.70205155" lon="-0.78232777"><ele>62.267</ele><time>2026-08-22T09:09:15Z</time><speed>2.870</speed><sat>21</sat></trkpt>
  <trkpt lat="44.70205424" lon="-0.78228973"><ele>62.150</ele><time>2026-08-22T09:09:16Z</time><speed>2.860</speed><sat>27</sat></trkpt>
  <trkpt lat="44.70205913" lon="-0.78225232"><ele>62.325</ele><time>2026-08-22T09:09:17Z</time><speed>3.020</speed><sat>27</sat></trkpt>
  <trkpt lat="44.70206558" lon="-0.78221480"><ele>62.618</ele><time>2026-08-22T09:09:18Z</time><speed>3.040</speed><sat>27</sat></trkpt>
  <trkpt lat="44.70207114" lon="-0.78217830"><ele>62.788</ele><time>2026-08-22T09:09:19Z</time><speed>3.040</speed><sat>25</sat></trkpt>
  <trkpt lat="44.70207594" lon="-0.78214151"><ele>62.515</ele><time>2026-08-22T09:09:20Z</time><speed>2.920</speed><sat>26</sat></trkpt>
  <trkpt lat="44.70208373" lon="-0.78210585"><ele>62.423</ele><time>2026-08-22T09:09:21Z</time><speed>3.090</speed><sat>25</sat></trkpt>
  <trkpt lat="44.70209360" lon="-0.78206978"><ele>61.863</ele><time>2026-08-22T09:09:22Z</time><speed>3.280</speed><sat>32</sat></trkpt>
  <trkpt lat="44.70210449" lon="-0.78203067"><ele>61.957</ele><time>2026-08-22T09:09:23Z</time><speed>3.310</speed><sat>30</sat></trkpt>
  <trkpt lat="44.70211237" lon="-0.78199251"><ele>61.847</ele><time>2026-08-22T09:09:24Z</time><speed>3.200</speed><sat>30</sat></trkpt>
  <trkpt lat="44.70211998" lon="-0.78195365"><ele>62.286</ele><time>2026-08-22T09:09:25Z</time><speed>3.150</speed><sat>29</sat></trkpt>
  <trkpt lat="44.70212841" lon="-0.78191428"><ele>62.011</ele><time>2026-08-22T09:09:26Z</time><speed>3.270</speed><sat>31</sat></trkpt>
  <trkpt lat="44.70213798" lon="-0.78187550"><ele>62.215</ele><time>2026-08-22T09:09:27Z</time><speed>3.430</speed><sat>31</sat></trkpt>
  <trkpt lat="44.70214890" lon="-0.78183587"><ele>61.806</ele><time>2026-08-22T09:09:28Z</time><speed>3.400</speed><sat>29</sat></trkpt>
  <trkpt lat="44.70215994" lon="-0.78179566"><ele>62.215</ele><time>2026-08-22T09:09:29Z</time><speed>3.250</speed><sat>33</sat></trkpt>
  <trkpt lat="44.70216916" lon="-0.78175596"><ele>62.100</ele><time>2026-08-22T09:09:30Z</time><speed>3.140</speed><sat>28</sat></trkpt>
  <trkpt lat="44.70217623" lon="-0.78171692"><ele>62.271</ele><time>2026-08-22T09:09:31Z</time><speed>3.160</speed><sat>31</sat></trkpt>
  <trkpt lat="44.70218311" lon="-0.78167951"><ele>62.454</ele><time>2026-08-22T09:09:32Z</time><speed>3.210</speed><sat>28</sat></trkpt>
  <trkpt lat="44.70219235" lon="-0.78164180"><ele>62.662</ele><time>2026-08-22T09:09:33Z</time><speed>3.230</speed><sat>28</sat></trkpt>
  <trkpt lat="44.70220244" lon="-0.78160288"><ele>62.748</ele><time>2026-08-22T09:09:34Z</time><speed>3.330</speed><sat>27</sat></trkpt>
  <trkpt lat="44.70221356" lon="-0.78156164"><ele>62.784</ele><time>2026-08-22T09:09:35Z</time><speed>3.520</speed><sat>29</sat></trkpt>
  <trkpt lat="44.70222161" lon="-0.78152076"><ele>62.957</ele><time>2026-08-22T09:09:36Z</time><speed>3.340</speed><sat>28</sat></trkpt>
  <trkpt lat="44.70222837" lon="-0.78147921"><ele>62.880</ele><time>2026-08-22T09:09:37Z</time><speed>3.300</speed><sat>27</sat></trkpt>
  <trkpt lat="44.70223255" lon="-0.78143918"><ele>63.225</ele><time>2026-08-22T09:09:38Z</time><speed>3.050</speed><sat>29</sat></trkpt>
  <trkpt lat="44.70223395" lon="-0.78140100"><ele>62.803</ele><time>2026-08-22T09:09:39Z</time><speed>2.970</speed><sat>29</sat></trkpt>
  <trkpt lat="44.70223346" lon="-0.78136463"><ele>62.909</ele><time>2026-08-22T09:09:40Z</time><speed>2.860</speed><sat>30</sat></trkpt>
  <trkpt lat="44.70222855" lon="-0.78133090"><ele>62.938</ele><time>2026-08-22T09:09:41Z</time><speed>2.740</speed><sat>31</sat></trkpt>
  <trkpt lat="44.70222092" lon="-0.78129768"><ele>62.955</ele><time>2026-08-22T09:09:42Z</time><speed>2.780</speed><sat>30</sat></trkpt>
  <trkpt lat="44.70221118" lon="-0.78126256"><ele>62.933</ele><time>2026-08-22T09:09:43Z</time><speed>3.010</speed><sat>26</sat></trkpt>
  <trkpt lat="44.70219895" lon="-0.78122769"><ele>63.192</ele><time>2026-08-22T09:09:44Z</time><speed>3.110</speed><sat>25</sat></trkpt>
  <trkpt lat="44.70218542" lon="-0.78119415"><ele>62.953</ele><time>2026-08-22T09:09:45Z</time><speed>3.080</speed><sat>29</sat></trkpt>
  <trkpt lat="44.70217216" lon="-0.78116313"><ele>63.613</ele><time>2026-08-22T09:09:46Z</time><speed>2.950</speed><sat>30</sat></trkpt>
  <trkpt lat="44.70215995" lon="-0.78113424"><ele>63.273</ele><time>2026-08-22T09:09:47Z</time><speed>2.640</speed><sat>26</sat></trkpt>
  <trkpt lat="44.70214947" lon="-0.78110607"><ele>63.205</ele><time>2026-08-22T09:09:48Z</time><speed>2.550</speed><sat>26</sat></trkpt>
  <trkpt lat="44.70215246" lon="-0.78103468"><ele>68.362</ele><time>2026-08-22T09:09:49Z</time><speed>2.290</speed><sat>19</sat></trkpt>
  <trkpt lat="44.70214338" lon="-0.78100641"><ele>67.833</ele><time>2026-08-22T09:09:50Z</time><speed>2.300</speed><sat>26</sat></trkpt>
  <trkpt lat="44.70213867" lon="-0.78098696"><ele>67.267</ele><time>2026-08-22T09:09:51Z</time><speed>2.010</speed><sat>32</sat></trkpt>
  <trkpt lat="44.70213386" lon="-0.78096558"><ele>66.528</ele><time>2026-08-22T09:09:52Z</time><speed>1.820</speed><sat>32</sat></trkpt>
  <trkpt lat="44.70213476" lon="-0.78095173"><ele>66.208</ele><time>2026-08-22T09:09:53Z</time><speed>1.660</speed><sat>31</sat></trkpt>
  <trkpt lat="44.70213733" lon="-0.78093217"><ele>66.119</ele><time>2026-08-22T09:09:54Z</time><speed>1.640</speed><sat>29</sat></trkpt>
  <trkpt lat="44.70213802" lon="-0.78092596"><ele>66.127</ele><time>2026-08-22T09:09:55Z</time><speed>0.000</speed><sat>18</sat></trkpt>
  <trkpt lat="44.70214203" lon="-0.78091373"><ele>66.070</ele><time>2026-08-22T09:09:56Z</time><speed>1.620</speed><sat>32</sat></trkpt>
  <trkpt lat="44.70215236" lon="-0.78089697"><ele>65.554</ele><time>2026-08-22T09:09:57Z</time><speed>1.590</speed><sat>32</sat></trkpt>
  <trkpt lat="44.70216289" lon="-0.78088336"><ele>65.150</ele><time>2026-08-22T09:09:58Z</time><speed>1.520</speed><sat>32</sat></trkpt>
  <trkpt lat="44.70217180" lon="-0.78087201"><ele>64.980</ele><time>2026-08-22T09:09:59Z</time><speed>1.270</speed><sat>32</sat></trkpt>
  <trkpt lat="44.70218157" lon="-0.78086097"><ele>64.665</ele><time>2026-08-22T09:10:00Z</time><speed>1.390</speed><sat>32</sat></trkpt>
  <trkpt lat="44.70219451" lon="-0.78084555"><ele>64.355</ele><time>2026-08-22T09:10:01Z</time><speed>1.950</speed><sat>31</sat></trkpt>
  <trkpt lat="44.70221051" lon="-0.78082718"><ele>64.305</ele><time>2026-08-22T09:10:02Z</time><speed>2.220</speed><sat>31</sat></trkpt>
  <trkpt lat="44.70222582" lon="-0.78080995"><ele>64.340</ele><time>2026-08-22T09:10:03Z</time><speed>2.110</speed><sat>32</sat></trkpt>
  <trkpt lat="44.70224059" lon="-0.78079272"><ele>64.123</ele><time>2026-08-22T09:10:04Z</time><speed>2.130</speed><sat>32</sat></trkpt>
  <trkpt lat="44.70225651" lon="-0.78077364"><ele>64.104</ele><time>2026-08-22T09:10:05Z</time><speed>2.260</speed><sat>33</sat></trkpt>
  <trkpt lat="44.70227047" lon="-0.78075749"><ele>63.778</ele><time>2026-08-22T09:10:06Z</time><speed>2.020</speed><sat>32</sat></trkpt>
  <trkpt lat="44.70228090" lon="-0.78074665"><ele>63.741</ele><time>2026-08-22T09:10:07Z</time><speed>1.450</speed><sat>32</sat></trkpt>
  <trkpt lat="44.70229099" lon="-0.78073752"><ele>63.981</ele><time>2026-08-22T09:10:08Z</time><speed>1.220</speed><sat>33</sat></trkpt>
  <trkpt lat="44.70229999" lon="-0.78073117"><ele>64.120</ele><time>2026-08-22T09:10:09Z</time><speed>0.970</speed><sat>32</sat></trkpt>
  <trkpt lat="44.70230694" lon="-0.78072806"><ele>64.390</ele><time>2026-08-22T09:10:10Z</time><speed>0.690</speed><sat>32</sat></trkpt>
  <trkpt lat="44.70231392" lon="-0.78072536"><ele>64.347</ele><time>2026-08-22T09:10:11Z</time><speed>0.480</speed><sat>32</sat></trkpt>
  <trkpt lat="44.70231629" lon="-0.78072565"><ele>64.332</ele><time>2026-08-22T09:10:12Z</time><speed>0.000</speed><sat>33</sat></trkpt>
  <trkpt lat="44.70231695" lon="-0.78072566"><ele>64.323</ele><time>2026-08-22T09:10:13Z</time><speed>0.000</speed><sat>33</sat></trkpt>
  <trkpt lat="44.70231724" lon="-0.78072547"><ele>64.312</ele><time>2026-08-22T09:10:14Z</time><speed>0.000</speed><sat>31</sat></trkpt>
  <trkpt lat="44.70231739" lon="-0.78072534"><ele>64.299</ele><time>2026-08-22T09:10:15Z</time><speed>0.000</speed><sat>31</sat></trkpt>
  <trkpt lat="44.70231756" lon="-0.78072522"><ele>64.307</ele><time>2026-08-22T09:10:16Z</time><speed>0.000</speed><sat>30</sat></trkpt>
  <trkpt lat="44.70231773" lon="-0.78072517"><ele>64.309</ele><time>2026-08-22T09:10:17Z</time><speed>0.000</speed><sat>30</sat></trkpt>
  <trkpt lat="44.70231812" lon="-0.78072550"><ele>64.335</ele><time>2026-08-22T09:10:18Z</time><speed>0.000</speed><sat>29</sat></trkpt>
  <trkpt lat="44.70231848" lon="-0.78072583"><ele>64.342</ele><time>2026-08-22T09:10:19Z</time><speed>0.000</speed><sat>30</sat></trkpt>
  <trkpt lat="44.70231885" lon="-0.78072621"><ele>64.350</ele><time>2026-08-22T09:10:20Z</time><speed>0.000</speed><sat>31</sat></trkpt>
  <trkpt lat="44.70231897" lon="-0.78072637"><ele>64.340</ele><time>2026-08-22T09:10:21Z</time><speed>0.000</speed><sat>31</sat></trkpt>
  <trkpt lat="44.70231919" lon="-0.78072661"><ele>64.342</ele><time>2026-08-22T09:10:22Z</time><speed>0.000</speed><sat>31</sat></trkpt>
  <trkpt lat="44.70231941" lon="-0.78072686"><ele>64.341</ele><time>2026-08-22T09:10:23Z</time><speed>0.000</speed><sat>30</sat></trkpt>
  <trkpt lat="44.70231951" lon="-0.78072691"><ele>64.341</ele><time>2026-08-22T09:10:24Z</time><speed>0.000</speed><sat>30</sat></trkpt>
  <trkpt lat="44.70231965" lon="-0.78072691"><ele>64.354</ele><time>2026-08-22T09:10:25Z</time><speed>0.000</speed><sat>29</sat></trkpt>
  <trkpt lat="44.70231982" lon="-0.78072690"><ele>64.364</ele><time>2026-08-22T09:10:26Z</time><speed>0.000</speed><sat>31</sat></trkpt>
  <trkpt lat="44.70232009" lon="-0.78072706"><ele>64.382</ele><time>2026-08-22T09:10:27Z</time><speed>0.000</speed><sat>31</sat></trkpt>
  <trkpt lat="44.70232049" lon="-0.78072718"><ele>64.414</ele><time>2026-08-22T09:10:28Z</time><speed>0.000</speed><sat>31</sat></trkpt>
  <trkpt lat="44.70232072" lon="-0.78072733"><ele>64.422</ele><time>2026-08-22T09:10:29Z</time><speed>0.000</speed><sat>31</sat></trkpt>
  <trkpt lat="44.70232101" lon="-0.78072773"><ele>64.421</ele><time>2026-08-22T09:10:30Z</time><speed>0.000</speed><sat>31</sat></trkpt>
  <trkpt lat="44.70232119" lon="-0.78072785"><ele>64.427</ele><time>2026-08-22T09:10:31Z</time><speed>0.000</speed><sat>31</sat></trkpt>
  <trkpt lat="44.70232134" lon="-0.78072820"><ele>64.414</ele><time>2026-08-22T09:10:32Z</time><speed>0.000</speed><sat>30</sat></trkpt>
  <trkpt lat="44.70232141" lon="-0.78072828"><ele>64.413</ele><time>2026-08-22T09:10:33Z</time><speed>0.000</speed><sat>29</sat></trkpt>
  <trkpt lat="44.70232148" lon="-0.78072833"><ele>64.414</ele><time>2026-08-22T09:10:34Z</time><speed>0.000</speed><sat>29</sat></trkpt>
  <trkpt lat="44.70232163" lon="-0.78072845"><ele>64.423</ele><time>2026-08-22T09:10:35Z</time><speed>0.000</speed><sat>29</sat></trkpt>
  <trkpt lat="44.70232169" lon="-0.78072847"><ele>64.422</ele><time>2026-08-22T09:10:36Z</time><speed>0.000</speed><sat>29</sat></trkpt>
  <trkpt lat="44.70232162" lon="-0.78072842"><ele>64.408</ele><time>2026-08-22T09:10:37Z</time><speed>0.000</speed><sat>30</sat></trkpt>
  <trkpt lat="44.70232188" lon="-0.78072864"><ele>64.430</ele><time>2026-08-22T09:10:38Z</time><speed>0.000</speed><sat>30</sat></trkpt>
  <trkpt lat="44.70232200" lon="-0.78072858"><ele>64.420</ele><time>2026-08-22T09:10:39Z</time><speed>0.000</speed><sat>33</sat></trkpt>
  <trkpt lat="44.70232210" lon="-0.78072850"><ele>64.427</ele><time>2026-08-22T09:10:40Z</time><speed>0.000</speed><sat>34</sat></trkpt>
  <trkpt lat="44.70232215" lon="-0.78072830"><ele>64.430</ele><time>2026-08-22T09:10:41Z</time><speed>0.000</speed><sat>34</sat></trkpt>
  <trkpt lat="44.70232222" lon="-0.78072818"><ele>64.438</ele><time>2026-08-22T09:10:42Z</time><speed>0.000</speed><sat>34</sat></trkpt>
  <trkpt lat="44.70232227" lon="-0.78072811"><ele>64.446</ele><time>2026-08-22T09:10:43Z</time><speed>0.000</speed><sat>34</sat></trkpt>
  <trkpt lat="44.70232228" lon="-0.78072808"><ele>64.438</ele><time>2026-08-22T09:10:44Z</time><speed>0.000</speed><sat>34</sat></trkpt>
  <trkpt lat="44.70232411" lon="-0.78072738"><ele>64.487</ele><time>2026-08-22T09:10:45Z</time><speed>0.180</speed><sat>34</sat></trkpt>
  <trkpt lat="44.70232596" lon="-0.78072666"><ele>64.578</ele><time>2026-08-22T09:10:46Z</time><speed>0.180</speed><sat>34</sat></trkpt>
  <trkpt lat="44.70232699" lon="-0.78072586"><ele>64.771</ele><time>2026-08-22T09:10:47Z</time><speed>0.000</speed><sat>33</sat></trkpt>
  <trkpt lat="44.70232743" lon="-0.78072700"><ele>64.685</ele><time>2026-08-22T09:10:48Z</time><speed>0.000</speed><sat>33</sat></trkpt>
  <trkpt lat="44.70232768" lon="-0.78072736"><ele>64.655</ele><time>2026-08-22T09:10:49Z</time><speed>0.000</speed><sat>30</sat></trkpt>
  <trkpt lat="44.70232780" lon="-0.78072745"><ele>64.671</ele><time>2026-08-22T09:10:50Z</time><speed>0.000</speed><sat>30</sat></trkpt>
  <trkpt lat="44.70232936" lon="-0.78072687"><ele>64.311</ele><time>2026-08-22T09:10:51Z</time><speed>0.000</speed><sat>31</sat></trkpt>
  <trkpt lat="44.70234707" lon="-0.78072392"><ele>62.868</ele><time>2026-08-22T09:10:52Z</time><speed>1.330</speed><sat>32</sat></trkpt>
  <trkpt lat="44.70236095" lon="-0.78071534"><ele>61.982</ele><time>2026-08-22T09:10:53Z</time><speed>1.530</speed><sat>32</sat></trkpt>
  <trkpt lat="44.70236364" lon="-0.78071637"><ele>61.881</ele><time>2026-08-22T09:10:54Z</time><speed>0.470</speed><sat>34</sat></trkpt>
  <trkpt lat="44.70236205" lon="-0.78071976"><ele>62.074</ele><time>2026-08-22T09:10:55Z</time><speed>0.000</speed><sat>34</sat></trkpt>
  <trkpt lat="44.70236141" lon="-0.78072113"><ele>62.074</ele><time>2026-08-22T09:10:56Z</time><speed>0.000</speed><sat>34</sat></trkpt>
  <trkpt lat="44.70236121" lon="-0.78072176"><ele>62.076</ele><time>2026-08-22T09:10:57Z</time><speed>0.000</speed><sat>34</sat></trkpt>
  <trkpt lat="44.70236155" lon="-0.78072240"><ele>62.126</ele><time>2026-08-22T09:10:58Z</time><speed>0.000</speed><sat>34</sat></trkpt>
  <trkpt lat="44.70236155" lon="-0.78072298"><ele>62.121</ele><time>2026-08-22T09:10:59Z</time><speed>0.000</speed><sat>34</sat></trkpt>
  <trkpt lat="44.70236180" lon="-0.78072385"><ele>62.202</ele><time>2026-08-22T09:11:00Z</time><speed>0.000</speed><sat>34</sat></trkpt>
  <trkpt lat="44.70236155" lon="-0.78072646"><ele>62.432</ele><time>2026-08-22T09:11:01Z</time><speed>0.000</speed><sat>34</sat></trkpt>
  <trkpt lat="44.70236134" lon="-0.78072933"><ele>62.415</ele><time>2026-08-22T09:11:02Z</time><speed>0.000</speed><sat>34</sat></trkpt>
  <trkpt lat="44.70236117" lon="-0.78073007"><ele>62.392</ele><time>2026-08-22T09:11:03Z</time><speed>0.000</speed><sat>34</sat></trkpt>
  <trkpt lat="44.70236084" lon="-0.78073040"><ele>62.358</ele><time>2026-08-22T09:11:04Z</time><speed>0.000</speed><sat>34</sat></trkpt>
  <trkpt lat="44.70236044" lon="-0.78073057"><ele>62.310</ele><time>2026-08-22T09:11:05Z</time><speed>0.000</speed><sat>33</sat></trkpt>
  <trkpt lat="44.70236008" lon="-0.78073060"><ele>62.272</ele><time>2026-08-22T09:11:06Z</time><speed>0.000</speed><sat>33</sat></trkpt>
  <trkpt lat="44.70235978" lon="-0.78073068"><ele>62.235</ele><time>2026-08-22T09:11:07Z</time><speed>0.000</speed><sat>33</sat></trkpt>
  <trkpt lat="44.70235955" lon="-0.78073070"><ele>62.207</ele><time>2026-08-22T09:11:08Z</time><speed>0.000</speed><sat>33</sat></trkpt>
  <trkpt lat="44.70235934" lon="-0.78073076"><ele>62.177</ele><time>2026-08-22T09:11:09Z</time><speed>0.000</speed><sat>31</sat></trkpt>
  <trkpt lat="44.70235911" lon="-0.78073060"><ele>62.139</ele><time>2026-08-22T09:11:10Z</time><speed>0.000</speed><sat>30</sat></trkpt>
  <trkpt lat="44.70235896" lon="-0.78073057"><ele>62.135</ele><time>2026-08-22T09:11:11Z</time><speed>0.000</speed><sat>28</sat></trkpt>
  <trkpt lat="44.70235875" lon="-0.78073055"><ele>62.094</ele><time>2026-08-22T09:11:12Z</time><speed>0.000</speed><sat>29</sat></trkpt>
  <trkpt lat="44.70235830" lon="-0.78073043"><ele>61.999</ele><time>2026-08-22T09:11:13Z</time><speed>0.000</speed><sat>32</sat></trkpt>
  <trkpt lat="44.70235799" lon="-0.78073042"><ele>61.981</ele><time>2026-08-22T09:11:14Z</time><speed>0.000</speed><sat>33</sat></trkpt>
  <trkpt lat="44.70235776" lon="-0.78073053"><ele>61.947</ele><time>2026-08-22T09:11:15Z</time><speed>0.000</speed><sat>33</sat></trkpt>
  <trkpt lat="44.70235755" lon="-0.78073060"><ele>61.951</ele><time>2026-08-22T09:11:16Z</time><speed>0.000</speed><sat>34</sat></trkpt>
  <trkpt lat="44.70235744" lon="-0.78073079"><ele>61.949</ele><time>2026-08-22T09:11:17Z</time><speed>0.000</speed><sat>34</sat></trkpt>
  <trkpt lat="44.70235732" lon="-0.78073071"><ele>61.935</ele><time>2026-08-22T09:11:18Z</time><speed>0.000</speed><sat>33</sat></trkpt>
  <trkpt lat="44.70235704" lon="-0.78073062"><ele>61.887</ele><time>2026-08-22T09:11:19Z</time><speed>0.000</speed><sat>33</sat></trkpt>
  <trkpt lat="44.70235687" lon="-0.78073056"><ele>61.872</ele><time>2026-08-22T09:11:20Z</time><speed>0.000</speed><sat>33</sat></trkpt>
  <trkpt lat="44.70235655" lon="-0.78073057"><ele>61.815</ele><time>2026-08-22T09:11:21Z</time><speed>0.000</speed><sat>33</sat></trkpt>
  <trkpt lat="44.70235628" lon="-0.78073087"><ele>61.791</ele><time>2026-08-22T09:11:22Z</time><speed>0.000</speed><sat>33</sat></trkpt>
  <trkpt lat="44.70235606" lon="-0.78073106"><ele>61.772</ele><time>2026-08-22T09:11:23Z</time><speed>0.000</speed><sat>33</sat></trkpt>
  <trkpt lat="44.70235588" lon="-0.78073114"><ele>61.758</ele><time>2026-08-22T09:11:24Z</time><speed>0.000</speed><sat>33</sat></trkpt>
  <trkpt lat="44.70235496" lon="-0.78072922"><ele>61.617</ele><time>2026-08-22T09:11:25Z</time><speed>0.180</speed><sat>33</sat></trkpt>
  <trkpt lat="44.70235381" lon="-0.78072895"><ele>61.644</ele><time>2026-08-22T09:11:26Z</time><speed>0.000</speed><sat>33</sat></trkpt>
  <trkpt lat="44.70235227" lon="-0.78073022"><ele>61.749</ele><time>2026-08-22T09:11:27Z</time><speed>0.160</speed><sat>33</sat></trkpt>
  <trkpt lat="44.70235030" lon="-0.78073115"><ele>61.781</ele><time>2026-08-22T09:11:28Z</time><speed>0.000</speed><sat>33</sat></trkpt>
  <trkpt lat="44.70234967" lon="-0.78073138"><ele>61.787</ele><time>2026-08-22T09:11:29Z</time><speed>0.000</speed><sat>33</sat></trkpt>
  <trkpt lat="44.70234948" lon="-0.78073158"><ele>61.781</ele><time>2026-08-22T09:11:30Z</time><speed>0.000</speed><sat>32</sat></trkpt>
  <trkpt lat="44.70234932" lon="-0.78073164"><ele>61.786</ele><time>2026-08-22T09:11:31Z</time><speed>0.000</speed><sat>32</sat></trkpt>
  <trkpt lat="44.70234919" lon="-0.78073189"><ele>61.789</ele><time>2026-08-22T09:11:32Z</time><speed>0.000</speed><sat>32</sat></trkpt>
  <trkpt lat="44.70234915" lon="-0.78073220"><ele>61.804</ele><time>2026-08-22T09:11:33Z</time><speed>0.000</speed><sat>31</sat></trkpt>
  <trkpt lat="44.70234912" lon="-0.78073222"><ele>61.791</ele><time>2026-08-22T09:11:34Z</time><speed>0.000</speed><sat>31</sat></trkpt>
  <trkpt lat="44.70234915" lon="-0.78073222"><ele>61.791</ele><time>2026-08-22T09:11:35Z</time><speed>0.000</speed><sat>32</sat></trkpt>
  <trkpt lat="44.70234902" lon="-0.78073233"><ele>61.774</ele><time>2026-08-22T09:11:36Z</time><speed>0.000</speed><sat>32</sat></trkpt>
  <trkpt lat="44.70234888" lon="-0.78073239"><ele>61.766</ele><time>2026-08-22T09:11:37Z</time><speed>0.000</speed><sat>33</sat></trkpt>
  <trkpt lat="44.70234871" lon="-0.78073252"><ele>61.758</ele><time>2026-08-22T09:11:38Z</time><speed>0.000</speed><sat>33</sat></trkpt>
  <trkpt lat="44.70234868" lon="-0.78073257"><ele>61.757</ele><time>2026-08-22T09:11:39Z</time><speed>0.000</speed><sat>32</sat></trkpt>
  <trkpt lat="44.70234861" lon="-0.78073255"><ele>61.733</ele><time>2026-08-22T09:11:40Z</time><speed>0.000</speed><sat>32</sat></trkpt>
  <trkpt lat="44.70234852" lon="-0.78073264"><ele>61.726</ele><time>2026-08-22T09:11:41Z</time><speed>0.000</speed><sat>31</sat></trkpt>
  <trkpt lat="44.70234834" lon="-0.78073276"><ele>61.725</ele><time>2026-08-22T09:11:42Z</time><speed>0.000</speed><sat>31</sat></trkpt>
  <trkpt lat="44.70234819" lon="-0.78073262"><ele>61.719</ele><time>2026-08-22T09:11:43Z</time><speed>0.000</speed><sat>31</sat></trkpt>
  <trkpt lat="44.70234815" lon="-0.78073267"><ele>61.721</ele><time>2026-08-22T09:11:44Z</time><speed>0.000</speed><sat>30</sat></trkpt>
  <trkpt lat="44.70234799" lon="-0.78073260"><ele>61.711</ele><time>2026-08-22T09:11:45Z</time><speed>0.000</speed><sat>30</sat></trkpt>
  <trkpt lat="44.70234781" lon="-0.78073242"><ele>61.696</ele><time>2026-08-22T09:11:46Z</time><speed>0.000</speed><sat>31</sat></trkpt>
  <trkpt lat="44.70234760" lon="-0.78073246"><ele>61.686</ele><time>2026-08-22T09:11:47Z</time><speed>0.000</speed><sat>31</sat></trkpt>
  <trkpt lat="44.70234743" lon="-0.78073239"><ele>61.677</ele><time>2026-08-22T09:11:48Z</time><speed>0.000</speed><sat>31</sat></trkpt>
  <trkpt lat="44.70234733" lon="-0.78073230"><ele>61.666</ele><time>2026-08-22T09:11:49Z</time><speed>0.000</speed><sat>31</sat></trkpt>
  <trkpt lat="44.70234728" lon="-0.78073226"><ele>61.667</ele><time>2026-08-22T09:11:50Z</time><speed>0.000</speed><sat>30</sat></trkpt>
  <trkpt lat="44.70234737" lon="-0.78073204"><ele>61.670</ele><time>2026-08-22T09:11:51Z</time><speed>0.000</speed><sat>30</sat></trkpt>
  <trkpt lat="44.70234735" lon="-0.78073194"><ele>61.667</ele><time>2026-08-22T09:11:52Z</time><speed>0.000</speed><sat>30</sat></trkpt>
  <trkpt lat="44.70234728" lon="-0.78073198"><ele>61.667</ele><time>2026-08-22T09:11:53Z</time><speed>0.000</speed><sat>31</sat></trkpt>
  <trkpt lat="44.70234724" lon="-0.78073204"><ele>61.663</ele><time>2026-08-22T09:11:54Z</time><speed>0.000</speed><sat>29</sat></trkpt>
  <trkpt lat="44.70234718" lon="-0.78073223"><ele>61.664</ele><time>2026-08-22T09:11:55Z</time><speed>0.000</speed><sat>28</sat></trkpt>
  <trkpt lat="44.70234718" lon="-0.78073213"><ele>61.659</ele><time>2026-08-22T09:11:56Z</time><speed>0.000</speed><sat>27</sat></trkpt>
  <trkpt lat="44.70234713" lon="-0.78073217"><ele>61.647</ele><time>2026-08-22T09:11:57Z</time><speed>0.000</speed><sat>28</sat></trkpt>
  <trkpt lat="44.70234707" lon="-0.78073223"><ele>61.644</ele><time>2026-08-22T09:11:58Z</time><speed>0.000</speed><sat>28</sat></trkpt>
  <trkpt lat="44.70234697" lon="-0.78073241"><ele>61.645</ele><time>2026-08-22T09:11:59Z</time><speed>0.000</speed><sat>27</sat></trkpt>
  <trkpt lat="44.70234702" lon="-0.78073249"><ele>61.651</ele><time>2026-08-22T09:12:00Z</time><speed>0.000</speed><sat>28</sat></trkpt>
  <trkpt lat="44.70234568" lon="-0.78073440"><ele>61.506</ele><time>2026-08-22T09:12:01Z</time><speed>0.190</speed><sat>26</sat></trkpt>
  <trkpt lat="44.70233991" lon="-0.78073189"><ele>61.717</ele><time>2026-08-22T09:12:02Z</time><speed>0.000</speed><sat>27</sat></trkpt>
  <trkpt lat="44.70233796" lon="-0.78073097"><ele>61.671</ele><time>2026-08-22T09:12:03Z</time><speed>0.000</speed><sat>31</sat></trkpt>
  <trkpt lat="44.70233732" lon="-0.78073071"><ele>61.651</ele><time>2026-08-22T09:12:04Z</time><speed>0.000</speed><sat>31</sat></trkpt>
  <trkpt lat="44.70233702" lon="-0.78073069"><ele>61.649</ele><time>2026-08-22T09:12:05Z</time><speed>0.000</speed><sat>31</sat></trkpt>
  <trkpt lat="44.70233689" lon="-0.78073064"><ele>61.644</ele><time>2026-08-22T09:12:06Z</time><speed>0.000</speed><sat>30</sat></trkpt>
  <trkpt lat="44.70233678" lon="-0.78073064"><ele>61.650</ele><time>2026-08-22T09:12:07Z</time><speed>0.000</speed><sat>30</sat></trkpt>
  <trkpt lat="44.70233676" lon="-0.78073071"><ele>61.648</ele><time>2026-08-22T09:12:08Z</time><speed>0.000</speed><sat>30</sat></trkpt>
  <trkpt lat="44.70233655" lon="-0.78073038"><ele>61.627</ele><time>2026-08-22T09:12:09Z</time><speed>0.000</speed><sat>28</sat></trkpt>
  <trkpt lat="44.70233614" lon="-0.78072337"><ele>61.779</ele><time>2026-08-22T09:12:10Z</time><speed>0.530</speed><sat>28</sat></trkpt>
  <trkpt lat="44.70233471" lon="-0.78072132"><ele>61.788</ele><time>2026-08-22T09:12:11Z</time><speed>0.000</speed><sat>28</sat></trkpt>
  <trkpt lat="44.70233431" lon="-0.78072114"><ele>61.788</ele><time>2026-08-22T09:12:12Z</time><speed>0.000</speed><sat>28</sat></trkpt>
  <trkpt lat="44.70233419" lon="-0.78072111"><ele>61.789</ele><time>2026-08-22T09:12:13Z</time><speed>0.000</speed><sat>30</sat></trkpt>
  <trkpt lat="44.70233129" lon="-0.78071763"><ele>61.769</ele><time>2026-08-22T09:12:14Z</time><speed>0.410</speed><sat>31</sat></trkpt>
  <trkpt lat="44.70232228" lon="-0.78071785"><ele>61.925</ele><time>2026-08-22T09:12:15Z</time><speed>0.760</speed><sat>31</sat></trkpt>
  <trkpt lat="44.70231518" lon="-0.78072660"><ele>61.911</ele><time>2026-08-22T09:12:16Z</time><speed>0.810</speed><sat>32</sat></trkpt>
  <trkpt lat="44.70231379" lon="-0.78073426"><ele>61.718</ele><time>2026-08-22T09:12:17Z</time><speed>0.360</speed><sat>32</sat></trkpt>
  <trkpt lat="44.70231320" lon="-0.78073711"><ele>61.763</ele><time>2026-08-22T09:12:18Z</time><speed>0.000</speed><sat>32</sat></trkpt>
  <trkpt lat="44.70231325" lon="-0.78073830"><ele>61.695</ele><time>2026-08-22T09:12:19Z</time><speed>0.000</speed><sat>32</sat></trkpt>
  <trkpt lat="44.70230469" lon="-0.78073932"><ele>61.874</ele><time>2026-08-22T09:12:20Z</time><speed>0.730</speed><sat>32</sat></trkpt>
  <trkpt lat="44.70228800" lon="-0.78074390"><ele>62.011</ele><time>2026-08-22T09:12:21Z</time><speed>1.550</speed><sat>32</sat></trkpt>
  <trkpt lat="44.70228261" lon="-0.78075889"><ele>62.280</ele><time>2026-08-22T09:12:22Z</time><speed>1.350</speed><sat>32</sat></trkpt>
  <trkpt lat="44.70228786" lon="-0.78077344"><ele>62.474</ele><time>2026-08-22T09:12:23Z</time><speed>0.990</speed><sat>31</sat></trkpt>
  <trkpt lat="44.70229199" lon="-0.78077673"><ele>62.460</ele><time>2026-08-22T09:12:24Z</time><speed>0.000</speed><sat>31</sat></trkpt>
  <trkpt lat="44.70229284" lon="-0.78077694"><ele>62.456</ele><time>2026-08-22T09:12:25Z</time><speed>0.000</speed><sat>31</sat></trkpt>
  <trkpt lat="44.70229305" lon="-0.78077690"><ele>62.452</ele><time>2026-08-22T09:12:26Z</time><speed>0.000</speed><sat>30</sat></trkpt>
  <trkpt lat="44.70230470" lon="-0.78077336"><ele>62.785</ele><time>2026-08-22T09:12:27Z</time><speed>1.550</speed><sat>30</sat></trkpt>
  <trkpt lat="44.70230979" lon="-0.78076716"><ele>62.598</ele><time>2026-08-22T09:12:28Z</time><speed>0.450</speed><sat>30</sat></trkpt>
  <trkpt lat="44.70231426" lon="-0.78076413"><ele>62.914</ele><time>2026-08-22T09:12:29Z</time><speed>0.520</speed><sat>30</sat></trkpt>
  <trkpt lat="44.70231966" lon="-0.78076044"><ele>62.890</ele><time>2026-08-22T09:12:30Z</time><speed>0.380</speed><sat>30</sat></trkpt>
  <trkpt lat="44.70233194" lon="-0.78075166"><ele>63.029</ele><time>2026-08-22T09:12:31Z</time><speed>1.460</speed><sat>31</sat></trkpt>
  <trkpt lat="44.70234072" lon="-0.78074394"><ele>63.806</ele><time>2026-08-22T09:12:32Z</time><speed>0.940</speed><sat>31</sat></trkpt>
  <trkpt lat="44.70234421" lon="-0.78073899"><ele>63.936</ele><time>2026-08-22T09:12:33Z</time><speed>0.420</speed><sat>31</sat></trkpt>
  <trkpt lat="44.70234415" lon="-0.78073113"><ele>63.636</ele><time>2026-08-22T09:12:34Z</time><speed>0.670</speed><sat>30</sat></trkpt>
  <trkpt lat="44.70234190" lon="-0.78071836"><ele>63.848</ele><time>2026-08-22T09:12:35Z</time><speed>0.920</speed><sat>30</sat></trkpt>
  <trkpt lat="44.70233963" lon="-0.78070387"><ele>63.728</ele><time>2026-08-22T09:12:36Z</time><speed>0.920</speed><sat>29</sat></trkpt>
  <trkpt lat="44.70233888" lon="-0.78069198"><ele>63.754</ele><time>2026-08-22T09:12:37Z</time><speed>0.790</speed><sat>30</sat></trkpt>
  <trkpt lat="44.70234132" lon="-0.78068181"><ele>63.819</ele><time>2026-08-22T09:12:38Z</time><speed>0.800</speed><sat>32</sat></trkpt>
  <trkpt lat="44.70234277" lon="-0.78066786"><ele>63.460</ele><time>2026-08-22T09:12:39Z</time><speed>0.890</speed><sat>33</sat></trkpt>
  <trkpt lat="44.70234460" lon="-0.78066165"><ele>63.504</ele><time>2026-08-22T09:12:40Z</time><speed>0.630</speed><sat>32</sat></trkpt>
  <trkpt lat="44.70234486" lon="-0.78066226"><ele>63.524</ele><time>2026-08-22T09:12:41Z</time><speed>0.290</speed><sat>31</sat></trkpt>
  <trkpt lat="44.70234574" lon="-0.78066114"><ele>63.291</ele><time>2026-08-22T09:12:42Z</time><speed>0.480</speed><sat>32</sat></trkpt>
  <trkpt lat="44.70234666" lon="-0.78066205"><ele>63.096</ele><time>2026-08-22T09:12:43Z</time><speed>0.360</speed><sat>32</sat></trkpt>
  <trkpt lat="44.70234873" lon="-0.78066434"><ele>63.033</ele><time>2026-08-22T09:12:44Z</time><speed>0.410</speed><sat>31</sat></trkpt>
  <trkpt lat="44.70235077" lon="-0.78066749"><ele>63.243</ele><time>2026-08-22T09:12:45Z</time><speed>0.320</speed><sat>31</sat></trkpt>
  <trkpt lat="44.70235192" lon="-0.78066864"><ele>63.350</ele><time>2026-08-22T09:12:46Z</time><speed>0.240</speed><sat>31</sat></trkpt>
  <trkpt lat="44.70235232" lon="-0.78066884"><ele>63.057</ele><time>2026-08-22T09:12:47Z</time><speed>0.260</speed><sat>31</sat></trkpt>
  <trkpt lat="44.70235401" lon="-0.78066742"><ele>63.055</ele><time>2026-08-22T09:12:48Z</time><speed>0.350</speed><sat>31</sat></trkpt>
  <trkpt lat="44.70235493" lon="-0.78067223"><ele>63.339</ele><time>2026-08-22T09:12:49Z</time><speed>0.580</speed><sat>31</sat></trkpt>
  <trkpt lat="44.70236204" lon="-0.78067209"><ele>63.351</ele><time>2026-08-22T09:12:50Z</time><speed>0.990</speed><sat>31</sat></trkpt>
  <trkpt lat="44.70235930" lon="-0.78067979"><ele>63.754</ele><time>2026-08-22T09:12:51Z</time><speed>0.510</speed><sat>31</sat></trkpt>
  <trkpt lat="44.70235724" lon="-0.78068441"><ele>63.764</ele><time>2026-08-22T09:12:52Z</time><speed>0.290</speed><sat>29</sat></trkpt>
  <trkpt lat="44.70235643" lon="-0.78068902"><ele>63.726</ele><time>2026-08-22T09:12:53Z</time><speed>0.330</speed><sat>30</sat></trkpt>
  <trkpt lat="44.70235494" lon="-0.78069343"><ele>63.580</ele><time>2026-08-22T09:12:54Z</time><speed>0.410</speed><sat>29</sat></trkpt>
  <trkpt lat="44.70235182" lon="-0.78069416"><ele>63.302</ele><time>2026-08-22T09:12:55Z</time><speed>0.290</speed><sat>29</sat></trkpt>
  <trkpt lat="44.70234869" lon="-0.78069341"><ele>63.242</ele><time>2026-08-22T09:12:56Z</time><speed>0.230</speed><sat>28</sat></trkpt>
  <trkpt lat="44.70234679" lon="-0.78069059"><ele>63.284</ele><time>2026-08-22T09:12:57Z</time><speed>0.000</speed><sat>29</sat></trkpt>
  <trkpt lat="44.70234632" lon="-0.78068981"><ele>63.282</ele><time>2026-08-22T09:12:58Z</time><speed>0.000</speed><sat>32</sat></trkpt>
  <trkpt lat="44.70234616" lon="-0.78068959"><ele>63.282</ele><time>2026-08-22T09:12:59Z</time><speed>0.000</speed><sat>32</sat></trkpt>
  <trkpt lat="44.70234455" lon="-0.78069080"><ele>63.260</ele><time>2026-08-22T09:13:00Z</time><speed>0.200</speed><sat>32</sat></trkpt>
  <trkpt lat="44.70234299" lon="-0.78069072"><ele>63.320</ele><time>2026-08-22T09:13:01Z</time><speed>0.000</speed><sat>32</sat></trkpt>
  <trkpt lat="44.70233893" lon="-0.78069231"><ele>63.561</ele><time>2026-08-22T09:13:02Z</time><speed>0.360</speed><sat>32</sat></trkpt>
  <trkpt lat="44.70233476" lon="-0.78069626"><ele>63.760</ele><time>2026-08-22T09:13:03Z</time><speed>0.510</speed><sat>32</sat></trkpt>
  <trkpt lat="44.70233356" lon="-0.78069622"><ele>63.787</ele><time>2026-08-22T09:13:04Z</time><speed>0.000</speed><sat>28</sat></trkpt>
  <trkpt lat="44.70233330" lon="-0.78069591"><ele>63.780</ele><time>2026-08-22T09:13:05Z</time><speed>0.000</speed><sat>30</sat></trkpt>
  <trkpt lat="44.70233000" lon="-0.78069453"><ele>63.692</ele><time>2026-08-22T09:13:06Z</time><speed>0.410</speed><sat>30</sat></trkpt>
  <trkpt lat="44.70232552" lon="-0.78068988"><ele>63.861</ele><time>2026-08-22T09:13:07Z</time><speed>0.320</speed><sat>30</sat></trkpt>
  <trkpt lat="44.70231971" lon="-0.78068262"><ele>64.330</ele><time>2026-08-22T09:13:08Z</time><speed>0.780</speed><sat>30</sat></trkpt>
  <trkpt lat="44.70231966" lon="-0.78067638"><ele>64.031</ele><time>2026-08-22T09:13:09Z</time><speed>0.000</speed><sat>29</sat></trkpt>
  <trkpt lat="44.70231375" lon="-0.78065848"><ele>64.114</ele><time>2026-08-22T09:13:10Z</time><speed>1.150</speed><sat>29</sat></trkpt>
  <trkpt lat="44.70231094" lon="-0.78065304"><ele>64.492</ele><time>2026-08-22T09:13:11Z</time><speed>0.430</speed><sat>29</sat></trkpt>
  <trkpt lat="44.70230900" lon="-0.78065262"><ele>64.407</ele><time>2026-08-22T09:13:12Z</time><speed>0.200</speed><sat>29</sat></trkpt>
  <trkpt lat="44.70230766" lon="-0.78065658"><ele>64.831</ele><time>2026-08-22T09:13:13Z</time><speed>0.000</speed><sat>29</sat></trkpt>
  <trkpt lat="44.70230750" lon="-0.78066292"><ele>64.839</ele><time>2026-08-22T09:13:14Z</time><speed>0.000</speed><sat>29</sat></trkpt>
  <trkpt lat="44.70230766" lon="-0.78066488"><ele>64.827</ele><time>2026-08-22T09:13:15Z</time><speed>0.000</speed><sat>29</sat></trkpt>
  <trkpt lat="44.70230763" lon="-0.78066560"><ele>64.828</ele><time>2026-08-22T09:13:16Z</time><speed>0.000</speed><sat>29</sat></trkpt>
  <trkpt lat="44.70230781" lon="-0.78066628"><ele>64.832</ele><time>2026-08-22T09:13:17Z</time><speed>0.000</speed><sat>29</sat></trkpt>
  <trkpt lat="44.70230802" lon="-0.78066726"><ele>64.842</ele><time>2026-08-22T09:13:18Z</time><speed>0.000</speed><sat>29</sat></trkpt>
  <trkpt lat="44.70231205" lon="-0.78067238"><ele>64.765</ele><time>2026-08-22T09:13:19Z</time><speed>0.390</speed><sat>29</sat></trkpt>
  <trkpt lat="44.70231683" lon="-0.78067528"><ele>64.339</ele><time>2026-08-22T09:13:20Z</time><speed>0.270</speed><sat>29</sat></trkpt>
  <trkpt lat="44.70232547" lon="-0.78067362"><ele>63.613</ele><time>2026-08-22T09:13:21Z</time><speed>0.770</speed><sat>29</sat></trkpt>
  <trkpt lat="44.70233183" lon="-0.78067877"><ele>63.935</ele><time>2026-08-22T09:13:22Z</time><speed>0.620</speed><sat>29</sat></trkpt>
  <trkpt lat="44.70233815" lon="-0.78068938"><ele>63.487</ele><time>2026-08-22T09:13:23Z</time><speed>0.750</speed><sat>28</sat></trkpt>
  <trkpt lat="44.70234449" lon="-0.78069981"><ele>63.435</ele><time>2026-08-22T09:13:24Z</time><speed>0.660</speed><sat>28</sat></trkpt>
  <trkpt lat="44.70234880" lon="-0.78070890"><ele>63.216</ele><time>2026-08-22T09:13:25Z</time><speed>0.540</speed><sat>28</sat></trkpt>
  <trkpt lat="44.70235441" lon="-0.78071308"><ele>62.907</ele><time>2026-08-22T09:13:26Z</time><speed>0.700</speed><sat>28</sat></trkpt>
  <trkpt lat="44.70235556" lon="-0.78071845"><ele>62.762</ele><time>2026-08-22T09:13:27Z</time><speed>0.440</speed><sat>28</sat></trkpt>
  <trkpt lat="44.70235057" lon="-0.78072019"><ele>63.412</ele><time>2026-08-22T09:13:28Z</time><speed>0.000</speed><sat>28</sat></trkpt>
  <trkpt lat="44.70234911" lon="-0.78072068"><ele>63.411</ele><time>2026-08-22T09:13:29Z</time><speed>0.000</speed><sat>28</sat></trkpt>
  <trkpt lat="44.70235455" lon="-0.78072529"><ele>63.979</ele><time>2026-08-22T09:13:30Z</time><speed>0.830</speed><sat>30</sat></trkpt>
  <trkpt lat="44.70235908" lon="-0.78072650"><ele>64.272</ele><time>2026-08-22T09:13:31Z</time><speed>0.250</speed><sat>30</sat></trkpt>
  <trkpt lat="44.70236082" lon="-0.78072638"><ele>64.249</ele><time>2026-08-22T09:13:32Z</time><speed>0.000</speed><sat>31</sat></trkpt>
  <trkpt lat="44.70236031" lon="-0.78072632"><ele>64.426</ele><time>2026-08-22T09:13:33Z</time><speed>0.260</speed><sat>31</sat></trkpt>
  <trkpt lat="44.70236009" lon="-0.78072881"><ele>64.380</ele><time>2026-08-22T09:13:34Z</time><speed>0.260</speed><sat>31</sat></trkpt>
 </trkseg>
</trk>

</gpx>
 